id,name,surname,researchField,company_rank,profile,company_name,industry,city
1.0,Max,Sanchez,Software,,,,,
2.0,Hugo,Scott,Construction,,,,,
3.0,Chloe,Lombardi,Environmental Services,,,,,
4.0,Angelina,Thomas,Health,,,,,
5.0,Irene,Lee,Education,,,,,
6.0,Alice,Martin,Advertising & Marketing,,,,,
7.0,Laura,Lopez,Business Products & Services,,,,,
8.0,Leah,Lombardi,Business Products & Services,,,,,
9.0,Evelyn,Wright,Business Products & Services,,,,,
10.0,Christopher,Wright,Advertising & Marketing,,,,,
11.0,Rebecca,Rossi,Human Resources,,,,,
12.0,Jasmine,Walker,Software,,,,,
13.0,Nicholas,Carter,Software,,,,,
14.0,Elisa,Clark,Construction,,,,,
15.0,Max,Green,Food & Beverage,,,,,
16.0,Dimitris,Sanchez,Food & Beverage,,,,,
17.0,Catherine,Lopez,Software,,,,,
18.0,Joseph,Davis,Government Services,,,,,
19.0,Evelyn,Martin,Health,,,,,
20.0,Leah,Garcia,Media,,,,,
21.0,Isabella,Muller,Consumer Products & Services,,,,,
22.0,Oscar,Muller,Environmental Services,,,,,
23.0,Irene,Lopez,Business Products & Services,,,,,
24.0,Grace,Perez,Government Services,,,,,
25.0,Lucy,Young,Energy,,,,,
26.0,Penelope,Gonzalez,Software,,,,,
27.0,Harris,Jackson,Energy,,,,,
28.0,Christopher,Lombardi,IT Management,,,,,
29.0,Nicole,Hall,Advertising & Marketing,,,,,
30.0,Peter,Garcia,Advertising & Marketing,,,,,
31.0,Ivy,Thomas,Health,,,,,
32.0,Benjamin,Allen,Energy,,,,,
33.0,Lucas,Gonzalez,Consumer Products & Services,,,,,
34.0,Christos,Lombardi,Health,,,,,
35.0,Bianca,Garcia,Retail,,,,,
36.0,Roman,Clark,Real Estate,,,,,
37.0,James,Novak,Software,,,,,
38.0,Martin,Walker,Business Products & Services,,,,,
39.0,Evelyn,Horvath,Business Products & Services,,,,,
40.0,Christina,Martinez,Software,,,,,
41.0,Sara,Nielsen,IT Management,,,,,
42.0,Arthur,Sanchez,Financial Services,,,,,
43.0,Isabella,Wright,Engineering,,,,,
44.0,Sofia,Carter,Retail,,,,,
45.0,Henry,Perez,Software,,,,,
46.0,Roxanne,Kowalski,Advertising & Marketing,,,,,
47.0,Zoe,Jackson,Construction,,,,,
48.0,Irene,Johnson,Food & Beverage,,,,,
49.0,Dimitris,Lopez,Consumer Products & Services,,,,,
50.0,Diana,White,Advertising & Marketing,,,,,
51.0,David,King,Advertising & Marketing,,,,,
52.0,Michael,Moore,Human Resources,,,,,
53.0,Andreas,Perez,Construction,,,,,
54.0,Theodora,Brown,Business Products & Services,,,,,
55.0,Lucas,Baker,Financial Services,,,,,
56.0,Mark,Nielsen,Health,,,,,
57.0,James,Gonzalez,Advertising & Marketing,,,,,
58.0,Andreas,Thompson,Security,,,,,
59.0,Penelope,Kowalski,IT Management,,,,,
60.0,Leo,Gonzalez,Software,,,,,
61.0,Eva,Perez,Software,,,,,
62.0,Jack,Walker,Environmental Services,,,,,
63.0,Marina,Young,Education,,,,,
64.0,Richard,Hall,Logistics & Transportation,,,,,
65.0,Chloe,Walker,Insurance,,,,,
66.0,Leah,Thompson,Health,,,,,
67.0,Jack,Brown,Retail,,,,,
68.0,Maria,White,Telecommunications,,,,,
69.0,Christopher,Wright,Business Products & Services,,,,,
70.0,Alice,Dubois,Consumer Products & Services,,,,,
71.0,Noah,Martin,IT Management,,,,,
72.0,Chloe,Harris,IT Management,,,,,
73.0,Dimitris,Rossi,Education,,,,,
74.0,Veronica,Williams,Health,,,,,
75.0,Julia,Lee,Health,,,,,
76.0,Emily,Young,IT System Development,,,,,
77.0,Jack,Perez,Telecommunications,,,,,
78.0,Alice,Martin,Security,,,,,
79.0,Christina,Adams,Retail,,,,,
80.0,Georgia,Taylor,Software,,,,,
81.0,Elisa,Green,Health,,,,,
82.0,Maria,Moore,Business Products & Services,,,,,
83.0,Liam,Nielsen,Consumer Products & Services,,,,,
84.0,Anthony,Rossi,Media,,,,,
85.0,Matthew,Garcia,Government Services,,,,,
86.0,Leah,Mitchell,Health,,,,,
87.0,Martin,Mitchell,Financial Services,,,,,
88.0,Christina,Harris,Construction,,,,,
89.0,Leah,Martinez,Security,,,,,
90.0,Andreas,Carter,Advertising & Marketing,,,,,
91.0,Oscar,Green,Software,,,,,
92.0,Joseph,Johnson,Advertising & Marketing,,,,,
93.0,Nikoleta,Dubois,Financial Services,,,,,
94.0,Ivy,Johnson,Advertising & Marketing,,,,,
95.0,Roxanne,Robinson,Software,,,,,
96.0,Maria,Miller,IT Management,,,,,
97.0,Diana,Nielsen,Financial Services,,,,,
98.0,Oscar,Horvath,Software,,,,,
99.0,Christos,Harris,Construction,,,,,
100.0,Peter,Clark,Construction,,,,,
101.0,Natalie,Nielsen,Software,,,,,
102.0,Liam,Nielsen,Human Resources,,,,,
103.0,Eva,Baker,Government Services,,,,,
104.0,Victor,Jones,Retail,,,,,
105.0,Leo,Bianchi,Business Products & Services,,,,,
106.0,Anthony,Brown,Construction,,,,,
107.0,Angelina,Scott,Advertising & Marketing,,,,,
108.0,Stella,Moore,IT System Development,,,,,
109.0,Chloe,Lewis,Logistics & Transportation,,,,,
110.0,Stephen,Green,Environmental Services,,,,,
111.0,Angelina,Hernandez,Insurance,,,,,
112.0,Spyros,Taylor,Business Products & Services,,,,,
113.0,Dimitris,Green,Consumer Products & Services,,,,,
114.0,Penelope,Walker,IT Management,,,,,
115.0,Martin,Horvath,Financial Services,,,,,
116.0,Leo,Martin,Software,,,,,
117.0,Anthony,Lopez,Government Services,,,,,
118.0,Paula,Taylor,Financial Services,,,,,
119.0,Joseph,Lewis,Health,,,,,
120.0,Irene,Harris,Food & Beverage,,,,,
121.0,Roxanne,Perez,Human Resources,,,,,
122.0,Sofia,Moore,Manufacturing,,,,,
123.0,Isabella,Baker,Health,,,,,
124.0,Nikoleta,Dubois,Business Products & Services,,,,,
125.0,Christos,Jackson,Consumer Products & Services,,,,,
126.0,Dimitris,Smith,Retail,,,,,
127.0,Liam,Williams,Software,,,,,
128.0,Elisa,Johnson,Advertising & Marketing,,,,,
129.0,Olivia,Muller,Advertising & Marketing,,,,,
130.0,Timothy,Scott,Energy,,,,,
131.0,Oscar,Davis,Advertising & Marketing,,,,,
132.0,Harris,King,Software,,,,,
133.0,Nikoleta,Walker,Construction,,,,,
134.0,Georgia,Wright,Real Estate,,,,,
135.0,Nikoleta,Williams,Software,,,,,
136.0,Isabella,Taylor,Health,,,,,
137.0,Anna,Lopez,Consumer Products & Services,,,,,
138.0,Nicole,Lee,IT Services,,,,,
139.0,Christina,Johnson,Software,,,,,
140.0,Matthew,Martin,Manufacturing,,,,,
141.0,Joseph,Rossi,Construction,,,,,
142.0,Georgia,Nielsen,Government Services,,,,,
143.0,Jason,Novak,IT Management,,,,,
144.0,Bianca,Jackson,Advertising & Marketing,,,,,
145.0,Diana,Williams,Media,,,,,
146.0,Alice,White,Advertising & Marketing,,,,,
147.0,Victor,Schmidt,Business Products & Services,,,,,
148.0,Arthur,Garcia,Engineering,,,,,
149.0,Victor,Robinson,Software,,,,,
150.0,Stella,Bianchi,Construction,,,,,
151.0,Kostas,Walker,IT Management,,,,,
152.0,Eleni,Martinez,Construction,,,,,
153.0,Victor,Schmidt,Financial Services,,,,,
154.0,Grace,White,Software,,,,,
155.0,Julia,Miller,Business Products & Services,,,,,
156.0,Timothy,Jones,Software,,,,,
157.0,Nicole,Jones,Software,,,,,
158.0,Mark,King,Consumer Products & Services,,,,,
159.0,Nicole,Dubois,Health,,,,,
160.0,Spyros,Horvath,Logistics & Transportation,,,,,
161.0,William,Muller,Consumer Products & Services,,,,,
162.0,Andrew,Dubois,Health,,,,,
163.0,Evelyn,Perez,Financial Services,,,,,
164.0,Nadia,Johnson,Construction,,,,,
165.0,Kostas,Smith,Real Estate,,,,,
166.0,Grace,Schmidt,Software,,,,,
167.0,Christopher,Green,Advertising & Marketing,,,,,
168.0,Theodora,Carter,Business Products & Services,,,,,
169.0,Julia,Anderson,Manufacturing,,,,,
170.0,Max,Davis,Business Products & Services,,,,,
171.0,Michael,Schmidt,IT Management,,,,,
172.0,Kostas,Nelson,Food & Beverage,,,,,
173.0,Adrian,Walker,Advertising & Marketing,,,,,
174.0,Philip,Hernandez,Financial Services,,,,,
175.0,Roxanne,Carter,Financial Services,,,,,
176.0,Julia,Lee,Advertising & Marketing,,,,,
177.0,Christos,Gonzalez,Energy,,,,,
178.0,Penelope,Hall,Government Services,,,,,
179.0,Grace,King,Software,,,,,
180.0,Alex,Schmidt,Retail,,,,,
181.0,Leah,Johnson,Real Estate,,,,,
182.0,Julia,Lee,Advertising & Marketing,,,,,
183.0,Eleni,White,Health,,,,,
184.0,Lucas,Allen,Manufacturing,,,,,
185.0,Nicholas,Hernandez,Food & Beverage,,,,,
186.0,Theodora,Davis,Food & Beverage,,,,,
187.0,Eleni,Thompson,Business Products & Services,,,,,
188.0,Leo,Bianchi,IT System Development,,,,,
189.0,Helen,Adams,Real Estate,,,,,
190.0,Leah,Sanchez,Health,,,,,
191.0,Stephen,Robinson,Retail,,,,,
192.0,Nicholas,Lopez,Engineering,,,,,
193.0,Evelyn,Hall,Health,,,,,
194.0,Georgia,Miller,Food & Beverage,,,,,
195.0,Zoe,Martin,Construction,,,,,
196.0,Maria,Perez,Manufacturing,,,,,
197.0,Matthew,Baker,Business Products & Services,,,,,
198.0,Adrian,White,Travel & Hospitality,,,,,
199.0,Benjamin,Sanchez,Human Resources,,,,,
200.0,Leo,Lopez,Business Products & Services,,,,,
201.0,Marta,Novak,Human Resources,,,,,
202.0,Chloe,Green,Business Products & Services,,,,,
203.0,Leo,King,Engineering,,,,,
204.0,Adrian,Jackson,Software,,,,,
205.0,Joseph,Robinson,Business Products & Services,,,,,
206.0,Katerina,Johnson,Government Services,,,,,
207.0,Alex,Wright,Business Products & Services,,,,,
208.0,Christina,Dubois,Financial Services,,,,,
209.0,Marta,Walker,Financial Services,,,,,
210.0,George,Lewis,Security,,,,,
211.0,Marina,Muller,Retail,,,,,
212.0,Thomas,Green,IT Management,,,,,
213.0,Maria,Horvath,Real Estate,,,,,
214.0,Joseph,Davis,Software,,,,,
215.0,Rebecca,Young,Retail,,,,,
216.0,Roxanne,Martin,Government Services,,,,,
217.0,Timothy,Adams,Telecommunications,,,,,
218.0,Samuel,Johnson,Construction,,,,,
219.0,Irene,Walker,Advertising & Marketing,,,,,
220.0,Maya,Nielsen,Advertising & Marketing,,,,,
221.0,Ivy,Martin,Government Services,,,,,
222.0,Ivy,Young,IT Services,,,,,
223.0,Harris,Lewis,Business Products & Services,,,,,
224.0,Maya,Sanchez,Health,,,,,
225.0,Zoe,Adams,Business Products & Services,,,,,
226.0,Noah,Davis,Business Products & Services,,,,,
227.0,Angelina,Bianchi,Health,,,,,
228.0,Sara,Lee,Business Products & Services,,,,,
229.0,Adrian,Harris,Government Services,,,,,
230.0,Arthur,Anderson,Advertising & Marketing,,,,,
231.0,Victor,Rossi,Environmental Services,,,,,
232.0,Marta,Miller,Business Products & Services,,,,,
233.0,Penelope,Davis,Software,,,,,
234.0,Chloe,Baker,Software,,,,,
235.0,Roman,Taylor,Software,,,,,
236.0,Hugo,Moore,Travel & Hospitality,,,,,
237.0,William,Wright,Business Products & Services,,,,,
238.0,Adrian,Nelson,IT System Development,,,,,
239.0,Ivy,Jackson,Business Products & Services,,,,,
240.0,Nadia,Miller,Food & Beverage,,,,,
241.0,Leo,Anderson,Business Products & Services,,,,,
242.0,Nikos,Walker,Logistics & Transportation,,,,,
243.0,Catherine,Mitchell,Logistics & Transportation,,,,,
244.0,Martin,Sanchez,Education,,,,,
245.0,Anthony,Scott,Advertising & Marketing,,,,,
246.0,Eleni,Dubois,Business Products & Services,,,,,
247.0,Richard,Adams,Financial Services,,,,,
248.0,Martin,Muller,Logistics & Transportation,,,,,
249.0,Nicholas,Martin,Advertising & Marketing,,,,,
250.0,Paul,Brown,Business Products & Services,,,,,
251.0,Lydia,Nielsen,Computer Hardware,,,,,
252.0,Theodora,Wright,Computer Hardware,,,,,
253.0,Lucas,Thompson,Software,,,,,
254.0,Jason,Perez,Retail,,,,,
255.0,Katerina,Lee,Financial Services,,,,,
256.0,Victor,Schmidt,Health,,,,,
257.0,Chloe,Harris,Consumer Products & Services,,,,,
258.0,Matthew,Anderson,Engineering,,,,,
259.0,Julia,Williams,IT System Development,,,,,
260.0,Georgia,Gonzalez,IT Management,,,,,
261.0,Nicholas,Novak,Software,,,,,
262.0,Zoe,Adams,Construction,,,,,
263.0,Isabella,Carter,Business Products & Services,,,,,
264.0,Liam,Perez,Engineering,,,,,
265.0,Daniel,Smith,IT Management,,,,,
266.0,Olivia,White,Business Products & Services,,,,,
267.0,Max,Novak,Software,,,,,
268.0,Laura,Moore,Insurance,,,,,
269.0,Eleni,Muller,Business Products & Services,,,,,
270.0,Irene,Baker,Business Products & Services,,,,,
271.0,Roxanne,Wright,Logistics & Transportation,,,,,
272.0,Thomas,Green,Business Products & Services,,,,,
273.0,Gregory,Wright,Health,,,,,
274.0,Victoria,Gonzalez,Construction,,,,,
275.0,Peter,Bianchi,Financial Services,,,,,
276.0,Vasilis,Jackson,Telecommunications,,,,,
277.0,Lucas,Gonzalez,Financial Services,,,,,
278.0,Nicole,Allen,Consumer Products & Services,,,,,
279.0,Roman,Horvath,Software,,,,,
280.0,Olivia,Sanchez,Software,,,,,
281.0,Hugo,King,Health,,,,,
282.0,Dimitris,Baker,Software,,,,,
283.0,Harris,Schmidt,Financial Services,,,,,
284.0,Peter,Dubois,Insurance,,,,,
285.0,Patricia,Miller,Education,,,,,
286.0,Vasilis,Davis,Government Services,,,,,
287.0,Eleni,Hall,Business Products & Services,,,,,
288.0,Adrian,Novak,Software,,,,,
289.0,Benjamin,Jones,Financial Services,,,,,
290.0,David,Robinson,Manufacturing,,,,,
291.0,Victor,Martinez,Telecommunications,,,,,
292.0,Robert,Muller,Human Resources,,,,,
293.0,Natalie,Smith,Consumer Products & Services,,,,,
294.0,Benjamin,Taylor,Software,,,,,
295.0,Eleni,Scott,IT Management,,,,,
296.0,Robert,Schmidt,Advertising & Marketing,,,,,
297.0,Julia,Garcia,Construction,,,,,
298.0,Marta,Taylor,Logistics & Transportation,,,,,
299.0,Spyros,Hernandez,Consumer Products & Services,,,,,
300.0,George,Young,Business Products & Services,,,,,
301.0,Alex,Garcia,Computer Hardware,,,,,
302.0,Harris,Williams,Business Products & Services,,,,,
303.0,Alexandra,Hall,Engineering,,,,,
304.0,Athena,Wright,Logistics & Transportation,,,,,
305.0,Maria,Taylor,Construction,,,,,
306.0,Leo,Rossi,Manufacturing,,,,,
307.0,Thomas,Scott,Financial Services,,,,,
308.0,Angelina,Wright,Manufacturing,,,,,
309.0,Veronica,Martinez,Software,,,,,
310.0,Diana,Schmidt,Health,,,,,
311.0,Philip,Baker,Human Resources,,,,,
312.0,Katerina,Perez,Business Products & Services,,,,,
313.0,Marina,Walker,Government Services,,,,,
314.0,Michael,Smith,Construction,,,,,
315.0,Julia,Lopez,Software,,,,,
316.0,Georgia,Garcia,Advertising & Marketing,,,,,
317.0,David,Hall,Consumer Products & Services,,,,,
318.0,Andreas,Lopez,Government Services,,,,,
319.0,William,Dubois,IT Management,,,,,
320.0,Jack,Kowalski,Logistics & Transportation,,,,,
321.0,Mark,White,Software,,,,,
322.0,Paula,Scott,Software,,,,,
323.0,Nicholas,Gonzalez,Government Services,,,,,
324.0,Michael,Mitchell,Food & Beverage,,,,,
325.0,Bianca,Lewis,Human Resources,,,,,
326.0,Nicholas,Adams,Advertising & Marketing,,,,,
327.0,Alice,Bianchi,Human Resources,,,,,
328.0,Paul,Taylor,Logistics & Transportation,,,,,
329.0,Alex,Anderson,Retail,,,,,
330.0,Harris,Lopez,Government Services,,,,,
331.0,James,Scott,Consumer Products & Services,,,,,
332.0,Dimitris,Kowalski,Health,,,,,
333.0,Katerina,Moore,Business Products & Services,,,,,
334.0,Hugo,Mitchell,Business Products & Services,,,,,
335.0,George,Horvath,Telecommunications,,,,,
336.0,Nicole,Lewis,Government Services,,,,,
337.0,Georgia,Scott,Health,,,,,
338.0,Spyros,Carter,Consumer Products & Services,,,,,
339.0,Gregory,Thompson,Food & Beverage,,,,,
340.0,Peter,Sanchez,Insurance,,,,,
341.0,Christos,Allen,IT Management,,,,,
342.0,Philip,Moore,Health,,,,,
343.0,Nikoleta,Harris,Environmental Services,,,,,
344.0,Christos,Schmidt,IT Services,,,,,
345.0,Natalie,Dubois,Health,,,,,
346.0,Arthur,Martinez,Advertising & Marketing,,,,,
347.0,Katerina,Taylor,Construction,,,,,
348.0,Alexandra,Scott,Software,,,,,
349.0,Julia,Horvath,Advertising & Marketing,,,,,
350.0,Athena,Sanchez,Government Services,,,,,
351.0,Oscar,Smith,Financial Services,,,,,
352.0,Roxanne,Gonzalez,IT Management,,,,,
353.0,Nikos,Perez,Computer Hardware,,,,,
354.0,Nadia,Thomas,Business Products & Services,,,,,
355.0,Stella,Anderson,Engineering,,,,,
356.0,Robert,Sanchez,Telecommunications,,,,,
357.0,Joseph,Jones,Government Services,,,,,
358.0,Leo,Smith,Education,,,,,
359.0,Jason,Lee,Insurance,,,,,
360.0,Georgia,Novak,Government Services,,,,,
361.0,Henry,Hernandez,Retail,,,,,
362.0,Maya,Hernandez,IT Management,,,,,
363.0,Emily,Novak,Advertising & Marketing,,,,,
364.0,Zoe,Davis,Software,,,,,
365.0,Irene,Green,Retail,,,,,
366.0,Spyros,Allen,IT System Development,,,,,
367.0,Christos,Harris,Government Services,,,,,
368.0,Harris,Davis,Government Services,,,,,
369.0,Veronica,Brown,Logistics & Transportation,,,,,
370.0,Martin,Mitchell,Construction,,,,,
371.0,Irene,Allen,Software,,,,,
372.0,Christopher,Carter,Consumer Products & Services,,,,,
373.0,Benjamin,Taylor,Logistics & Transportation,,,,,
374.0,Helen,Jones,Manufacturing,,,,,
375.0,Rebecca,Clark,Media,,,,,
376.0,Eva,Rossi,Retail,,,,,
377.0,Christos,Baker,Consumer Products & Services,,,,,
378.0,David,Martin,Advertising & Marketing,,,,,
379.0,Philip,Clark,Manufacturing,,,,,
380.0,Alexandra,Rossi,Business Products & Services,,,,,
381.0,Joseph,Smith,Logistics & Transportation,,,,,
382.0,Christopher,Hernandez,Human Resources,,,,,
383.0,Stella,White,Security,,,,,
384.0,Richard,Lopez,Health,,,,,
385.0,Maria,Hall,Consumer Products & Services,,,,,
386.0,Leo,Nelson,Government Services,,,,,
387.0,Alice,Dubois,Software,,,,,
388.0,Noah,Lee,Government Services,,,,,
389.0,Oscar,Lewis,Advertising & Marketing,,,,,
390.0,Peter,Mitchell,Software,,,,,
391.0,Liam,Nielsen,Travel & Hospitality,,,,,
392.0,Penelope,Walker,Business Products & Services,,,,,
393.0,Andrew,Thompson,Government Services,,,,,
394.0,Catherine,Baker,Advertising & Marketing,,,,,
395.0,Marta,Green,Manufacturing,,,,,
396.0,Peter,Bianchi,Advertising & Marketing,,,,,
397.0,Liam,Lombardi,Government Services,,,,,
398.0,Matthew,Hernandez,Retail,,,,,
399.0,Christina,Jones,Consumer Products & Services,,,,,
400.0,Richard,Nelson,Advertising & Marketing,,,,,
401.0,Julia,Anderson,Consumer Products & Services,,,,,
402.0,Timothy,Davis,Government Services,,,,,
403.0,Jason,Dubois,Government Services,,,,,
404.0,George,Moore,Software,,,,,
405.0,Maya,White,Food & Beverage,,,,,
406.0,Lucy,Thomas,Financial Services,,,,,
407.0,Catherine,Thompson,Business Products & Services,,,,,
408.0,Claire,Adams,Retail,,,,,
409.0,Peter,Davis,Health,,,,,
410.0,Matthew,Martinez,Consumer Products & Services,,,,,
411.0,Sara,Scott,Education,,,,,
412.0,Roxanne,Nelson,Consumer Products & Services,,,,,
413.0,Dimitris,Bianchi,IT Management,,,,,
414.0,Evelyn,Nielsen,Software,,,,,
415.0,Thomas,Robinson,Advertising & Marketing,,,,,
416.0,Hugo,Harris,Telecommunications,,,,,
417.0,Noah,Adams,Business Products & Services,,,,,
418.0,Ivy,Nielsen,Software,,,,,
419.0,Alexandra,Nelson,Human Resources,,,,,
420.0,Henry,Carter,Advertising & Marketing,,,,,
421.0,Timothy,White,Human Resources,,,,,
422.0,Nicole,Schmidt,Construction,,,,,
423.0,Chloe,Mitchell,Business Products & Services,,,,,
424.0,David,Lombardi,Business Products & Services,,,,,
425.0,Ivy,Sanchez,Logistics & Transportation,,,,,
426.0,Christopher,Moore,IT Management,,,,,
427.0,Liam,Taylor,Media,,,,,
428.0,Daniel,Smith,Financial Services,,,,,
429.0,Paul,Martin,Advertising & Marketing,,,,,
430.0,Paul,Moore,Consumer Products & Services,,,,,
431.0,James,Miller,IT Management,,,,,
432.0,Thomas,Mitchell,Software,,,,,
433.0,Richard,Anderson,Business Products & Services,,,,,
434.0,Claire,Anderson,Financial Services,,,,,
435.0,Leah,Taylor,Financial Services,,,,,
436.0,Lucas,Sanchez,Consumer Products & Services,,,,,
437.0,Alex,Smith,Construction,,,,,
438.0,Zoe,Gonzalez,IT Management,,,,,
439.0,Angelina,Jones,Health,,,,,
440.0,Marina,Brown,Manufacturing,,,,,
441.0,Ivy,Martinez,Construction,,,,,
442.0,Irene,King,Insurance,,,,,
443.0,Daniel,Young,Health,,,,,
444.0,Alexandra,Hall,IT Services,,,,,
445.0,Nikos,Lombardi,Consumer Products & Services,,,,,
446.0,Isabella,Sanchez,Government Services,,,,,
447.0,Anna,Gonzalez,Business Products & Services,,,,,
448.0,Victor,Lee,Business Products & Services,,,,,
449.0,Christos,King,Software,,,,,
450.0,Elisa,Muller,Construction,,,,,
451.0,Victor,Garcia,Construction,,,,,
452.0,Richard,Jackson,Real Estate,,,,,
453.0,Dimitris,Baker,Software,,,,,
454.0,Andreas,Walker,Advertising & Marketing,,,,,
455.0,Catherine,Robinson,Retail,,,,,
456.0,Eleni,Nielsen,Logistics & Transportation,,,,,
457.0,Theodora,Robinson,Business Products & Services,,,,,
458.0,Kostas,Horvath,Business Products & Services,,,,,
459.0,Noah,Sanchez,Government Services,,,,,
460.0,Anthony,Clark,Manufacturing,,,,,
461.0,Jason,Lee,Business Products & Services,,,,,
462.0,Theodora,Scott,Real Estate,,,,,
463.0,Stella,Gonzalez,Education,,,,,
464.0,Penelope,Scott,Construction,,,,,
465.0,Anthony,Miller,Food & Beverage,,,,,
466.0,Thomas,Carter,IT Management,,,,,
467.0,Liam,Moore,Advertising & Marketing,,,,,
468.0,John,Taylor,Travel & Hospitality,,,,,
469.0,Adrian,Rossi,Government Services,,,,,
470.0,Harris,White,Food & Beverage,,,,,
471.0,Helen,Horvath,Software,,,,,
472.0,Adrian,Anderson,Construction,,,,,
473.0,Michael,Hall,Advertising & Marketing,,,,,
474.0,Christopher,Baker,Business Products & Services,,,,,
475.0,William,Young,Software,,,,,
476.0,Christos,Wright,Health,,,,,
477.0,Paul,Novak,Telecommunications,,,,,
478.0,John,Thompson,Construction,,,,,
479.0,Jason,Kowalski,Software,,,,,
480.0,Evelyn,Garcia,Telecommunications,,,,,
481.0,Eva,Baker,Government Services,,,,,
482.0,Christina,Hall,IT System Development,,,,,
483.0,William,Bianchi,Financial Services,,,,,
484.0,Katerina,Clark,Financial Services,,,,,
485.0,Paula,Thomas,Environmental Services,,,,,
486.0,Nadia,Johnson,Advertising & Marketing,,,,,
487.0,Eleni,Lewis,Retail,,,,,
488.0,Christos,Allen,Software,,,,,
489.0,Mark,Nielsen,Business Products & Services,,,,,
490.0,Hugo,Lombardi,Logistics & Transportation,,,,,
491.0,Theodora,Clark,Business Products & Services,,,,,
492.0,Matthew,Dubois,Consumer Products & Services,,,,,
493.0,Daniel,Hall,Manufacturing,,,,,
494.0,Chloe,Moore,Advertising & Marketing,,,,,
495.0,Theodora,Mitchell,Food & Beverage,,,,,
496.0,Timothy,Baker,Advertising & Marketing,,,,,
497.0,Benjamin,Hernandez,IT System Development,,,,,
498.0,Alexandra,Robinson,Advertising & Marketing,,,,,
499.0,Henry,Lewis,IT Management,,,,,
500.0,Penelope,Thomas,Construction,,,,,
501.0,Victoria,Schmidt,Health,,,,,
502.0,Nikos,Smith,IT Management,,,,,
503.0,Mark,Hernandez,Advertising & Marketing,,,,,
504.0,Hugo,Young,Consumer Products & Services,,,,,
505.0,Julia,Lewis,Business Products & Services,,,,,
506.0,Jason,Scott,Retail,,,,,
507.0,George,Hernandez,Software,,,,,
508.0,Roxanne,Smith,Software,,,,,
509.0,Harris,Nelson,Retail,,,,,
510.0,Jasmine,Lee,Consumer Products & Services,,,,,
511.0,Henry,Harris,Business Products & Services,,,,,
512.0,Peter,Davis,Health,,,,,
513.0,Nikoleta,Lewis,Energy,,,,,
514.0,Athena,Thompson,Manufacturing,,,,,
515.0,Victoria,King,Environmental Services,,,,,
516.0,Leo,Smith,Manufacturing,,,,,
517.0,Richard,Carter,Construction,,,,,
518.0,Victor,White,Financial Services,,,,,
519.0,Christopher,Williams,Health,,,,,
520.0,Zoe,Bianchi,Health,,,,,
521.0,Emily,White,Construction,,,,,
522.0,Leo,Bianchi,Logistics & Transportation,,,,,
523.0,Andreas,Sanchez,Consumer Products & Services,,,,,
524.0,Nikoleta,Walker,Manufacturing,,,,,
525.0,Theodora,Williams,Business Products & Services,,,,,
526.0,Mark,Novak,Real Estate,,,,,
527.0,Jack,Horvath,Media,,,,,
528.0,Jason,Thompson,Business Products & Services,,,,,
529.0,Andrew,White,Security,,,,,
530.0,Helen,Rossi,Software,,,,,
531.0,Laura,Brown,Advertising & Marketing,,,,,
532.0,Zoe,Adams,Business Products & Services,,,,,
533.0,Richard,Johnson,Consumer Products & Services,,,,,
534.0,Anna,Horvath,Media,,,,,
535.0,Helen,Sanchez,Business Products & Services,,,,,
536.0,Alex,Carter,Advertising & Marketing,,,,,
537.0,Hugo,Rossi,IT System Development,,,,,
538.0,James,Allen,Real Estate,,,,,
539.0,Oscar,Wright,Financial Services,,,,,
540.0,Natalie,Thomas,Software,,,,,
541.0,Richard,Sanchez,IT Management,,,,,
542.0,Peter,Schmidt,Consumer Products & Services,,,,,
543.0,Leah,Bianchi,Software,,,,,
544.0,Sara,Muller,Consumer Products & Services,,,,,
545.0,Thomas,Green,Advertising & Marketing,,,,,
546.0,Athena,Davis,Consumer Products & Services,,,,,
547.0,Katerina,Williams,Food & Beverage,,,,,
548.0,Jack,Lewis,Software,,,,,
549.0,Angelina,Johnson,IT Management,,,,,
550.0,Chloe,Mitchell,Software,,,,,
551.0,Dimitris,Horvath,IT System Development,,,,,
552.0,Peter,Anderson,Financial Services,,,,,
553.0,Nicholas,Horvath,Human Resources,,,,,
554.0,Nicole,Schmidt,Real Estate,,,,,
555.0,William,Thomas,Food & Beverage,,,,,
556.0,Maya,Martinez,Construction,,,,,
557.0,Helen,Miller,Advertising & Marketing,,,,,
558.0,Maria,Perez,Business Products & Services,,,,,
559.0,Ivy,Garcia,Health,,,,,
560.0,Irene,Brown,Construction,,,,,
561.0,Athena,Young,Construction,,,,,
562.0,Harris,Rossi,Human Resources,,,,,
563.0,Lucy,Horvath,Construction,,,,,
564.0,Lucas,Brown,Government Services,,,,,
565.0,Nikoleta,Gonzalez,Telecommunications,,,,,
566.0,Mark,Davis,Business Products & Services,,,,,
567.0,Emily,Green,Advertising & Marketing,,,,,
568.0,Veronica,White,Advertising & Marketing,,,,,
569.0,Nicole,Hernandez,Travel & Hospitality,,,,,
570.0,Elisa,Bianchi,Retail,,,,,
571.0,Timothy,Mitchell,Government Services,,,,,
572.0,Paula,Schmidt,Advertising & Marketing,,,,,
573.0,Rebecca,Johnson,Advertising & Marketing,,,,,
574.0,Mark,Harris,Government Services,,,,,
575.0,Nicholas,Kowalski,Telecommunications,,,,,
576.0,Alex,Gonzalez,IT Management,,,,,
577.0,Stephen,Horvath,Financial Services,,,,,
578.0,Alice,Taylor,Business Products & Services,,,,,
579.0,Max,Nelson,Health,,,,,
580.0,Timothy,Dubois,Business Products & Services,,,,,
581.0,Natalie,Lewis,Software,,,,,
582.0,Oscar,Scott,Food & Beverage,,,,,
583.0,Laura,Smith,Business Products & Services,,,,,
584.0,James,Lombardi,Environmental Services,,,,,
585.0,Anthony,Walker,Engineering,,,,,
586.0,Paula,Perez,Software,,,,,
587.0,Angelina,Lombardi,Real Estate,,,,,
588.0,Zoe,Lombardi,Business Products & Services,,,,,
589.0,Marta,Brown,Business Products & Services,,,,,
590.0,Mark,Jones,Advertising & Marketing,,,,,
591.0,Lydia,Hernandez,Advertising & Marketing,,,,,
592.0,Jack,Muller,Consumer Products & Services,,,,,
593.0,Diana,King,Financial Services,,,,,
594.0,Daniel,Anderson,Consumer Products & Services,,,,,
595.0,Julia,Dubois,Software,,,,,
596.0,Alexandra,White,Logistics & Transportation,,,,,
597.0,Roman,Miller,Real Estate,,,,,
598.0,Robert,Thomas,Construction,,,,,
599.0,James,Young,Government Services,,,,,
600.0,Anna,Williams,IT Management,,,,,
601.0,Spyros,White,Consumer Products & Services,,,,,
602.0,Evelyn,Carter,Government Services,,,,,
603.0,James,Hernandez,Financial Services,,,,,
604.0,Paula,Novak,Business Products & Services,,,,,
605.0,Paul,King,Real Estate,,,,,
606.0,Jason,Perez,Construction,,,,,
607.0,Spyros,Thomas,Retail,,,,,
608.0,Christina,Rossi,IT Management,,,,,
609.0,Veronica,Schmidt,Insurance,,,,,
610.0,Emily,Smith,Financial Services,,,,,
611.0,Patricia,Lee,Insurance,,,,,
612.0,Dimitris,White,Advertising & Marketing,,,,,
613.0,Michael,Baker,Government Services,,,,,
614.0,John,Clark,IT System Development,,,,,
615.0,Laura,Garcia,Advertising & Marketing,,,,,
616.0,Arthur,Harris,Real Estate,,,,,
617.0,Noah,Allen,Consumer Products & Services,,,,,
618.0,Spyros,Adams,Advertising & Marketing,,,,,
619.0,Mark,Novak,Health,,,,,
620.0,Eleni,Miller,Government Services,,,,,
621.0,Anna,Adams,Real Estate,,,,,
622.0,Grace,Allen,Health,,,,,
623.0,Victoria,Miller,Business Products & Services,,,,,
624.0,Jason,Garcia,Telecommunications,,,,,
625.0,Maria,Miller,Business Products & Services,,,,,
626.0,Oscar,Thomas,Retail,,,,,
627.0,Roxanne,Dubois,Construction,,,,,
628.0,Paula,Miller,Engineering,,,,,
629.0,Andrew,Thomas,Construction,,,,,
630.0,Zoe,Gonzalez,Health,,,,,
631.0,Leah,Nelson,Government Services,,,,,
632.0,Roxanne,Rossi,IT Management,,,,,
633.0,Paul,Johnson,Advertising & Marketing,,,,,
634.0,Claire,Nielsen,Government Services,,,,,
635.0,Samuel,Taylor,Retail,,,,,
636.0,Olivia,Smith,Retail,,,,,
637.0,Katerina,Moore,Software,,,,,
638.0,Martin,Rossi,Manufacturing,,,,,
639.0,Harris,Lewis,Advertising & Marketing,,,,,
640.0,Georgia,Allen,Construction,,,,,
641.0,Kostas,Miller,Retail,,,,,
642.0,Vasilis,Dubois,Health,,,,,
643.0,Nicholas,Jackson,Construction,,,,,
644.0,Jason,Lee,Logistics & Transportation,,,,,
645.0,Leo,Kowalski,Manufacturing,,,,,
646.0,Nikos,Bianchi,Business Products & Services,,,,,
647.0,Jack,Hernandez,Software,,,,,
648.0,Georgia,Schmidt,Advertising & Marketing,,,,,
649.0,Liam,Muller,Food & Beverage,,,,,
650.0,Leah,Schmidt,Health,,,,,
651.0,Daniel,Martinez,Software,,,,,
652.0,Elisa,Lee,Real Estate,,,,,
653.0,Patricia,Brown,Advertising & Marketing,,,,,
654.0,Emily,Robinson,Education,,,,,
655.0,Stephen,Horvath,Advertising & Marketing,,,,,
656.0,Marta,Lopez,Software,,,,,
657.0,William,Thomas,Software,,,,,
658.0,Eva,White,Consumer Products & Services,,,,,
659.0,Zoe,Martinez,Advertising & Marketing,,,,,
660.0,Lucy,Adams,Real Estate,,,,,
661.0,Chloe,Gonzalez,Government Services,,,,,
662.0,Anna,Perez,Business Products & Services,,,,,
663.0,Mark,Martin,Financial Services,,,,,
664.0,Isabella,Hernandez,Government Services,,,,,
665.0,Marta,White,Health,,,,,
666.0,Dimitris,Hernandez,Financial Services,,,,,
667.0,Samuel,Thomas,IT Services,,,,,
668.0,Nicholas,Lopez,Health,,,,,
669.0,Samuel,Thompson,Logistics & Transportation,,,,,
670.0,Oscar,Novak,IT System Development,,,,,
671.0,John,Young,IT Services,,,,,
672.0,Kostas,Thompson,Construction,,,,,
673.0,Diana,Miller,Real Estate,,,,,
674.0,Stephen,Wright,Advertising & Marketing,,,,,
675.0,Diana,Clark,Education,,,,,
676.0,Liam,Nelson,IT System Development,,,,,
677.0,Grace,Lewis,Human Resources,,,,,
678.0,Vasilis,Clark,Business Products & Services,,,,,
679.0,Athena,Nielsen,Consumer Products & Services,,,,,
680.0,George,Bianchi,Manufacturing,,,,,
681.0,Kostas,Scott,Health,,,,,
682.0,Claire,Young,Consumer Products & Services,,,,,
683.0,Gregory,Rossi,Software,,,,,
684.0,Grace,Kowalski,IT Management,,,,,
685.0,Eleni,Taylor,IT Management,,,,,
686.0,Leah,Williams,Software,,,,,
687.0,Maya,Nelson,Real Estate,,,,,
688.0,Stephen,Robinson,Software,,,,,
689.0,Lydia,Anderson,Telecommunications,,,,,
690.0,Christopher,Green,Advertising & Marketing,,,,,
691.0,Richard,Adams,Advertising & Marketing,,,,,
692.0,Claire,Moore,IT System Development,,,,,
693.0,Lucy,Novak,IT Management,,,,,
694.0,Anthony,Hall,Construction,,,,,
695.0,Stephen,Clark,Government Services,,,,,
696.0,Joseph,Bianchi,IT Management,,,,,
697.0,George,Kowalski,IT System Development,,,,,
698.0,Nicholas,Lopez,Human Resources,,,,,
699.0,Samuel,Moore,IT Services,,,,,
700.0,Penelope,Harris,Food & Beverage,,,,,
701.0,Andreas,Novak,Software,,,,,
702.0,Rebecca,King,Software,,,,,
703.0,Paula,Baker,Telecommunications,,,,,
704.0,Leah,Schmidt,Financial Services,,,,,
705.0,David,White,Construction,,,,,
706.0,Isabella,Miller,Health,,,,,
707.0,Thomas,King,Security,,,,,
708.0,Peter,Nielsen,Construction,,,,,
709.0,Theodora,Moore,Software,,,,,
710.0,Theodora,Thompson,Business Products & Services,,,,,
711.0,Sara,Moore,Consumer Products & Services,,,,,
712.0,Anthony,Allen,Environmental Services,,,,,
713.0,Irene,Thompson,Consumer Products & Services,,,,,
714.0,Emily,Williams,IT System Development,,,,,
715.0,Jason,Garcia,Travel & Hospitality,,,,,
716.0,Harris,Scott,Financial Services,,,,,
717.0,Oscar,Lombardi,Retail,,,,,
718.0,Joseph,Rossi,Business Products & Services,,,,,
719.0,Nadia,Thomas,Retail,,,,,
720.0,Lydia,Sanchez,Security,,,,,
721.0,Oscar,Martinez,Advertising & Marketing,,,,,
722.0,Stella,Allen,Logistics & Transportation,,,,,
723.0,Roman,Nelson,Software,,,,,
724.0,Arthur,Gonzalez,Engineering,,,,,
725.0,Samuel,Lewis,Engineering,,,,,
726.0,David,Adams,Government Services,,,,,
727.0,Michael,Robinson,Insurance,,,,,
728.0,Max,Lombardi,Construction,,,,,
729.0,Nicholas,Nelson,Advertising & Marketing,,,,,
730.0,Henry,Williams,Construction,,,,,
731.0,Martin,Gonzalez,Security,,,,,
732.0,Andreas,Novak,Food & Beverage,,,,,
733.0,Katerina,Davis,Business Products & Services,,,,,
734.0,Isabella,Rossi,Human Resources,,,,,
735.0,Arthur,Clark,Health,,,,,
736.0,Lucy,Smith,Real Estate,,,,,
737.0,Leo,Taylor,Manufacturing,,,,,
738.0,Catherine,Perez,Retail,,,,,
739.0,Bianca,Sanchez,Health,,,,,
740.0,Victor,Harris,Retail,,,,,
741.0,Laura,Harris,Health,,,,,
742.0,Oscar,Bianchi,Government Services,,,,,
743.0,Liam,Davis,IT Management,,,,,
744.0,Grace,Thomas,Business Products & Services,,,,,
745.0,Leah,Clark,IT Management,,,,,
746.0,Laura,Lee,Construction,,,,,
747.0,Grace,Taylor,Advertising & Marketing,,,,,
748.0,Chloe,Allen,Business Products & Services,,,,,
749.0,Robert,Green,Business Products & Services,,,,,
750.0,Irene,Thomas,Advertising & Marketing,,,,,
751.0,Kostas,Muller,Government Services,,,,,
752.0,Harris,Johnson,IT System Development,,,,,
753.0,Peter,Young,Business Products & Services,,,,,
754.0,Emily,Mitchell,Health,,,,,
755.0,Richard,Allen,Business Products & Services,,,,,
756.0,Richard,Nelson,IT Management,,,,,
757.0,Christos,Adams,Logistics & Transportation,,,,,
758.0,Nicole,Novak,Software,,,,,
759.0,Paul,Hall,Health,,,,,
760.0,Alexandra,Dubois,Manufacturing,,,,,
761.0,Liam,Walker,Business Products & Services,,,,,
762.0,Helen,Sanchez,Construction,,,,,
763.0,Oscar,Jackson,Human Resources,,,,,
764.0,John,Thompson,Health,,,,,
765.0,Victoria,Dubois,Logistics & Transportation,,,,,
766.0,Olivia,Lewis,Financial Services,,,,,
767.0,Anna,Carter,Advertising & Marketing,,,,,
768.0,Spyros,Harris,Business Products & Services,,,,,
769.0,Stephen,Sanchez,Government Services,,,,,
770.0,Timothy,Kowalski,Software,,,,,
771.0,Arthur,Walker,Business Products & Services,,,,,
772.0,James,Lee,Human Resources,,,,,
773.0,Athena,Williams,Software,,,,,
774.0,Benjamin,Martin,Health,,,,,
775.0,Oscar,Muller,Advertising & Marketing,,,,,
776.0,Theodora,King,Human Resources,,,,,
777.0,Peter,Davis,Environmental Services,,,,,
778.0,Stephen,Perez,Health,,,,,
779.0,Paula,Hall,Business Products & Services,,,,,
780.0,John,Nielsen,Logistics & Transportation,,,,,
781.0,Hugo,White,Human Resources,,,,,
782.0,Martin,Adams,Consumer Products & Services,,,,,
783.0,Andreas,Walker,Logistics & Transportation,,,,,
784.0,Paul,Nelson,Business Products & Services,,,,,
785.0,Natalie,Johnson,Environmental Services,,,,,
786.0,Martin,Taylor,Advertising & Marketing,,,,,
787.0,Penelope,King,Travel & Hospitality,,,,,
788.0,Joseph,Taylor,Consumer Products & Services,,,,,
789.0,Leo,Lee,Business Products & Services,,,,,
790.0,Claire,Carter,Advertising & Marketing,,,,,
791.0,Lucas,Novak,Software,,,,,
792.0,Thomas,Scott,Advertising & Marketing,,,,,
793.0,Marta,Hernandez,Advertising & Marketing,,,,,
794.0,Catherine,Adams,Health,,,,,
795.0,Benjamin,Muller,IT Management,,,,,
796.0,Bianca,Martinez,IT Management,,,,,
797.0,Richard,Martinez,Software,,,,,
798.0,Nicholas,Lombardi,Manufacturing,,,,,
799.0,Stella,Harris,Manufacturing,,,,,
800.0,Athena,Brown,Manufacturing,,,,,
801.0,Penelope,Miller,Software,,,,,
802.0,Maya,Lee,Real Estate,,,,,
803.0,Stephen,Nielsen,IT Management,,,,,
804.0,Paul,Anderson,Financial Services,,,,,
805.0,Stella,Clark,Energy,,,,,
806.0,Nicholas,Allen,Business Products & Services,,,,,
807.0,Elisa,Walker,IT Management,,,,,
808.0,Victoria,Taylor,Manufacturing,,,,,
809.0,Max,Allen,Construction,,,,,
810.0,Gregory,Smith,Business Products & Services,,,,,
811.0,Peter,Lombardi,Business Products & Services,,,,,
812.0,Patricia,Anderson,Retail,,,,,
813.0,Hugo,Hernandez,Real Estate,,,,,
814.0,Stella,Thomas,Advertising & Marketing,,,,,
815.0,Grace,Lee,Consumer Products & Services,,,,,
816.0,Chloe,Lee,Advertising & Marketing,,,,,
817.0,Nikos,Miller,Real Estate,,,,,
818.0,Theodora,Thomas,Software,,,,,
819.0,Sofia,Jackson,Financial Services,,,,,
820.0,Penelope,Moore,Business Products & Services,,,,,
821.0,Anthony,Hall,Human Resources,,,,,
822.0,Thomas,Miller,Financial Services,,,,,
823.0,Alice,Dubois,Construction,,,,,
824.0,Martin,Jackson,Software,,,,,
825.0,Victoria,Anderson,Government Services,,,,,
826.0,Rebecca,Kowalski,Construction,,,,,
827.0,Harris,Baker,Software,,,,,
828.0,Emily,Nielsen,Government Services,,,,,
829.0,Theodora,Lewis,Food & Beverage,,,,,
830.0,Elisa,Smith,Retail,,,,,
831.0,Arthur,Sanchez,Engineering,,,,,
832.0,Gregory,Taylor,Computer Hardware,,,,,
833.0,William,Clark,Logistics & Transportation,,,,,
834.0,Anthony,Davis,Logistics & Transportation,,,,,
835.0,Roxanne,Sanchez,Advertising & Marketing,,,,,
836.0,Dimitris,Baker,Construction,,,,,
837.0,Paul,Kowalski,Food & Beverage,,,,,
838.0,Oscar,Walker,Media,,,,,
839.0,Peter,Novak,Construction,,,,,
840.0,Stella,Moore,Energy,,,,,
841.0,Veronica,Sanchez,Real Estate,,,,,
842.0,Liam,Lombardi,Logistics & Transportation,,,,,
843.0,Christopher,Robinson,IT Management,,,,,
844.0,Spyros,Allen,Health,,,,,
845.0,Penelope,Horvath,Construction,,,,,
846.0,Leah,Jackson,Advertising & Marketing,,,,,
847.0,Thomas,Muller,Business Products & Services,,,,,
848.0,Dimitris,Davis,Manufacturing,,,,,
849.0,Nikos,Robinson,Business Products & Services,,,,,
850.0,Laura,Martinez,Travel & Hospitality,,,,,
851.0,Robert,Gonzalez,Software,,,,,
852.0,Irene,Muller,Business Products & Services,,,,,
853.0,Rebecca,Martinez,Advertising & Marketing,,,,,
854.0,Lydia,Walker,Health,,,,,
855.0,Nadia,Nielsen,Retail,,,,,
856.0,Leah,Gonzalez,Construction,,,,,
857.0,Andreas,Lopez,Health,,,,,
858.0,Benjamin,Kowalski,Retail,,,,,
859.0,Claire,Dubois,IT System Development,,,,,
860.0,Nicholas,Hall,Business Products & Services,,,,,
861.0,Spyros,Carter,Health,,,,,
862.0,Martin,Walker,Logistics & Transportation,,,,,
863.0,Rebecca,Green,IT System Development,,,,,
864.0,Hugo,Jones,Consumer Products & Services,,,,,
865.0,Katerina,Clark,Software,,,,,
866.0,George,Wright,Real Estate,,,,,
867.0,Athena,Lombardi,Government Services,,,,,
868.0,Arthur,Schmidt,Advertising & Marketing,,,,,
869.0,Christina,Nelson,Software,,,,,
870.0,Nicole,Johnson,Health,,,,,
871.0,Peter,Martin,Software,,,,,
872.0,Lucas,Carter,Computer Hardware,,,,,
873.0,Harris,Thomas,Software,,,,,
874.0,Samuel,Nielsen,Advertising & Marketing,,,,,
875.0,Lucy,Jackson,IT Management,,,,,
876.0,Michael,Lewis,Advertising & Marketing,,,,,
877.0,Jasmine,Lewis,Business Products & Services,,,,,
878.0,Alex,Harris,Business Products & Services,,,,,
879.0,Gregory,King,Travel & Hospitality,,,,,
880.0,Marta,Smith,Logistics & Transportation,,,,,
881.0,Helen,Mitchell,Software,,,,,
882.0,Christina,Carter,Telecommunications,,,,,
883.0,Veronica,Muller,Software,,,,,
884.0,Georgia,Walker,Education,,,,,
885.0,Mark,Jones,Government Services,,,,,
886.0,Nicole,Bianchi,Retail,,,,,
887.0,Joseph,Martin,Health,,,,,
888.0,Andreas,Martinez,Travel & Hospitality,,,,,
889.0,George,Wright,Construction,,,,,
890.0,Bianca,Hernandez,Business Products & Services,,,,,
891.0,Diana,Williams,Manufacturing,,,,,
892.0,Paul,Moore,Health,,,,,
893.0,Lydia,Lee,Energy,,,,,
894.0,Marta,Hall,Construction,,,,,
895.0,Marta,Miller,Construction,,,,,
896.0,Jason,Harris,IT System Development,,,,,
897.0,Noah,Robinson,Engineering,,,,,
898.0,Laura,Bianchi,Human Resources,,,,,
899.0,Stephen,Thomas,Health,,,,,
900.0,Emily,Hall,Advertising & Marketing,,,,,
901.0,Vasilis,Anderson,Advertising & Marketing,,,,,
902.0,Victoria,Lopez,IT System Development,,,,,
903.0,Diana,Lee,Media,,,,,
904.0,Patricia,Robinson,Software,,,,,
905.0,Spyros,Kowalski,Energy,,,,,
906.0,John,Sanchez,Manufacturing,,,,,
907.0,Catherine,Williams,IT Management,,,,,
908.0,Victoria,Thompson,Business Products & Services,,,,,
909.0,Noah,Perez,Advertising & Marketing,,,,,
910.0,Benjamin,Thomas,Health,,,,,
911.0,Nicholas,Taylor,IT System Development,,,,,
912.0,Liam,Walker,Advertising & Marketing,,,,,
913.0,Andreas,Kowalski,Advertising & Marketing,,,,,
914.0,Patricia,Scott,Construction,,,,,
915.0,James,Davis,Consumer Products & Services,,,,,
916.0,Laura,Allen,Business Products & Services,,,,,
917.0,Thomas,Miller,Energy,,,,,
918.0,Robert,Clark,Advertising & Marketing,,,,,
919.0,Theodora,Kowalski,IT System Development,,,,,
920.0,Julia,Dubois,Logistics & Transportation,,,,,
921.0,Vasilis,Davis,Business Products & Services,,,,,
922.0,Irene,Bianchi,Consumer Products & Services,,,,,
923.0,Alex,Walker,Real Estate,,,,,
924.0,Helen,Smith,Business Products & Services,,,,,
925.0,Peter,Taylor,Real Estate,,,,,
926.0,Penelope,Gonzalez,Environmental Services,,,,,
927.0,Joseph,Martinez,Business Products & Services,,,,,
928.0,Sofia,Adams,Business Products & Services,,,,,
929.0,Gregory,King,Software,,,,,
930.0,Kostas,Robinson,IT Management,,,,,
931.0,Emily,Kowalski,Construction,,,,,
932.0,Jack,Allen,Government Services,,,,,
933.0,John,Smith,Manufacturing,,,,,
934.0,Lucy,Wright,Financial Services,,,,,
935.0,Olivia,Bianchi,Government Services,,,,,
936.0,Peter,Lombardi,Real Estate,,,,,
937.0,Athena,Walker,Health,,,,,
938.0,Christos,Hall,Advertising & Marketing,,,,,
939.0,Natalie,Nielsen,Health,,,,,
940.0,Lucy,Brown,Real Estate,,,,,
941.0,Spyros,Lee,Government Services,,,,,
942.0,Joseph,Hall,Engineering,,,,,
943.0,Angelina,Thompson,Software,,,,,
944.0,George,Schmidt,Financial Services,,,,,
945.0,Thomas,Rossi,IT System Development,,,,,
946.0,Marta,Garcia,Government Services,,,,,
947.0,Hugo,Carter,Real Estate,,,,,
948.0,Christopher,Young,Business Products & Services,,,,,
949.0,Penelope,King,Education,,,,,
950.0,Christopher,Lewis,IT Management,,,,,
951.0,Christopher,Nielsen,Real Estate,,,,,
952.0,Oscar,Sanchez,Business Products & Services,,,,,
953.0,Isabella,Horvath,IT Management,,,,,
954.0,Catherine,Harris,Construction,,,,,
955.0,Timothy,Green,Real Estate,,,,,
956.0,Veronica,Lewis,Security,,,,,
957.0,Oscar,Garcia,Financial Services,,,,,
958.0,Christos,Thomas,Retail,,,,,
959.0,Emily,Hall,Environmental Services,,,,,
960.0,Christina,Green,Advertising & Marketing,,,,,
961.0,Alice,Muller,Energy,,,,,
962.0,Matthew,Robinson,Construction,,,,,
963.0,Irene,Kowalski,Consumer Products & Services,,,,,
964.0,Rebecca,Miller,Health,,,,,
965.0,Anthony,Anderson,Logistics & Transportation,,,,,
966.0,Max,Smith,IT Management,,,,,
967.0,Victor,Harris,Logistics & Transportation,,,,,
968.0,David,Horvath,Software,,,,,
969.0,Marina,Nelson,Logistics & Transportation,,,,,
970.0,Victor,Thompson,Health,,,,,
971.0,Christina,Hernandez,Consumer Products & Services,,,,,
972.0,Helen,King,Government Services,,,,,
973.0,Paula,Mitchell,Consumer Products & Services,,,,,
974.0,Lucy,Dubois,Software,,,,,
975.0,Penelope,Allen,IT System Development,,,,,
976.0,Peter,Hall,Advertising & Marketing,,,,,
977.0,Leo,Brown,Health,,,,,
978.0,Benjamin,Allen,Real Estate,,,,,
979.0,Paul,Lopez,Real Estate,,,,,
980.0,Catherine,Williams,Health,,,,,
981.0,Christina,Garcia,Engineering,,,,,
982.0,Adrian,Wright,Engineering,,,,,
983.0,Benjamin,Allen,Human Resources,,,,,
984.0,Harris,Lewis,Business Products & Services,,,,,
985.0,Marta,Brown,Business Products & Services,,,,,
986.0,Marta,Carter,Advertising & Marketing,,,,,
987.0,Dimitris,Kowalski,Financial Services,,,,,
988.0,Ivy,Lewis,Government Services,,,,,
989.0,Sara,Thompson,Advertising & Marketing,,,,,
990.0,Jasmine,Hall,Real Estate,,,,,
991.0,Nicole,Harris,Construction,,,,,
992.0,Alexandra,Kowalski,IT Management,,,,,
993.0,Gregory,Lopez,Construction,,,,,
994.0,Marta,Nielsen,Real Estate,,,,,
995.0,Martin,Johnson,Telecommunications,,,,,
996.0,Oscar,Green,Advertising & Marketing,,,,,
997.0,Chloe,White,Energy,,,,,
998.0,David,Thomas,Consumer Products & Services,,,,,
999.0,Diana,Lopez,Government Services,,,,,
1000.0,Matthew,Clark,Construction,,,,,
1001.0,Maria,Perez,Human Resources,,,,,
1002.0,Max,Johnson,Health,,,,,
1003.0,Daniel,Young,Software,,,,,
1004.0,Helen,Gonzalez,Health,,,,,
1005.0,Benjamin,Lee,Business Products & Services,,,,,
1006.0,Oscar,Rossi,Construction,,,,,
1007.0,Alexandra,Williams,Business Products & Services,,,,,
1008.0,Evelyn,Carter,Engineering,,,,,
1009.0,Evelyn,Garcia,Consumer Products & Services,,,,,
1010.0,Alice,Clark,Education,,,,,
1011.0,Benjamin,Dubois,Retail,,,,,
1012.0,Christos,Williams,Government Services,,,,,
1013.0,Eleni,Green,Software,,,,,
1014.0,Patricia,Schmidt,Food & Beverage,,,,,
1015.0,Spyros,Walker,Health,,,,,
1016.0,Victor,Jackson,Real Estate,,,,,
1017.0,Vasilis,Thomas,Software,,,,,
1018.0,David,Miller,Manufacturing,,,,,
1019.0,Helen,Green,IT Management,,,,,
1020.0,Maya,Davis,Consumer Products & Services,,,,,
1021.0,Peter,Martinez,Health,,,,,
1022.0,Anthony,Dubois,Software,,,,,
1023.0,Angelina,Anderson,Software,,,,,
1024.0,Natalie,Rossi,Logistics & Transportation,,,,,
1025.0,Lucy,Wright,Financial Services,,,,,
1026.0,Jason,Hall,Software,,,,,
1027.0,Sofia,White,Health,,,,,
1028.0,Stephen,Clark,Energy,,,,,
1029.0,Alice,Allen,Government Services,,,,,
1030.0,Kostas,Novak,IT System Development,,,,,
1031.0,Robert,Mitchell,Government Services,,,,,
1032.0,Theodora,Jackson,Business Products & Services,,,,,
1033.0,William,Dubois,Construction,,,,,
1034.0,Timothy,Scott,Construction,,,,,
1035.0,Spyros,Adams,Health,,,,,
1036.0,Liam,Allen,Business Products & Services,,,,,
1037.0,Michael,Williams,Software,,,,,
1038.0,Martin,Jones,Consumer Products & Services,,,,,
1039.0,Patricia,Gonzalez,Environmental Services,,,,,
1040.0,Athena,Lewis,Business Products & Services,,,,,
1041.0,Jasmine,Williams,Education,,,,,
1042.0,Irene,Anderson,Software,,,,,
1043.0,Irene,Carter,Food & Beverage,,,,,
1044.0,Alice,Dubois,Retail,,,,,
1045.0,Michael,Rossi,Software,,,,,
1046.0,Catherine,Davis,Environmental Services,,,,,
1047.0,Zoe,Robinson,Financial Services,,,,,
1048.0,Spyros,King,IT System Development,,,,,
1049.0,Bianca,Dubois,Insurance,,,,,
1050.0,Nikoleta,Miller,IT System Development,,,,,
1051.0,Chloe,Harris,IT Management,,,,,
1052.0,Timothy,Rossi,Software,,,,,
1053.0,Marina,Schmidt,Real Estate,,,,,
1054.0,Matthew,Lee,Consumer Products & Services,,,,,
1055.0,Anthony,Hall,Advertising & Marketing,,,,,
1056.0,George,Walker,Software,,,,,
1057.0,Olivia,Johnson,Business Products & Services,,,,,
1058.0,Laura,Thomas,Business Products & Services,,,,,
1059.0,William,Schmidt,Advertising & Marketing,,,,,
1060.0,Peter,Thompson,Food & Beverage,,,,,
1061.0,Penelope,Dubois,Consumer Products & Services,,,,,
1062.0,Chloe,Bianchi,Construction,,,,,
1063.0,Laura,Schmidt,Food & Beverage,,,,,
1064.0,Gregory,Miller,Consumer Products & Services,,,,,
1065.0,Vasilis,Hall,Advertising & Marketing,,,,,
1066.0,Spyros,Garcia,Environmental Services,,,,,
1067.0,Athena,Hernandez,Business Products & Services,,,,,
1068.0,Leah,Adams,Health,,,,,
1069.0,George,Thompson,Software,,,,,
1070.0,Sara,Lee,IT Management,,,,,
1071.0,Martin,Mitchell,IT Management,,,,,
1072.0,Mark,King,Security,,,,,
1073.0,Grace,Green,Food & Beverage,,,,,
1074.0,Henry,Jackson,Advertising & Marketing,,,,,
1075.0,Philip,Novak,Consumer Products & Services,,,,,
1076.0,Thomas,Brown,Food & Beverage,,,,,
1077.0,William,Lewis,Education,,,,,
1078.0,Natalie,Adams,Advertising & Marketing,,,,,
1079.0,Stephen,Sanchez,Logistics & Transportation,,,,,
1080.0,George,Moore,Security,,,,,
1081.0,Nicole,Muller,Construction,,,,,
1082.0,Marta,Hall,Software,,,,,
1083.0,Anthony,White,Business Products & Services,,,,,
1084.0,John,Schmidt,Insurance,,,,,
1085.0,Richard,Novak,Software,,,,,
1086.0,Timothy,Nielsen,Human Resources,,,,,
1087.0,Georgia,Thomas,Software,,,,,
1088.0,Lucy,White,Human Resources,,,,,
1089.0,Andrew,King,Software,,,,,
1090.0,Isabella,Lombardi,Food & Beverage,,,,,
1091.0,Grace,Williams,Government Services,,,,,
1092.0,Max,Carter,Financial Services,,,,,
1093.0,Hugo,Walker,Retail,,,,,
1094.0,Christopher,Thomas,Real Estate,,,,,
1095.0,Christos,Kowalski,Software,,,,,
1096.0,Gregory,Lopez,Real Estate,,,,,
1097.0,Lydia,White,Advertising & Marketing,,,,,
1098.0,Patricia,Smith,Financial Services,,,,,
1099.0,Noah,Perez,IT Management,,,,,
1100.0,David,Moore,Media,,,,,
1101.0,Theodora,Johnson,Construction,,,,,
1102.0,Eva,Perez,Logistics & Transportation,,,,,
1103.0,Evelyn,Lombardi,Human Resources,,,,,
1104.0,Samuel,Martinez,Health,,,,,
1105.0,Peter,White,Financial Services,,,,,
1106.0,Emily,White,Health,,,,,
1107.0,Jack,Allen,Real Estate,,,,,
1108.0,Kostas,Carter,Health,,,,,
1109.0,Andrew,Rossi,Human Resources,,,,,
1110.0,Marta,Gonzalez,Health,,,,,
1111.0,Paula,Davis,Real Estate,,,,,
1112.0,Leah,Martin,Advertising & Marketing,,,,,
1113.0,Claire,Martin,Security,,,,,
1114.0,Elisa,Johnson,Media,,,,,
1115.0,Marta,Horvath,Insurance,,,,,
1116.0,Nicole,Gonzalez,Manufacturing,,,,,
1117.0,Roman,Martin,Business Products & Services,,,,,
1118.0,Olivia,Jones,Manufacturing,,,,,
1119.0,Andreas,Mitchell,Human Resources,,,,,
1120.0,Robert,Lopez,Business Products & Services,,,,,
1121.0,Jasmine,Dubois,Advertising & Marketing,,,,,
1122.0,Marina,Horvath,Health,,,,,
1123.0,Claire,Carter,Financial Services,,,,,
1124.0,Stephen,Allen,Business Products & Services,,,,,
1125.0,Natalie,Nelson,Software,,,,,
1126.0,Vasilis,Perez,Health,,,,,
1127.0,Alex,Rossi,Government Services,,,,,
1128.0,Liam,Carter,Financial Services,,,,,
1129.0,Andreas,Harris,Construction,,,,,
1130.0,Marta,Green,Government Services,,,,,
1131.0,Laura,Robinson,Food & Beverage,,,,,
1132.0,Christopher,Sanchez,Government Services,,,,,
1133.0,Theodora,Baker,Business Products & Services,,,,,
1134.0,Martin,Smith,Insurance,,,,,
1135.0,Olivia,Harris,Education,,,,,
1136.0,James,Harris,Energy,,,,,
1137.0,Christos,Gonzalez,Logistics & Transportation,,,,,
1138.0,Grace,Clark,Health,,,,,
1139.0,Peter,Young,Computer Hardware,,,,,
1140.0,Nicholas,Anderson,Construction,,,,,
1141.0,Bianca,Allen,IT Management,,,,,
1142.0,Daniel,Schmidt,Software,,,,,
1143.0,Marta,Wright,Construction,,,,,
1144.0,David,Moore,Consumer Products & Services,,,,,
1145.0,Oscar,Green,Health,,,,,
1146.0,Andreas,Novak,Business Products & Services,,,,,
1147.0,Benjamin,Taylor,Logistics & Transportation,,,,,
1148.0,Andreas,Kowalski,Construction,,,,,
1149.0,Victor,Robinson,IT System Development,,,,,
1150.0,Henry,Thompson,Travel & Hospitality,,,,,
1151.0,Katerina,Walker,Financial Services,,,,,
1152.0,Irene,Williams,Advertising & Marketing,,,,,
1153.0,Paul,Lombardi,Human Resources,,,,,
1154.0,William,Adams,Consumer Products & Services,,,,,
1155.0,Nadia,Miller,Financial Services,,,,,
1156.0,Chloe,Rossi,Education,,,,,
1157.0,Arthur,Wright,Government Services,,,,,
1158.0,Harris,Baker,Business Products & Services,,,,,
1159.0,Laura,Clark,Logistics & Transportation,,,,,
1160.0,Matthew,Miller,Construction,,,,,
1161.0,Bianca,Moore,Food & Beverage,,,,,
1162.0,Julia,Schmidt,Financial Services,,,,,
1163.0,Victoria,Scott,Real Estate,,,,,
1164.0,Emily,Lewis,Manufacturing,,,,,
1165.0,Athena,Lee,IT Management,,,,,
1166.0,Isabella,Lopez,Travel & Hospitality,,,,,
1167.0,Sofia,Muller,Business Products & Services,,,,,
1168.0,Ivy,Gonzalez,Health,,,,,
1169.0,Richard,Young,IT System Development,,,,,
1170.0,Joseph,Kowalski,Consumer Products & Services,,,,,
1171.0,Bianca,Allen,Security,,,,,
1172.0,Michael,Johnson,Logistics & Transportation,,,,,
1173.0,Roxanne,Anderson,Manufacturing,,,,,
1174.0,Andrew,Mitchell,Financial Services,,,,,
1175.0,Nicholas,Nelson,Travel & Hospitality,,,,,
1176.0,Victor,Taylor,Construction,,,,,
1177.0,Isabella,Mitchell,Real Estate,,,,,
1178.0,John,Clark,Financial Services,,,,,
1179.0,Julia,Adams,Construction,,,,,
1180.0,Martin,Hall,Business Products & Services,,,,,
1181.0,Leo,Perez,Manufacturing,,,,,
1182.0,Georgia,Muller,Business Products & Services,,,,,
1183.0,Daniel,Johnson,Security,,,,,
1184.0,Alexandra,Muller,Government Services,,,,,
1185.0,Daniel,Lopez,Advertising & Marketing,,,,,
1186.0,Liam,Baker,Advertising & Marketing,,,,,
1187.0,Martin,Schmidt,Health,,,,,
1188.0,Matthew,Wright,Education,,,,,
1189.0,Natalie,Jackson,Advertising & Marketing,,,,,
1190.0,Diana,Robinson,Human Resources,,,,,
1191.0,Harris,Green,IT System Development,,,,,
1192.0,Nadia,Martinez,Travel & Hospitality,,,,,
1193.0,Peter,Robinson,Construction,,,,,
1194.0,Rebecca,Carter,Telecommunications,,,,,
1195.0,Nadia,Garcia,Software,,,,,
1196.0,Nikoleta,Davis,IT Management,,,,,
1197.0,Chloe,Walker,Advertising & Marketing,,,,,
1198.0,Nikoleta,Moore,Business Products & Services,,,,,
1199.0,Maria,Moore,Health,,,,,
1200.0,Irene,Garcia,IT Services,,,,,
1201.0,Nikos,Adams,Retail,,,,,
1202.0,Emily,Lopez,Construction,,,,,
1203.0,Anthony,Thomas,Consumer Products & Services,,,,,
1204.0,Matthew,Taylor,Energy,,,,,
1205.0,Evelyn,Nielsen,Advertising & Marketing,,,,,
1206.0,Irene,Nielsen,Software,,,,,
1207.0,Christopher,Schmidt,Logistics & Transportation,,,,,
1208.0,Kostas,Walker,Logistics & Transportation,,,,,
1209.0,Peter,Baker,Telecommunications,,,,,
1210.0,William,Perez,Construction,,,,,
1211.0,Diana,Clark,IT System Development,,,,,
1212.0,Roxanne,Muller,Business Products & Services,,,,,
1213.0,Maya,Moore,Education,,,,,
1214.0,Alexandra,Perez,Advertising & Marketing,,,,,
1215.0,Laura,Carter,Business Products & Services,,,,,
1216.0,Georgia,White,Human Resources,,,,,
1217.0,Hugo,Gonzalez,Software,,,,,
1218.0,Vasilis,Nielsen,Business Products & Services,,,,,
1219.0,Stephen,Lewis,Advertising & Marketing,,,,,
1220.0,Daniel,Rossi,Retail,,,,,
1221.0,Christopher,Davis,Logistics & Transportation,,,,,
1222.0,Lydia,Lombardi,Software,,,,,
1223.0,Gregory,Kowalski,Human Resources,,,,,
1224.0,William,Rossi,Real Estate,,,,,
1225.0,Athena,Muller,Software,,,,,
1226.0,Arthur,Rossi,Retail,,,,,
1227.0,Lydia,Gonzalez,Media,,,,,
1228.0,Matthew,King,Computer Hardware,,,,,
1229.0,Nicholas,Green,Construction,,,,,
1230.0,Stephen,Green,Logistics & Transportation,,,,,
1231.0,Natalie,Walker,Financial Services,,,,,
1232.0,Paula,Martin,Real Estate,,,,,
1233.0,Martin,Walker,Security,,,,,
1234.0,Noah,Wright,Software,,,,,
1235.0,Chloe,Muller,Government Services,,,,,
1236.0,Laura,Allen,Advertising & Marketing,,,,,
1237.0,Martin,Lopez,Real Estate,,,,,
1238.0,Lucy,Young,Construction,,,,,
1239.0,Liam,Taylor,Engineering,,,,,
1240.0,Timothy,Thomas,Construction,,,,,
1241.0,Benjamin,Walker,Retail,,,,,
1242.0,Jasmine,Lopez,IT Management,,,,,
1243.0,Dimitris,Smith,Health,,,,,
1244.0,Richard,Green,Human Resources,,,,,
1245.0,Marta,Harris,Manufacturing,,,,,
1246.0,Alice,Muller,IT Management,,,,,
1247.0,James,Allen,Financial Services,,,,,
1248.0,Theodora,Bianchi,Financial Services,,,,,
1249.0,Ivy,Thomas,Advertising & Marketing,,,,,
1250.0,Thomas,Kowalski,Advertising & Marketing,,,,,
1251.0,Olivia,Davis,Advertising & Marketing,,,,,
1252.0,Angelina,Robinson,Financial Services,,,,,
1253.0,Richard,Nelson,Advertising & Marketing,,,,,
1254.0,Max,Bianchi,Software,,,,,
1255.0,Bianca,Perez,Financial Services,,,,,
1256.0,Eleni,Perez,Business Products & Services,,,,,
1257.0,Alice,Perez,Business Products & Services,,,,,
1258.0,Anthony,Hernandez,Government Services,,,,,
1259.0,Liam,Rossi,Software,,,,,
1260.0,Katerina,Johnson,Software,,,,,
1261.0,Kostas,Mitchell,Financial Services,,,,,
1262.0,Natalie,Martin,IT Management,,,,,
1263.0,Peter,Martinez,Health,,,,,
1264.0,Diana,Mitchell,Energy,,,,,
1265.0,Vasilis,Mitchell,Financial Services,,,,,
1266.0,Penelope,King,Advertising & Marketing,,,,,
1267.0,Christina,Miller,IT Management,,,,,
1268.0,Mark,Carter,Consumer Products & Services,,,,,
1269.0,Christina,Adams,Consumer Products & Services,,,,,
1270.0,Paula,Dubois,Advertising & Marketing,,,,,
1271.0,Theodora,Perez,Software,,,,,
1272.0,Sofia,Johnson,Business Products & Services,,,,,
1273.0,Helen,Gonzalez,IT Management,,,,,
1274.0,Eleni,Mitchell,Financial Services,,,,,
1275.0,Rebecca,Jackson,Retail,,,,,
1276.0,Rebecca,Taylor,IT System Development,,,,,
1277.0,Nikoleta,Adams,Manufacturing,,,,,
1278.0,Matthew,Rossi,Environmental Services,,,,,
1279.0,Richard,Sanchez,IT Services,,,,,
1280.0,Anna,Kowalski,Health,,,,,
1281.0,Max,Miller,Construction,,,,,
1282.0,Sofia,Lewis,Manufacturing,,,,,
1283.0,Maria,Johnson,Food & Beverage,,,,,
1284.0,Isabella,Schmidt,Real Estate,,,,,
1285.0,Paul,Carter,Retail,,,,,
1286.0,Mark,Bianchi,Consumer Products & Services,,,,,
1287.0,Sofia,Robinson,IT Management,,,,,
1288.0,Samuel,Baker,Advertising & Marketing,,,,,
1289.0,Stephen,King,Food & Beverage,,,,,
1290.0,Lucas,Hernandez,IT Management,,,,,
1291.0,Julia,Taylor,Software,,,,,
1292.0,Bianca,Allen,Logistics & Transportation,,,,,
1293.0,Emily,Lewis,Real Estate,,,,,
1294.0,Maya,Dubois,Business Products & Services,,,,,
1295.0,Timothy,Jackson,Travel & Hospitality,,,,,
1296.0,Lucy,Thomas,Construction,,,,,
1297.0,Christopher,Sanchez,Financial Services,,,,,
1298.0,George,Horvath,Food & Beverage,,,,,
1299.0,Alexandra,Hernandez,Media,,,,,
1300.0,Alexandra,Gonzalez,Consumer Products & Services,,,,,
1301.0,Elisa,Martinez,Government Services,,,,,
1302.0,Adrian,Lopez,Manufacturing,,,,,
1303.0,Jason,Jones,Business Products & Services,,,,,
1304.0,Jack,Johnson,Financial Services,,,,,
1305.0,James,Moore,Advertising & Marketing,,,,,
1306.0,Claire,Adams,Government Services,,,,,
1307.0,Katerina,Allen,Advertising & Marketing,,,,,
1308.0,Gregory,Allen,Engineering,,,,,
1309.0,Peter,Jackson,Engineering,,,,,
1310.0,Lydia,Kowalski,Human Resources,,,,,
1311.0,Lucy,Carter,IT System Development,,,,,
1312.0,Angelina,Young,Health,,,,,
1313.0,Philip,Jackson,Consumer Products & Services,,,,,
1314.0,Catherine,Thomas,Advertising & Marketing,,,,,
1315.0,Leo,Allen,Software,,,,,
1316.0,Nicole,King,Consumer Products & Services,,,,,
1317.0,Nikoleta,Bianchi,Real Estate,,,,,
1318.0,Peter,Garcia,Logistics & Transportation,,,,,
1319.0,Julia,Carter,IT Management,,,,,
1320.0,Claire,Harris,Business Products & Services,,,,,
1321.0,Joseph,Taylor,Manufacturing,,,,,
1322.0,Irene,Jackson,Construction,,,,,
1323.0,Veronica,Allen,Computer Hardware,,,,,
1324.0,Evelyn,Dubois,Financial Services,,,,,
1325.0,Leo,Jones,Logistics & Transportation,,,,,
1326.0,Alex,Smith,Food & Beverage,,,,,
1327.0,Martin,Schmidt,Retail,,,,,
1328.0,Rebecca,Williams,Engineering,,,,,
1329.0,Jack,Kowalski,Advertising & Marketing,,,,,
1330.0,Gregory,Kowalski,Construction,,,,,
1331.0,Christopher,Perez,Engineering,,,,,
1332.0,Diana,Scott,Business Products & Services,,,,,
1333.0,Anthony,Sanchez,Logistics & Transportation,,,,,
1334.0,Jack,Robinson,Insurance,,,,,
1335.0,Marina,Jones,Health,,,,,
1336.0,Marta,Perez,IT System Development,,,,,
1337.0,Christina,Thompson,Engineering,,,,,
1338.0,Irene,Horvath,Business Products & Services,,,,,
1339.0,George,Green,Consumer Products & Services,,,,,
1340.0,Michael,Garcia,Real Estate,,,,,
1341.0,Samuel,Horvath,Software,,,,,
1342.0,Vasilis,Nielsen,Retail,,,,,
1343.0,Philip,Carter,Advertising & Marketing,,,,,
1344.0,Philip,Bianchi,Advertising & Marketing,,,,,
1345.0,Victoria,Green,Software,,,,,
1346.0,Angelina,Horvath,Logistics & Transportation,,,,,
1347.0,Victor,Johnson,Education,,,,,
1348.0,Henry,Young,Software,,,,,
1349.0,Christos,Sanchez,Consumer Products & Services,,,,,
1350.0,Katerina,Dubois,Human Resources,,,,,
1351.0,Andrew,Brown,Government Services,,,,,
1352.0,Veronica,Lopez,Government Services,,,,,
1353.0,Lucy,Walker,Real Estate,,,,,
1354.0,Mark,Dubois,Government Services,,,,,
1355.0,Arthur,Nielsen,Health,,,,,
1356.0,Alexandra,Williams,Software,,,,,
1357.0,Anthony,Lewis,Health,,,,,
1358.0,William,Walker,Retail,,,,,
1359.0,Catherine,Horvath,Retail,,,,,
1360.0,Alex,King,Education,,,,,
1361.0,Anthony,Rossi,Advertising & Marketing,,,,,
1362.0,Nadia,Bianchi,Financial Services,,,,,
1363.0,Elisa,Young,Insurance,,,,,
1364.0,Elisa,Hall,Real Estate,,,,,
1365.0,Laura,Garcia,Construction,,,,,
1366.0,Liam,Davis,Financial Services,,,,,
1367.0,George,Anderson,Business Products & Services,,,,,
1368.0,Maria,Thompson,Business Products & Services,,,,,
1369.0,Laura,Muller,Business Products & Services,,,,,
1370.0,Eva,Nelson,Retail,,,,,
1371.0,Theodora,Muller,Business Products & Services,,,,,
1372.0,Kostas,Garcia,Consumer Products & Services,,,,,
1373.0,Adrian,Dubois,Food & Beverage,,,,,
1374.0,Benjamin,Taylor,Business Products & Services,,,,,
1375.0,Timothy,Lewis,Insurance,,,,,
1376.0,Olivia,Perez,Consumer Products & Services,,,,,
1377.0,Harris,Lombardi,Real Estate,,,,,
1378.0,Jack,Harris,Health,,,,,
1379.0,Spyros,Anderson,Food & Beverage,,,,,
1380.0,Roman,Jackson,Advertising & Marketing,,,,,
1381.0,Harris,Sanchez,Software,,,,,
1382.0,Andrew,Moore,IT Services,,,,,
1383.0,Harris,Thompson,Health,,,,,
1384.0,Athena,Davis,Advertising & Marketing,,,,,
1385.0,Athena,Harris,Consumer Products & Services,,,,,
1386.0,Arthur,Bianchi,Business Products & Services,,,,,
1387.0,Hugo,Novak,Software,,,,,
1388.0,Leo,Jones,Health,,,,,
1389.0,Maya,Allen,Engineering,,,,,
1390.0,Zoe,Horvath,Financial Services,,,,,
1391.0,Oscar,Wright,Software,,,,,
1392.0,Harris,Muller,IT System Development,,,,,
1393.0,Leo,Jackson,Real Estate,,,,,
1394.0,Stella,Muller,Advertising & Marketing,,,,,
1395.0,David,Thompson,Construction,,,,,
1396.0,Daniel,Harris,Business Products & Services,,,,,
1397.0,Martin,Lopez,Business Products & Services,,,,,
1398.0,Nadia,Novak,Travel & Hospitality,,,,,
1399.0,Eva,Young,Consumer Products & Services,,,,,
1400.0,Christina,Harris,Security,,,,,
1401.0,Victoria,Young,Business Products & Services,,,,,
1402.0,Christos,Novak,Software,,,,,
1403.0,Helen,Thompson,IT System Development,,,,,
1404.0,Anthony,Adams,Software,,,,,
1405.0,Christina,White,Logistics & Transportation,,,,,
1406.0,Richard,Carter,Real Estate,,,,,
1407.0,Kostas,Williams,IT Management,,,,,
1408.0,Hugo,Muller,Business Products & Services,,,,,
1409.0,Liam,Martinez,IT System Development,,,,,
1410.0,Lucas,Anderson,Software,,,,,
1411.0,Paul,Scott,Construction,,,,,
1412.0,Maya,Lopez,Real Estate,,,,,
1413.0,Robert,Johnson,Computer Hardware,,,,,
1414.0,Rebecca,Martin,Construction,,,,,
1415.0,Noah,Lewis,IT Management,,,,,
1416.0,Christopher,Adams,Software,,,,,
1417.0,Elisa,Lewis,Health,,,,,
1418.0,Chloe,Horvath,Advertising & Marketing,,,,,
1419.0,Gregory,Lopez,Energy,,,,,
1420.0,George,Lee,Financial Services,,,,,
1421.0,Lydia,Horvath,Financial Services,,,,,
1422.0,Noah,Taylor,Health,,,,,
1423.0,George,Adams,IT Management,,,,,
1424.0,Jack,Rossi,Insurance,,,,,
1425.0,Roman,Lee,Consumer Products & Services,,,,,
1426.0,Mark,Sanchez,Business Products & Services,,,,,
1427.0,Lydia,Horvath,Business Products & Services,,,,,
1428.0,Theodora,Young,Manufacturing,,,,,
1429.0,Alexandra,Kowalski,Food & Beverage,,,,,
1430.0,Benjamin,Lopez,IT Management,,,,,
1431.0,Stephen,Anderson,Security,,,,,
1432.0,Athena,Schmidt,Health,,,,,
1433.0,Samuel,Novak,Advertising & Marketing,,,,,
1434.0,Nicholas,Martinez,Business Products & Services,,,,,
1435.0,Anna,Anderson,IT System Development,,,,,
1436.0,Ivy,Carter,Construction,,,,,
1437.0,Timothy,Lopez,Telecommunications,,,,,
1438.0,Roman,Robinson,Financial Services,,,,,
1439.0,Georgia,Thompson,Environmental Services,,,,,
1440.0,Emily,Rossi,Health,,,,,
1441.0,Nicholas,Martin,Health,,,,,
1442.0,Max,Johnson,Security,,,,,
1443.0,Spyros,Moore,Construction,,,,,
1444.0,Leo,Nelson,Manufacturing,,,,,
1445.0,Mark,Lee,Business Products & Services,,,,,
1446.0,Andreas,Anderson,Business Products & Services,,,,,
1447.0,Peter,Nelson,Real Estate,,,,,
1448.0,Nadia,Smith,Consumer Products & Services,,,,,
1449.0,Paul,Thompson,Business Products & Services,,,,,
1450.0,Catherine,Lewis,Advertising & Marketing,,,,,
1451.0,Sara,Dubois,Human Resources,,,,,
1452.0,Nicole,King,Government Services,,,,,
1453.0,Katerina,Schmidt,Advertising & Marketing,,,,,
1454.0,Leah,Scott,Insurance,,,,,
1455.0,Lucas,Walker,Retail,,,,,
1456.0,Ivy,Sanchez,Health,,,,,
1457.0,Martin,Mitchell,Business Products & Services,,,,,
1458.0,Nicole,Taylor,Advertising & Marketing,,,,,
1459.0,Victor,Clark,Manufacturing,,,,,
1460.0,Bianca,Bianchi,Business Products & Services,,,,,
1461.0,Lucy,Anderson,Advertising & Marketing,,,,,
1462.0,Peter,Nelson,Financial Services,,,,,
1463.0,Thomas,King,Software,,,,,
1464.0,Michael,Gonzalez,Engineering,,,,,
1465.0,Andrew,Scott,Consumer Products & Services,,,,,
1466.0,Marina,Lewis,Government Services,,,,,
1467.0,Chloe,Robinson,Consumer Products & Services,,,,,
1468.0,Grace,Wright,Business Products & Services,,,,,
1469.0,Emily,Bianchi,Health,,,,,
1470.0,Claire,Taylor,Advertising & Marketing,,,,,
1471.0,Peter,Scott,Software,,,,,
1472.0,Natalie,Sanchez,Software,,,,,
1473.0,Claire,Thomas,Business Products & Services,,,,,
1474.0,Georgia,Sanchez,Software,,,,,
1475.0,George,Robinson,Security,,,,,
1476.0,Jasmine,Smith,IT Management,,,,,
1477.0,George,Lombardi,Engineering,,,,,
1478.0,Noah,Jones,Business Products & Services,,,,,
1479.0,Ivy,Harris,Business Products & Services,,,,,
1480.0,Liam,Martin,Business Products & Services,,,,,
1481.0,James,Lee,Telecommunications,,,,,
1482.0,Jasmine,Moore,Financial Services,,,,,
1483.0,Claire,Martin,Software,,,,,
1484.0,Theodora,Anderson,Human Resources,,,,,
1485.0,Emily,White,Security,,,,,
1486.0,Leo,Carter,Real Estate,,,,,
1487.0,Kostas,Nielsen,Consumer Products & Services,,,,,
1488.0,Robert,Dubois,IT Management,,,,,
1489.0,James,Garcia,Advertising & Marketing,,,,,
1490.0,Andreas,Bianchi,Financial Services,,,,,
1491.0,Adrian,Hernandez,Manufacturing,,,,,
1492.0,Theodora,Clark,Logistics & Transportation,,,,,
1493.0,Roxanne,Wright,Logistics & Transportation,,,,,
1494.0,Veronica,Allen,Advertising & Marketing,,,,,
1495.0,John,Adams,IT System Development,,,,,
1496.0,Victoria,Rossi,Financial Services,,,,,
1497.0,Michael,Smith,Real Estate,,,,,
1498.0,Timothy,Schmidt,Software,,,,,
1499.0,Nicholas,Scott,Business Products & Services,,,,,
1500.0,Laura,Martin,IT Management,,,,,
1501.0,Liam,Schmidt,Security,,,,,
1502.0,Adrian,Hernandez,Environmental Services,,,,,
1503.0,Athena,Lewis,IT Management,,,,,
1504.0,Penelope,Lombardi,Business Products & Services,,,,,
1505.0,Max,Williams,Energy,,,,,
1506.0,Spyros,Walker,Security,,,,,
1507.0,Joseph,Rossi,Insurance,,,,,
1508.0,Andrew,Davis,Business Products & Services,,,,,
1509.0,Philip,Harris,Logistics & Transportation,,,,,
1510.0,Alex,King,Engineering,,,,,
1511.0,Natalie,Jones,Insurance,,,,,
1512.0,James,White,Consumer Products & Services,,,,,
1513.0,Andrew,Baker,IT Management,,,,,
1514.0,Lucy,Green,IT System Development,,,,,
1515.0,Helen,Schmidt,Logistics & Transportation,,,,,
1516.0,Christopher,Green,Logistics & Transportation,,,,,
1517.0,Alice,Miller,Energy,,,,,
1518.0,Andreas,Brown,Business Products & Services,,,,,
1519.0,Leah,Young,Software,,,,,
1520.0,Nicholas,Adams,Human Resources,,,,,
1521.0,Georgia,Scott,Consumer Products & Services,,,,,
1522.0,George,Jackson,Consumer Products & Services,,,,,
1523.0,Lucas,Jackson,IT System Development,,,,,
1524.0,Kostas,Thompson,Travel & Hospitality,,,,,
1525.0,Andreas,Schmidt,Travel & Hospitality,,,,,
1526.0,Evelyn,Thomas,Advertising & Marketing,,,,,
1527.0,Leo,Novak,Travel & Hospitality,,,,,
1528.0,Natalie,Bianchi,Advertising & Marketing,,,,,
1529.0,Evelyn,Jackson,Construction,,,,,
1530.0,Jason,Martin,Health,,,,,
1531.0,Harris,Novak,Real Estate,,,,,
1532.0,Michael,Horvath,Health,,,,,
1533.0,Olivia,Allen,Manufacturing,,,,,
1534.0,Nicole,Thomas,Advertising & Marketing,,,,,
1535.0,Harris,Williams,Construction,,,,,
1536.0,Maria,Carter,Financial Services,,,,,
1537.0,Theodora,White,Advertising & Marketing,,,,,
1538.0,Veronica,Baker,Engineering,,,,,
1539.0,Ivy,White,Software,,,,,
1540.0,Marina,Miller,Software,,,,,
1541.0,Spyros,Schmidt,Engineering,,,,,
1542.0,Peter,Hernandez,Health,,,,,
1543.0,Christina,Dubois,Consumer Products & Services,,,,,
1544.0,Mark,Jones,Financial Services,,,,,
1545.0,Martin,Martinez,Business Products & Services,,,,,
1546.0,Samuel,Scott,Software,,,,,
1547.0,David,Lee,Engineering,,,,,
1548.0,Lydia,Brown,Software,,,,,
1549.0,Penelope,Moore,IT System Development,,,,,
1550.0,Sofia,Martin,Advertising & Marketing,,,,,
1551.0,Bianca,Jackson,Software,,,,,
1552.0,Elisa,Nelson,IT Services,,,,,
1553.0,Andreas,Muller,Human Resources,,,,,
1554.0,William,Nelson,Software,,,,,
1555.0,Andreas,Sanchez,Government Services,,,,,
1556.0,Ivy,Allen,Manufacturing,,,,,
1557.0,Nikoleta,Davis,Financial Services,,,,,
1558.0,John,Green,Government Services,,,,,
1559.0,Richard,Brown,Construction,,,,,
1560.0,William,Gonzalez,Advertising & Marketing,,,,,
1561.0,Marina,Rossi,Construction,,,,,
1562.0,Anna,Jones,Retail,,,,,
1563.0,Diana,Hernandez,Security,,,,,
1564.0,Spyros,Sanchez,Health,,,,,
1565.0,Victor,Garcia,Logistics & Transportation,,,,,
1566.0,Benjamin,Young,Business Products & Services,,,,,
1567.0,Natalie,Miller,Manufacturing,,,,,
1568.0,Julia,Sanchez,Financial Services,,,,,
1569.0,Mark,Hernandez,Software,,,,,
1570.0,Vasilis,Davis,Consumer Products & Services,,,,,
1571.0,Katerina,Green,Construction,,,,,
1572.0,Julia,Nelson,Advertising & Marketing,,,,,
1573.0,Paul,Moore,Health,,,,,
1574.0,George,Carter,Financial Services,,,,,
1575.0,Emily,Wright,Advertising & Marketing,,,,,
1576.0,Maya,Lee,Business Products & Services,,,,,
1577.0,Olivia,Adams,Consumer Products & Services,,,,,
1578.0,Paula,Smith,Business Products & Services,,,,,
1579.0,Isabella,Nelson,Consumer Products & Services,,,,,
1580.0,Michael,Hall,Advertising & Marketing,,,,,
1581.0,Katerina,Garcia,Health,,,,,
1582.0,Sofia,Dubois,Insurance,,,,,
1583.0,Elisa,Young,Energy,,,,,
1584.0,Peter,Nielsen,Travel & Hospitality,,,,,
1585.0,Nikos,Bianchi,Government Services,,,,,
1586.0,John,Hernandez,Consumer Products & Services,,,,,
1587.0,David,Nelson,IT Management,,,,,
1588.0,Arthur,Rossi,Consumer Products & Services,,,,,
1589.0,Christina,Mitchell,Government Services,,,,,
1590.0,Diana,Muller,Retail,,,,,
1591.0,Michael,Allen,IT Management,,,,,
1592.0,Hugo,Smith,Food & Beverage,,,,,
1593.0,Max,Thompson,Advertising & Marketing,,,,,
1594.0,Dimitris,Muller,Health,,,,,
1595.0,Rebecca,Perez,Software,,,,,
1596.0,Eva,Carter,Health,,,,,
1597.0,Sara,White,Manufacturing,,,,,
1598.0,Jasmine,Wright,Software,,,,,
1599.0,Georgia,Rossi,IT Management,,,,,
1600.0,Angelina,Thomas,Government Services,,,,,
1601.0,Jason,Harris,Financial Services,,,,,
1602.0,Richard,King,Manufacturing,,,,,
1603.0,Lucy,Sanchez,Food & Beverage,,,,,
1604.0,Katerina,King,Construction,,,,,
1605.0,Nikoleta,Lopez,Food & Beverage,,,,,
1606.0,Stella,Bianchi,Business Products & Services,,,,,
1607.0,Liam,Lee,Human Resources,,,,,
1608.0,Katerina,Thompson,Media,,,,,
1609.0,William,Green,Software,,,,,
1610.0,Evelyn,Jackson,IT Management,,,,,
1611.0,Marta,Harris,Logistics & Transportation,,,,,
1612.0,Ivy,White,Food & Beverage,,,,,
1613.0,Evelyn,Kowalski,Software,,,,,
1614.0,Peter,Baker,Health,,,,,
1615.0,Hugo,King,Construction,,,,,
1616.0,Samuel,Lee,Consumer Products & Services,,,,,
1617.0,David,Rossi,Health,,,,,
1618.0,Victor,Young,Consumer Products & Services,,,,,
1619.0,Michael,Garcia,Advertising & Marketing,,,,,
1620.0,Matthew,Muller,Government Services,,,,,
1621.0,Georgia,Thomas,Financial Services,,,,,
1622.0,Michael,Wright,Insurance,,,,,
1623.0,Nicholas,Smith,Engineering,,,,,
1624.0,Harris,Gonzalez,Construction,,,,,
1625.0,Timothy,King,Health,,,,,
1626.0,Paula,Sanchez,Telecommunications,,,,,
1627.0,Andrew,Wright,Financial Services,,,,,
1628.0,Paula,Taylor,Retail,,,,,
1629.0,Martin,Thomas,Government Services,,,,,
1630.0,Ivy,Jones,IT Management,,,,,
1631.0,Matthew,Muller,Advertising & Marketing,,,,,
1632.0,Catherine,Hall,IT Management,,,,,
1633.0,Hugo,Kowalski,Logistics & Transportation,,,,,
1634.0,David,Lee,Logistics & Transportation,,,,,
1635.0,Helen,Davis,Logistics & Transportation,,,,,
1636.0,Paula,Young,Manufacturing,,,,,
1637.0,John,Harris,Retail,,,,,
1638.0,Alex,Rossi,Health,,,,,
1639.0,Victor,Kowalski,Manufacturing,,,,,
1640.0,Eleni,Green,Advertising & Marketing,,,,,
1641.0,Athena,Thomas,IT Management,,,,,
1642.0,Rebecca,Hernandez,Health,,,,,
1643.0,Laura,Nielsen,IT Management,,,,,
1644.0,Diana,Davis,Manufacturing,,,,,
1645.0,Lucas,Muller,Retail,,,,,
1646.0,Theodora,Martin,Consumer Products & Services,,,,,
1647.0,Natalie,Moore,IT System Development,,,,,
1648.0,Harris,Lee,Consumer Products & Services,,,,,
1649.0,Roxanne,King,Real Estate,,,,,
1650.0,Ivy,Lee,Government Services,,,,,
1651.0,Angelina,Gonzalez,IT Management,,,,,
1652.0,Maria,Nielsen,Government Services,,,,,
1653.0,Michael,Scott,Travel & Hospitality,,,,,
1654.0,Leah,Sanchez,Advertising & Marketing,,,,,
1655.0,Isabella,Davis,Health,,,,,
1656.0,Lucy,Kowalski,Business Products & Services,,,,,
1657.0,Spyros,Lee,Insurance,,,,,
1658.0,Lucas,Mitchell,Software,,,,,
1659.0,Olivia,Moore,Business Products & Services,,,,,
1660.0,Jason,Adams,IT Management,,,,,
1661.0,Andreas,Kowalski,Human Resources,,,,,
1662.0,Spyros,Anderson,Government Services,,,,,
1663.0,Philip,Gonzalez,Business Products & Services,,,,,
1664.0,Elisa,Taylor,Security,,,,,
1665.0,Nicole,Hernandez,Real Estate,,,,,
1666.0,Natalie,Nielsen,Business Products & Services,,,,,
1667.0,Victor,Walker,Software,,,,,
1668.0,Victor,Taylor,Insurance,,,,,
1669.0,Lydia,Taylor,Construction,,,,,
1670.0,Liam,Mitchell,Media,,,,,
1671.0,Jack,Lombardi,Manufacturing,,,,,
1672.0,Ivy,Taylor,Health,,,,,
1673.0,Spyros,Gonzalez,Construction,,,,,
1674.0,Henry,Scott,Software,,,,,
1675.0,Adrian,Sanchez,IT Management,,,,,
1676.0,Dimitris,Bianchi,Retail,,,,,
1677.0,Katerina,Carter,Consumer Products & Services,,,,,
1678.0,Kostas,Perez,Software,,,,,
1679.0,Maria,Nielsen,Software,,,,,
1680.0,Daniel,Dubois,Software,,,,,
1681.0,Evelyn,White,Government Services,,,,,
1682.0,Alex,Martin,Health,,,,,
1683.0,Ivy,Thompson,Business Products & Services,,,,,
1684.0,Jason,Sanchez,Travel & Hospitality,,,,,
1685.0,Alice,Lee,Human Resources,,,,,
1686.0,Mark,Lewis,Business Products & Services,,,,,
1687.0,Timothy,Anderson,Advertising & Marketing,,,,,
1688.0,Ivy,Lee,Insurance,,,,,
1689.0,Claire,Harris,Manufacturing,,,,,
1690.0,Claire,Dubois,Food & Beverage,,,,,
1691.0,Paula,Clark,IT System Development,,,,,
1692.0,Andreas,Schmidt,Business Products & Services,,,,,
1693.0,Martin,Gonzalez,Business Products & Services,,,,,
1694.0,Leo,Young,Consumer Products & Services,,,,,
1695.0,Athena,Lee,Manufacturing,,,,,
1696.0,Jason,Hall,Business Products & Services,,,,,
1697.0,Timothy,Adams,Software,,,,,
1698.0,Nikoleta,Walker,Business Products & Services,,,,,
1699.0,Eva,Muller,Construction,,,,,
1700.0,Stella,Perez,Health,,,,,
1701.0,William,Smith,Education,,,,,
1702.0,Eva,Muller,Software,,,,,
1703.0,Katerina,Walker,IT Services,,,,,
1704.0,Bianca,Brown,Business Products & Services,,,,,
1705.0,Henry,Perez,IT Services,,,,,
1706.0,Emily,Clark,Advertising & Marketing,,,,,
1707.0,Max,Bianchi,Engineering,,,,,
1708.0,Leo,Martinez,Travel & Hospitality,,,,,
1709.0,Helen,Allen,Insurance,,,,,
1710.0,Laura,Nielsen,Construction,,,,,
1711.0,Lucy,White,Environmental Services,,,,,
1712.0,Jasmine,Johnson,Logistics & Transportation,,,,,
1713.0,Sara,Horvath,Business Products & Services,,,,,
1714.0,Marina,Hernandez,Software,,,,,
1715.0,Kostas,Moore,Security,,,,,
1716.0,Philip,Lombardi,Construction,,,,,
1717.0,Matthew,Horvath,Business Products & Services,,,,,
1718.0,Harris,Thompson,Manufacturing,,,,,
1719.0,Nikos,Lopez,Food & Beverage,,,,,
1720.0,Nikoleta,Lewis,Business Products & Services,,,,,
1721.0,Jason,Johnson,Health,,,,,
1722.0,Christopher,Gonzalez,Travel & Hospitality,,,,,
1723.0,Spyros,Hall,Software,,,,,
1724.0,Alexandra,Robinson,Logistics & Transportation,,,,,
1725.0,Victor,Gonzalez,Consumer Products & Services,,,,,
1726.0,Paul,Baker,Software,,,,,
1727.0,Joseph,Baker,Consumer Products & Services,,,,,
1728.0,Georgia,Schmidt,Health,,,,,
1729.0,Maria,Hernandez,Retail,,,,,
1730.0,Philip,Moore,Telecommunications,,,,,
1731.0,Nikos,Mitchell,IT Management,,,,,
1732.0,Catherine,King,Financial Services,,,,,
1733.0,Roman,Young,Software,,,,,
1734.0,Nikoleta,White,Education,,,,,
1735.0,Jack,Davis,Health,,,,,
1736.0,Olivia,Jones,Financial Services,,,,,
1737.0,Marta,Jackson,Computer Hardware,,,,,
1738.0,Zoe,Taylor,Retail,,,,,
1739.0,Philip,Gonzalez,Software,,,,,
1740.0,Paula,Dubois,Consumer Products & Services,,,,,
1741.0,Laura,Sanchez,Telecommunications,,,,,
1742.0,Emily,Dubois,Advertising & Marketing,,,,,
1743.0,Gregory,Nelson,Energy,,,,,
1744.0,Maya,Sanchez,Advertising & Marketing,,,,,
1745.0,Liam,Williams,Software,,,,,
1746.0,Marina,Nielsen,Software,,,,,
1747.0,Stella,Lombardi,Food & Beverage,,,,,
1748.0,Liam,Robinson,Government Services,,,,,
1749.0,Nikos,Novak,Advertising & Marketing,,,,,
1750.0,Roxanne,Horvath,Construction,,,,,
1751.0,Lucas,Wright,Construction,,,,,
1752.0,Gregory,Jackson,Environmental Services,,,,,
1753.0,Oscar,White,Manufacturing,,,,,
1754.0,Timothy,Carter,Advertising & Marketing,,,,,
1755.0,Marta,Nelson,Construction,,,,,
1756.0,Peter,Robinson,Insurance,,,,,
1757.0,Alex,Brown,Health,,,,,
1758.0,Hugo,Davis,Business Products & Services,,,,,
1759.0,Isabella,Brown,Food & Beverage,,,,,
1760.0,Zoe,Rossi,Business Products & Services,,,,,
1761.0,Nicholas,Harris,Human Resources,,,,,
1762.0,Stella,White,Logistics & Transportation,,,,,
1763.0,Paula,Green,Real Estate,,,,,
1764.0,Irene,Lewis,Logistics & Transportation,,,,,
1765.0,Leo,Young,Advertising & Marketing,,,,,
1766.0,Philip,Lopez,Real Estate,,,,,
1767.0,Alex,Garcia,IT Management,,,,,
1768.0,Roxanne,Sanchez,Government Services,,,,,
1769.0,Alexandra,Martinez,Media,,,,,
1770.0,Theodora,Schmidt,Advertising & Marketing,,,,,
1771.0,Patricia,Jones,Advertising & Marketing,,,,,
1772.0,Vasilis,Gonzalez,IT System Development,,,,,
1773.0,Noah,Nielsen,Advertising & Marketing,,,,,
1774.0,Irene,Dubois,Business Products & Services,,,,,
1775.0,Jason,Perez,Software,,,,,
1776.0,Joseph,Anderson,IT System Development,,,,,
1777.0,Christos,Anderson,Business Products & Services,,,,,
1778.0,Joseph,Nelson,Construction,,,,,
1779.0,Hugo,Lee,Engineering,,,,,
1780.0,Robert,Adams,Manufacturing,,,,,
1781.0,Olivia,Hernandez,Food & Beverage,,,,,
1782.0,Robert,Baker,Logistics & Transportation,,,,,
1783.0,Zoe,Miller,Business Products & Services,,,,,
1784.0,Catherine,Young,Security,,,,,
1785.0,Joseph,Jackson,Advertising & Marketing,,,,,
1786.0,Dimitris,Gonzalez,Real Estate,,,,,
1787.0,Harris,Adams,Media,,,,,
1788.0,Dimitris,Green,Advertising & Marketing,,,,,
1789.0,Anthony,Muller,Energy,,,,,
1790.0,Maria,Lombardi,Software,,,,,
1791.0,Timothy,Thompson,Advertising & Marketing,,,,,
1792.0,Irene,Baker,Financial Services,,,,,
1793.0,Natalie,Scott,Retail,,,,,
1794.0,Irene,Lopez,Construction,,,,,
1795.0,Grace,Novak,Software,,,,,
1796.0,Nikos,Johnson,IT Management,,,,,
1797.0,Timothy,Martinez,IT System Development,,,,,
1798.0,Jason,Nielsen,Construction,,,,,
1799.0,Arthur,Nielsen,Government Services,,,,,
1800.0,Hugo,Jones,Government Services,,,,,
1801.0,Richard,Novak,IT Management,,,,,
1802.0,Patricia,Horvath,Software,,,,,
1803.0,Emily,Schmidt,Consumer Products & Services,,,,,
1804.0,Christos,Gonzalez,Health,,,,,
1805.0,Jasmine,Lewis,Manufacturing,,,,,
1806.0,Andreas,Nielsen,Engineering,,,,,
1807.0,Alex,Young,Health,,,,,
1808.0,Nikos,Schmidt,Logistics & Transportation,,,,,
1809.0,Nikoleta,Moore,Business Products & Services,,,,,
1810.0,Helen,Thomas,IT System Development,,,,,
1811.0,Jason,Gonzalez,Financial Services,,,,,
1812.0,Benjamin,Allen,Government Services,,,,,
1813.0,Jasmine,Martin,Logistics & Transportation,,,,,
1814.0,Katerina,Allen,Software,,,,,
1815.0,Alex,Lewis,Financial Services,,,,,
1816.0,Bianca,Harris,IT Services,,,,,
1817.0,Roxanne,Hernandez,Consumer Products & Services,,,,,
1818.0,Daniel,Kowalski,Advertising & Marketing,,,,,
1819.0,Patricia,Horvath,Financial Services,,,,,
1820.0,William,Thompson,Software,,,,,
1821.0,Harris,Thompson,Construction,,,,,
1822.0,Vasilis,Carter,Construction,,,,,
1823.0,Andrew,Schmidt,Retail,,,,,
1824.0,Vasilis,Johnson,IT Management,,,,,
1825.0,Gregory,Martinez,Advertising & Marketing,,,,,
1826.0,Sofia,Garcia,Advertising & Marketing,,,,,
1827.0,Philip,Bianchi,Financial Services,,,,,
1828.0,Penelope,Perez,Business Products & Services,,,,,
1829.0,Arthur,Hall,Health,,,,,
1830.0,Marta,Walker,Logistics & Transportation,,,,,
1831.0,Peter,Wright,Telecommunications,,,,,
1832.0,Catherine,Brown,Business Products & Services,,,,,
1833.0,Nikos,Scott,Advertising & Marketing,,,,,
1834.0,Katerina,Brown,IT Management,,,,,
1835.0,Timothy,King,Real Estate,,,,,
1836.0,Thomas,Lewis,IT System Development,,,,,
1837.0,Harris,Johnson,Business Products & Services,,,,,
1838.0,Jasmine,Adams,Food & Beverage,,,,,
1839.0,Victor,Hall,Real Estate,,,,,
1840.0,David,Williams,Food & Beverage,,,,,
1841.0,Philip,King,Financial Services,,,,,
1842.0,Thomas,Gonzalez,Software,,,,,
1843.0,Max,Green,Logistics & Transportation,,,,,
1844.0,Catherine,Wright,Food & Beverage,,,,,
1845.0,Benjamin,Lopez,Advertising & Marketing,,,,,
1846.0,Noah,Adams,Advertising & Marketing,,,,,
1847.0,Mark,Harris,Advertising & Marketing,,,,,
1848.0,Theodora,Rossi,Consumer Products & Services,,,,,
1849.0,Paul,Jones,Business Products & Services,,,,,
1850.0,Lucas,Schmidt,IT Management,,,,,
1851.0,Lucy,Jones,Software,,,,,
1852.0,Christina,Adams,Government Services,,,,,
1853.0,Emily,Miller,Real Estate,,,,,
1854.0,Andrew,Baker,Software,,,,,
1855.0,Christina,Nielsen,Government Services,,,,,
1856.0,Georgia,Garcia,Human Resources,,,,,
1857.0,Gregory,Green,Government Services,,,,,
1858.0,Julia,Taylor,Logistics & Transportation,,,,,
1859.0,Matthew,King,Business Products & Services,,,,,
1860.0,Thomas,Miller,Manufacturing,,,,,
1861.0,Athena,Adams,Business Products & Services,,,,,
1862.0,Daniel,Allen,Construction,,,,,
1863.0,Lucy,Mitchell,Financial Services,,,,,
1864.0,Katerina,Bianchi,Advertising & Marketing,,,,,
1865.0,Alexandra,Hernandez,Consumer Products & Services,,,,,
1866.0,Grace,Muller,Advertising & Marketing,,,,,
1867.0,Henry,Jones,Software,,,,,
1868.0,Kostas,Nielsen,Retail,,,,,
1869.0,Leah,Kowalski,Financial Services,,,,,
1870.0,Theodora,Hall,Software,,,,,
1871.0,Roman,White,Business Products & Services,,,,,
1872.0,Sara,Allen,Software,,,,,
1873.0,Patricia,Young,Consumer Products & Services,,,,,
1874.0,Paula,Schmidt,Business Products & Services,,,,,
1875.0,Theodora,Anderson,Advertising & Marketing,,,,,
1876.0,James,Bianchi,Government Services,,,,,
1877.0,Leah,Harris,Software,,,,,
1878.0,Marta,Jones,Financial Services,,,,,
1879.0,Victor,Thomas,Real Estate,,,,,
1880.0,Maya,Bianchi,Business Products & Services,,,,,
1881.0,Olivia,Adams,Construction,,,,,
1882.0,Georgia,Harris,Retail,,,,,
1883.0,Marta,Allen,Consumer Products & Services,,,,,
1884.0,Jasmine,Scott,Construction,,,,,
1885.0,Victor,Nielsen,Consumer Products & Services,,,,,
1886.0,Leo,Novak,Construction,,,,,
1887.0,Adrian,Schmidt,Construction,,,,,
1888.0,Maria,Hall,Software,,,,,
1889.0,Laura,Johnson,Advertising & Marketing,,,,,
1890.0,Alexandra,Walker,Health,,,,,
1891.0,Max,Adams,Business Products & Services,,,,,
1892.0,Matthew,Lopez,Software,,,,,
1893.0,Diana,Smith,Insurance,,,,,
1894.0,Diana,Mitchell,Construction,,,,,
1895.0,Philip,Robinson,Financial Services,,,,,
1896.0,Liam,Johnson,Real Estate,,,,,
1897.0,Joseph,Smith,Government Services,,,,,
1898.0,Michael,Martin,Manufacturing,,,,,
1899.0,Claire,Gonzalez,Security,,,,,
1900.0,Penelope,Hall,Advertising & Marketing,,,,,
1901.0,Lucas,Anderson,Software,,,,,
1902.0,David,Thompson,Government Services,,,,,
1903.0,Stella,Martin,Telecommunications,,,,,
1904.0,Christina,Nelson,Logistics & Transportation,,,,,
1905.0,Athena,Kowalski,Government Services,,,,,
1906.0,Eleni,Nielsen,Food & Beverage,,,,,
1907.0,Lucas,Gonzalez,IT Management,,,,,
1908.0,Ivy,Green,Advertising & Marketing,,,,,
1909.0,Eleni,Allen,Health,,,,,
1910.0,Anthony,Bianchi,Consumer Products & Services,,,,,
1911.0,Bianca,Lombardi,Security,,,,,
1912.0,Christos,Hernandez,Financial Services,,,,,
1913.0,Zoe,Nielsen,Advertising & Marketing,,,,,
1914.0,Mark,Adams,Education,,,,,
1915.0,Katerina,Clark,Consumer Products & Services,,,,,
1916.0,Lydia,Horvath,Logistics & Transportation,,,,,
1917.0,Laura,Adams,Financial Services,,,,,
1918.0,Oscar,Anderson,Software,,,,,
1919.0,Helen,Hernandez,Consumer Products & Services,,,,,
1920.0,Evelyn,Nielsen,Human Resources,,,,,
1921.0,Jasmine,Anderson,Media,,,,,
1922.0,Sara,Moore,Manufacturing,,,,,
1923.0,Christos,Lee,Financial Services,,,,,
1924.0,Julia,Thomas,IT System Development,,,,,
1925.0,Stephen,Davis,Energy,,,,,
1926.0,Harris,Johnson,Financial Services,,,,,
1927.0,Isabella,Green,Consumer Products & Services,,,,,
1928.0,Thomas,Carter,Government Services,,,,,
1929.0,Marina,Williams,Consumer Products & Services,,,,,
1930.0,Michael,Nielsen,Business Products & Services,,,,,
1931.0,Stella,Martinez,Logistics & Transportation,,,,,
1932.0,Gregory,Green,Education,,,,,
1933.0,Sara,Clark,Engineering,,,,,
1934.0,Penelope,Jones,Business Products & Services,,,,,
1935.0,Samuel,Gonzalez,Manufacturing,,,,,
1936.0,Harris,Gonzalez,Construction,,,,,
1937.0,David,Martin,Logistics & Transportation,,,,,
1938.0,Harris,Lombardi,IT Management,,,,,
1939.0,Samuel,Moore,Real Estate,,,,,
1940.0,Maya,Hernandez,Software,,,,,
1941.0,Mark,Lee,Business Products & Services,,,,,
1942.0,Mark,Taylor,Media,,,,,
1943.0,Kostas,Hall,Manufacturing,,,,,
1944.0,Veronica,White,Real Estate,,,,,
1945.0,Henry,Martin,Food & Beverage,,,,,
1946.0,Maya,Moore,Human Resources,,,,,
1947.0,Arthur,Nielsen,IT Management,,,,,
1948.0,Jack,Clark,Food & Beverage,,,,,
1949.0,Jason,Johnson,Advertising & Marketing,,,,,
1950.0,Robert,Martinez,Telecommunications,,,,,
1951.0,Noah,Young,Advertising & Marketing,,,,,
1952.0,Kostas,Garcia,Security,,,,,
1953.0,Kostas,Robinson,Health,,,,,
1954.0,Paula,Johnson,Software,,,,,
1955.0,Elisa,Young,Software,,,,,
1956.0,Hugo,Schmidt,Software,,,,,
1957.0,Sofia,Schmidt,IT Management,,,,,
1958.0,Anthony,Moore,Human Resources,,,,,
1959.0,Benjamin,Robinson,Human Resources,,,,,
1960.0,Athena,Brown,IT Services,,,,,
1961.0,Victor,Young,Retail,,,,,
1962.0,Catherine,Young,Energy,,,,,
1963.0,Arthur,Walker,Advertising & Marketing,,,,,
1964.0,Paul,Hernandez,Software,,,,,
1965.0,Martin,Moore,IT System Development,,,,,
1966.0,Isabella,Nielsen,Financial Services,,,,,
1967.0,Matthew,Robinson,Manufacturing,,,,,
1968.0,John,Nelson,Manufacturing,,,,,
1969.0,Claire,Garcia,Government Services,,,,,
1970.0,David,Miller,Human Resources,,,,,
1971.0,William,Thomas,Financial Services,,,,,
1972.0,Paula,King,Food & Beverage,,,,,
1973.0,Laura,Nelson,Software,,,,,
1974.0,Nikoleta,Dubois,Manufacturing,,,,,
1975.0,Lucy,Scott,Health,,,,,
1976.0,Lucy,Garcia,Health,,,,,
1977.0,Max,Taylor,Financial Services,,,,,
1978.0,Andreas,Muller,Advertising & Marketing,,,,,
1979.0,Christopher,Moore,Advertising & Marketing,,,,,
1980.0,Roman,Garcia,Real Estate,,,,,
1981.0,Elisa,Wright,Construction,,,,,
1982.0,Nicholas,Schmidt,Health,,,,,
1983.0,Anthony,Carter,Consumer Products & Services,,,,,
1984.0,Patricia,Clark,Government Services,,,,,
1985.0,Oscar,Schmidt,Health,,,,,
1986.0,Matthew,Gonzalez,Advertising & Marketing,,,,,
1987.0,Diana,Perez,Advertising & Marketing,,,,,
1988.0,Henry,Hernandez,IT Management,,,,,
1989.0,Joseph,Moore,Energy,,,,,
1990.0,Vasilis,Miller,Human Resources,,,,,
1991.0,Henry,King,Retail,,,,,
1992.0,Angelina,Lewis,Construction,,,,,
1993.0,Stephen,Sanchez,Engineering,,,,,
1994.0,Liam,Thompson,Consumer Products & Services,,,,,
1995.0,Helen,King,Consumer Products & Services,,,,,
1996.0,Rebecca,Garcia,Software,,,,,
1997.0,Christina,Allen,Human Resources,,,,,
1998.0,Martin,Johnson,IT Management,,,,,
1999.0,Catherine,Smith,Health,,,,,
2000.0,Victoria,Robinson,Advertising & Marketing,,,,,
2001.0,Isabella,Perez,Insurance,,,,,
2002.0,Philip,Walker,Manufacturing,,,,,
2003.0,Nikoleta,Davis,Human Resources,,,,,
2004.0,William,Clark,Business Products & Services,,,,,
2005.0,Julia,Lewis,Health,,,,,
2006.0,Nikos,Lee,Engineering,,,,,
2007.0,Anthony,Jones,IT Management,,,,,
2008.0,Paula,Hall,Advertising & Marketing,,,,,
2009.0,Catherine,Bianchi,IT Management,,,,,
2010.0,Rebecca,Lee,Advertising & Marketing,,,,,
2011.0,Nicholas,Martin,Insurance,,,,,
2012.0,Matthew,Novak,Education,,,,,
2013.0,Paul,Miller,Food & Beverage,,,,,
2014.0,Victor,Bianchi,Education,,,,,
2015.0,Nikos,Bianchi,Consumer Products & Services,,,,,
2016.0,Spyros,Robinson,Insurance,,,,,
2017.0,Alexandra,Sanchez,Advertising & Marketing,,,,,
2018.0,Leah,Johnson,Business Products & Services,,,,,
2019.0,Henry,White,Construction,,,,,
2020.0,Matthew,Dubois,Advertising & Marketing,,,,,
2021.0,Christopher,Bianchi,Software,,,,,
2022.0,Julia,Gonzalez,Manufacturing,,,,,
2023.0,Emily,Williams,Software,,,,,
2024.0,Victoria,Anderson,Government Services,,,,,
2025.0,Noah,Jackson,Financial Services,,,,,
2026.0,Stephen,Thomas,Construction,,,,,
2027.0,Kostas,Adams,Construction,,,,,
2028.0,Vasilis,Smith,IT Management,,,,,
2029.0,Jasmine,Martinez,Construction,,,,,
2030.0,Joseph,Scott,Energy,,,,,
2031.0,Roman,Anderson,IT Services,,,,,
2032.0,Lucas,Martinez,Construction,,,,,
2033.0,Jasmine,Novak,Government Services,,,,,
2034.0,Martin,Sanchez,Advertising & Marketing,,,,,
2035.0,Marta,Muller,Consumer Products & Services,,,,,
2036.0,Theodora,Williams,IT System Development,,,,,
2037.0,Penelope,Brown,Advertising & Marketing,,,,,
2038.0,Claire,Carter,Real Estate,,,,,
2039.0,Nicholas,Moore,Government Services,,,,,
2040.0,David,Schmidt,Health,,,,,
2041.0,Daniel,Lombardi,Software,,,,,
2042.0,Marta,Lopez,IT System Development,,,,,
2043.0,Samuel,Lewis,Construction,,,,,
2044.0,Noah,Mitchell,Manufacturing,,,,,
2045.0,Eleni,Perez,Advertising & Marketing,,,,,
2046.0,Dimitris,Taylor,Business Products & Services,,,,,
2047.0,Laura,Perez,Computer Hardware,,,,,
2048.0,Patricia,Thomas,Environmental Services,,,,,
2049.0,Bianca,Thomas,IT Services,,,,,
2050.0,Thomas,Scott,Government Services,,,,,
2051.0,Paula,Anderson,Real Estate,,,,,
2052.0,Zoe,Schmidt,Logistics & Transportation,,,,,
2053.0,Sara,Lombardi,Food & Beverage,,,,,
2054.0,Emily,Thomas,Environmental Services,,,,,
2055.0,Joseph,Lewis,Business Products & Services,,,,,
2056.0,Nadia,Garcia,Software,,,,,
2057.0,Eva,Taylor,Health,,,,,
2058.0,Maya,Johnson,Manufacturing,,,,,
2059.0,Harris,Wright,Consumer Products & Services,,,,,
2060.0,Victor,Moore,Logistics & Transportation,,,,,
2061.0,Elisa,Lee,Business Products & Services,,,,,
2062.0,Marta,Walker,Human Resources,,,,,
2063.0,Patricia,Rossi,Government Services,,,,,
2064.0,Dimitris,Lewis,Human Resources,,,,,
2065.0,Harris,Thompson,Health,,,,,
2066.0,Lydia,Mitchell,Food & Beverage,,,,,
2067.0,James,Gonzalez,Construction,,,,,
2068.0,Paula,Johnson,Financial Services,,,,,
2069.0,Andreas,Johnson,Software,,,,,
2070.0,Dimitris,Harris,Engineering,,,,,
2071.0,Jason,Johnson,Retail,,,,,
2072.0,Evelyn,Sanchez,IT Management,,,,,
2073.0,Stella,Williams,Government Services,,,,,
2074.0,Helen,Schmidt,Business Products & Services,,,,,
2075.0,Spyros,Anderson,Human Resources,,,,,
2076.0,Catherine,Perez,Advertising & Marketing,,,,,
2077.0,Adrian,Williams,Logistics & Transportation,,,,,
2078.0,Joseph,Green,Health,,,,,
2079.0,Stephen,Robinson,Health,,,,,
2080.0,Laura,Muller,IT System Development,,,,,
2081.0,Adrian,Carter,Government Services,,,,,
2082.0,Bianca,Dubois,Real Estate,,,,,
2083.0,Leah,Scott,Real Estate,,,,,
2084.0,Sara,Taylor,Business Products & Services,,,,,
2085.0,Max,Taylor,Software,,,,,
2086.0,Adrian,Davis,IT Management,,,,,
2087.0,James,Smith,Software,,,,,
2088.0,Gregory,Clark,Business Products & Services,,,,,
2089.0,Spyros,Martin,Advertising & Marketing,,,,,
2090.0,Philip,Miller,Health,,,,,
2091.0,Thomas,Perez,Business Products & Services,,,,,
2092.0,Bianca,Jones,Business Products & Services,,,,,
2093.0,Timothy,Garcia,Software,,,,,
2094.0,Maria,Sanchez,Food & Beverage,,,,,
2095.0,Roman,Allen,Business Products & Services,,,,,
2096.0,Maria,Perez,Consumer Products & Services,,,,,
2097.0,Hugo,Green,Health,,,,,
2098.0,Eleni,Young,Software,,,,,
2099.0,Zoe,Martinez,Health,,,,,
2100.0,Kostas,Carter,Software,,,,,
2101.0,Marta,Rossi,IT Management,,,,,
2102.0,Lydia,Smith,Financial Services,,,,,
2103.0,Claire,Lee,Business Products & Services,,,,,
2104.0,Gregory,Sanchez,Government Services,,,,,
2105.0,Hugo,Sanchez,IT Management,,,,,
2106.0,Laura,Thompson,Manufacturing,,,,,
2107.0,Maya,Martinez,Government Services,,,,,
2108.0,Natalie,Gonzalez,Software,,,,,
2109.0,Michael,Lombardi,Consumer Products & Services,,,,,
2110.0,Victoria,Green,Manufacturing,,,,,
2111.0,James,Lewis,Security,,,,,
2112.0,Christina,Mitchell,Food & Beverage,,,,,
2113.0,Evelyn,Lombardi,Business Products & Services,,,,,
2114.0,Lucas,Horvath,IT Management,,,,,
2115.0,George,Davis,Construction,,,,,
2116.0,Athena,Sanchez,Energy,,,,,
2117.0,Roxanne,Wright,Advertising & Marketing,,,,,
2118.0,Georgia,Schmidt,Business Products & Services,,,,,
2119.0,Nadia,Adams,IT System Development,,,,,
2120.0,Arthur,Hernandez,Logistics & Transportation,,,,,
2121.0,Christos,Martinez,Food & Beverage,,,,,
2122.0,Roman,Martin,Retail,,,,,
2123.0,Arthur,King,Manufacturing,,,,,
2124.0,Irene,Martinez,Engineering,,,,,
2125.0,Leah,Anderson,Food & Beverage,,,,,
2126.0,Peter,Martin,Human Resources,,,,,
2127.0,Eva,Lombardi,Travel & Hospitality,,,,,
2128.0,Oscar,Miller,Consumer Products & Services,,,,,
2129.0,Catherine,Schmidt,Logistics & Transportation,,,,,
2130.0,Benjamin,Davis,Real Estate,,,,,
2131.0,Timothy,Horvath,Telecommunications,,,,,
2132.0,Lucy,Walker,Consumer Products & Services,,,,,
2133.0,Paul,Lopez,Manufacturing,,,,,
2134.0,James,Mitchell,Financial Services,,,,,
2135.0,Claire,Davis,Advertising & Marketing,,,,,
2136.0,Hugo,Jackson,Real Estate,,,,,
2137.0,Ivy,Martin,Construction,,,,,
2138.0,Julia,Thompson,Financial Services,,,,,
2139.0,Christina,Thomas,Consumer Products & Services,,,,,
2140.0,Nicholas,Dubois,Consumer Products & Services,,,,,
2141.0,Natalie,Lombardi,Health,,,,,
2142.0,Rebecca,Lee,Software,,,,,
2143.0,Kostas,Harris,IT Management,,,,,
2144.0,Henry,Horvath,Software,,,,,
2145.0,Stephen,Allen,Government Services,,,,,
2146.0,Ivy,Lombardi,Consumer Products & Services,,,,,
2147.0,Christopher,Nelson,Advertising & Marketing,,,,,
2148.0,Timothy,Scott,IT Management,,,,,
2149.0,Joseph,Scott,Business Products & Services,,,,,
2150.0,Paul,Adams,Business Products & Services,,,,,
2151.0,Mark,White,Advertising & Marketing,,,,,
2152.0,David,Muller,Financial Services,,,,,
2153.0,Patricia,Martinez,Human Resources,,,,,
2154.0,Nikoleta,Gonzalez,Business Products & Services,,,,,
2155.0,Laura,Hall,Software,,,,,
2156.0,Dimitris,Lewis,Food & Beverage,,,,,
2157.0,Jason,Lombardi,Financial Services,,,,,
2158.0,Peter,Anderson,Telecommunications,,,,,
2159.0,Peter,Nelson,Health,,,,,
2160.0,Arthur,Schmidt,Manufacturing,,,,,
2161.0,Lydia,Williams,Consumer Products & Services,,,,,
2162.0,Alice,Schmidt,Human Resources,,,,,
2163.0,Alice,Robinson,Human Resources,,,,,
2164.0,Angelina,Rossi,Business Products & Services,,,,,
2165.0,Ivy,Brown,IT Management,,,,,
2166.0,Julia,Hernandez,Construction,,,,,
2167.0,Matthew,Thomas,Construction,,,,,
2168.0,Christina,Smith,Security,,,,,
2169.0,Leo,Anderson,IT Management,,,,,
2170.0,Lucy,Rossi,Real Estate,,,,,
2171.0,Nicholas,Williams,Business Products & Services,,,,,
2172.0,Jasmine,Jackson,Insurance,,,,,
2173.0,Victor,Taylor,IT Management,,,,,
2174.0,Andrew,Walker,Health,,,,,
2175.0,Grace,Gonzalez,Media,,,,,
2176.0,Arthur,Smith,Business Products & Services,,,,,
2177.0,Daniel,Adams,Business Products & Services,,,,,
2178.0,Eva,Sanchez,Business Products & Services,,,,,
2179.0,Matthew,Sanchez,Insurance,,,,,
2180.0,Stephen,Clark,Business Products & Services,,,,,
2181.0,Sofia,Hernandez,Consumer Products & Services,,,,,
2182.0,Oscar,Rossi,Construction,,,,,
2183.0,Henry,Adams,IT Management,,,,,
2184.0,Benjamin,Walker,Advertising & Marketing,,,,,
2185.0,Nikoleta,Young,Engineering,,,,,
2186.0,Marta,Moore,Advertising & Marketing,,,,,
2187.0,Matthew,Allen,Construction,,,,,
2188.0,Paul,Mitchell,Construction,,,,,
2189.0,Lydia,Thompson,Education,,,,,
2190.0,Penelope,Green,Software,,,,,
2191.0,Christopher,Young,Government Services,,,,,
2192.0,Victoria,Garcia,Construction,,,,,
2193.0,John,Schmidt,Software,,,,,
2194.0,Christopher,White,IT Management,,,,,
2195.0,Marina,Bianchi,Logistics & Transportation,,,,,
2196.0,Stella,Nielsen,Software,,,,,
2197.0,Joseph,King,Advertising & Marketing,,,,,
2198.0,James,Harris,Advertising & Marketing,,,,,
2199.0,Gregory,Harris,Human Resources,,,,,
2200.0,David,Thomas,Logistics & Transportation,,,,,
2201.0,Harris,Thompson,Consumer Products & Services,,,,,
2202.0,David,Harris,Government Services,,,,,
2203.0,Alexandra,Wright,Advertising & Marketing,,,,,
2204.0,Lucas,Nielsen,Energy,,,,,
2205.0,Samuel,Baker,Business Products & Services,,,,,
2206.0,Veronica,Allen,Health,,,,,
2207.0,Max,Lombardi,Software,,,,,
2208.0,John,Davis,Health,,,,,
2209.0,Max,Lombardi,Consumer Products & Services,,,,,
2210.0,Natalie,Harris,Software,,,,,
2211.0,Maya,Muller,Human Resources,,,,,
2212.0,David,Scott,Engineering,,,,,
2213.0,Evelyn,Thompson,Energy,,,,,
2214.0,Diana,Jones,Security,,,,,
2215.0,Mark,Lewis,Construction,,,,,
2216.0,Oscar,Hall,Health,,,,,
2217.0,Mark,Bianchi,Security,,,,,
2218.0,Bianca,Johnson,Travel & Hospitality,,,,,
2219.0,Isabella,Green,Health,,,,,
2220.0,David,Martinez,Financial Services,,,,,
2221.0,Michael,Davis,Construction,,,,,
2222.0,George,Martin,Environmental Services,,,,,
2223.0,Emily,Allen,Software,,,,,
2224.0,Martin,Garcia,Food & Beverage,,,,,
2225.0,Nikoleta,Garcia,Security,,,,,
2226.0,William,Baker,Engineering,,,,,
2227.0,Marta,Horvath,Logistics & Transportation,,,,,
2228.0,Theodora,Lopez,Financial Services,,,,,
2229.0,Laura,Martinez,Telecommunications,,,,,
2230.0,Leah,Clark,Consumer Products & Services,,,,,
2231.0,Vasilis,Lee,Retail,,,,,
2232.0,Kostas,Young,Advertising & Marketing,,,,,
2233.0,Joseph,Hall,Human Resources,,,,,
2234.0,Timothy,Baker,Software,,,,,
2235.0,Georgia,Miller,Software,,,,,
2236.0,Harris,King,Advertising & Marketing,,,,,
2237.0,Thomas,Thomas,Construction,,,,,
2238.0,Peter,Walker,Insurance,,,,,
2239.0,Jason,King,Advertising & Marketing,,,,,
2240.0,Peter,Hernandez,Telecommunications,,,,,
2241.0,Alex,Anderson,Retail,,,,,
2242.0,Nadia,Kowalski,Health,,,,,
2243.0,Nikoleta,Martin,Software,,,,,
2244.0,Henry,Nielsen,Food & Beverage,,,,,
2245.0,Anna,Johnson,Advertising & Marketing,,,,,
2246.0,Lucy,Hernandez,Environmental Services,,,,,
2247.0,Gregory,Dubois,Energy,,,,,
2248.0,Theodora,Schmidt,Logistics & Transportation,,,,,
2249.0,Anna,Clark,Financial Services,,,,,
2250.0,Christos,Scott,IT Management,,,,,
2251.0,Jasmine,Carter,IT Management,,,,,
2252.0,Arthur,Nielsen,Advertising & Marketing,,,,,
2253.0,Penelope,Anderson,Manufacturing,,,,,
2254.0,John,Adams,Food & Beverage,,,,,
2255.0,Andreas,Scott,IT System Development,,,,,
2256.0,Ivy,Scott,Engineering,,,,,
2257.0,Samuel,Brown,Consumer Products & Services,,,,,
2258.0,Lucy,Green,Retail,,,,,
2259.0,Oscar,Lewis,Health,,,,,
2260.0,Joseph,Green,Consumer Products & Services,,,,,
2261.0,Kostas,Martin,Consumer Products & Services,,,,,
2262.0,Max,Novak,Advertising & Marketing,,,,,
2263.0,Eleni,Scott,Software,,,,,
2264.0,Jasmine,Taylor,Government Services,,,,,
2265.0,Philip,Lewis,Telecommunications,,,,,
2266.0,Jason,Taylor,Government Services,,,,,
2267.0,Lucy,Davis,Consumer Products & Services,,,,,
2268.0,Grace,Kowalski,Advertising & Marketing,,,,,
2269.0,Claire,Taylor,Health,,,,,
2270.0,Joseph,Rossi,Real Estate,,,,,
2271.0,Evelyn,Rossi,Advertising & Marketing,,,,,
2272.0,Laura,Mitchell,Retail,,,,,
2273.0,Eva,Martin,Health,,,,,
2274.0,Nadia,Muller,Government Services,,,,,
2275.0,Penelope,Horvath,Consumer Products & Services,,,,,
2276.0,Veronica,Anderson,Environmental Services,,,,,
2277.0,Lucy,Green,Software,,,,,
2278.0,Joseph,Mitchell,Business Products & Services,,,,,
2279.0,Irene,Hall,Travel & Hospitality,,,,,
2280.0,Bianca,Hernandez,Computer Hardware,,,,,
2281.0,Olivia,White,Health,,,,,
2282.0,Peter,Brown,IT Management,,,,,
2283.0,Anna,Walker,Logistics & Transportation,,,,,
2284.0,Natalie,Lopez,Manufacturing,,,,,
2285.0,Andreas,Robinson,Software,,,,,
2286.0,Veronica,Scott,Software,,,,,
2287.0,Roman,Perez,Health,,,,,
2288.0,Dimitris,Sanchez,Advertising & Marketing,,,,,
2289.0,Sofia,Allen,Food & Beverage,,,,,
2290.0,Lucas,Gonzalez,Logistics & Transportation,,,,,
2291.0,Laura,Martinez,Consumer Products & Services,,,,,
2292.0,Nicholas,Dubois,IT System Development,,,,,
2293.0,Nadia,Lee,Software,,,,,
2294.0,Nicholas,Smith,Software,,,,,
2295.0,Georgia,Jones,IT Management,,,,,
2296.0,Veronica,Thompson,Food & Beverage,,,,,
2297.0,Penelope,Horvath,Manufacturing,,,,,
2298.0,Spyros,Baker,Energy,,,,,
2299.0,Victoria,Lombardi,Business Products & Services,,,,,
2300.0,Robert,Lee,Environmental Services,,,,,
2301.0,Joseph,Moore,Government Services,,,,,
2302.0,Philip,Dubois,Advertising & Marketing,,,,,
2303.0,Diana,Mitchell,Telecommunications,,,,,
2304.0,Zoe,Carter,Travel & Hospitality,,,,,
2305.0,Andrew,Jones,Government Services,,,,,
2306.0,Veronica,Brown,Software,,,,,
2307.0,Arthur,Muller,IT Management,,,,,
2308.0,Liam,Perez,Computer Hardware,,,,,
2309.0,James,Martinez,Business Products & Services,,,,,
2310.0,Vasilis,Anderson,Business Products & Services,,,,,
2311.0,Stephen,Sanchez,Financial Services,,,,,
2312.0,Eva,Taylor,Advertising & Marketing,,,,,
2313.0,Nadia,Muller,Retail,,,,,
2314.0,Julia,Jackson,Manufacturing,,,,,
2315.0,Lucas,Walker,Health,,,,,
2316.0,Patricia,Taylor,Business Products & Services,,,,,
2317.0,Benjamin,Bianchi,Business Products & Services,,,,,
2318.0,Grace,Perez,Travel & Hospitality,,,,,
2319.0,Grace,Walker,Software,,,,,
2320.0,Theodora,Nelson,Advertising & Marketing,,,,,
2321.0,Lydia,Hernandez,Human Resources,,,,,
2322.0,Diana,Jackson,Construction,,,,,
2323.0,Hugo,Clark,Media,,,,,
2324.0,Richard,Jones,IT System Development,,,,,
2325.0,Stephen,Martin,Health,,,,,
2326.0,Athena,White,Consumer Products & Services,,,,,
2327.0,Nadia,Martinez,Human Resources,,,,,
2328.0,Stephen,Walker,Manufacturing,,,,,
2329.0,Joseph,Garcia,IT System Development,,,,,
2330.0,Peter,Dubois,IT Management,,,,,
2331.0,Lucy,Schmidt,Business Products & Services,,,,,
2332.0,Jack,Nelson,Business Products & Services,,,,,
2333.0,Lucy,Kowalski,Computer Hardware,,,,,
2334.0,Jasmine,Anderson,Advertising & Marketing,,,,,
2335.0,Irene,Moore,Education,,,,,
2336.0,Eleni,Young,Manufacturing,,,,,
2337.0,John,Anderson,Consumer Products & Services,,,,,
2338.0,Ivy,Kowalski,Advertising & Marketing,,,,,
2339.0,Dimitris,White,Business Products & Services,,,,,
2340.0,Athena,Muller,Software,,,,,
2341.0,Vasilis,Gonzalez,Advertising & Marketing,,,,,
2342.0,Alex,Smith,Consumer Products & Services,,,,,
2343.0,Lucas,Rossi,Food & Beverage,,,,,
2344.0,Dimitris,Garcia,Health,,,,,
2345.0,Eleni,Scott,Health,,,,,
2346.0,Veronica,Lee,Government Services,,,,,
2347.0,Georgia,Scott,Human Resources,,,,,
2348.0,Daniel,Davis,Manufacturing,,,,,
2349.0,Theodora,Nielsen,Energy,,,,,
2350.0,Maria,Rossi,Advertising & Marketing,,,,,
2351.0,Lucy,Carter,Human Resources,,,,,
2352.0,Andreas,Sanchez,Real Estate,,,,,
2353.0,Georgia,Martin,Government Services,,,,,
2354.0,Adrian,Lombardi,IT Management,,,,,
2355.0,Ivy,Young,Construction,,,,,
2356.0,Jasmine,Lee,Business Products & Services,,,,,
2357.0,Isabella,Garcia,Business Products & Services,,,,,
2358.0,Theodora,Green,Human Resources,,,,,
2359.0,Harris,Schmidt,Business Products & Services,,,,,
2360.0,Elisa,Mitchell,Financial Services,,,,,
2361.0,Sofia,Allen,Computer Hardware,,,,,
2362.0,Grace,Anderson,Real Estate,,,,,
2363.0,Victoria,Jones,Business Products & Services,,,,,
2364.0,Roxanne,Muller,Advertising & Marketing,,,,,
2365.0,Zoe,Dubois,Business Products & Services,,,,,
2366.0,David,Harris,Energy,,,,,
2367.0,Laura,White,Real Estate,,,,,
2368.0,Leah,Williams,Human Resources,,,,,
2369.0,James,Robinson,Software,,,,,
2370.0,Joseph,Thompson,Construction,,,,,
2371.0,George,Garcia,Logistics & Transportation,,,,,
2372.0,Mark,Rossi,Food & Beverage,,,,,
2373.0,Nadia,Allen,Real Estate,,,,,
2374.0,Marina,Hall,Real Estate,,,,,
2375.0,Martin,Nelson,Retail,,,,,
2376.0,Harris,Taylor,Media,,,,,
2377.0,Emily,Horvath,Advertising & Marketing,,,,,
2378.0,Christopher,Novak,Financial Services,,,,,
2379.0,Benjamin,Wright,Business Products & Services,,,,,
2380.0,Michael,Muller,Construction,,,,,
2381.0,Veronica,Lopez,Energy,,,,,
2382.0,Peter,Martin,IT System Development,,,,,
2383.0,William,Scott,Government Services,,,,,
2384.0,Joseph,Davis,Advertising & Marketing,,,,,
2385.0,Adrian,Miller,Business Products & Services,,,,,
2386.0,Lydia,Dubois,Human Resources,,,,,
2387.0,Maya,Carter,Media,,,,,
2388.0,William,Carter,Consumer Products & Services,,,,,
2389.0,Paula,Lewis,Retail,,,,,
2390.0,John,Jackson,Advertising & Marketing,,,,,
2391.0,Stella,Lombardi,Real Estate,,,,,
2392.0,Victor,Wright,Retail,,,,,
2393.0,Alexandra,Novak,Advertising & Marketing,,,,,
2394.0,Matthew,Hall,Food & Beverage,,,,,
2395.0,Christopher,Perez,Consumer Products & Services,,,,,
2396.0,Daniel,Brown,Business Products & Services,,,,,
2397.0,Evelyn,Rossi,Business Products & Services,,,,,
2398.0,Anna,Davis,Consumer Products & Services,,,,,
2399.0,Martin,Nielsen,Business Products & Services,,,,,
2400.0,Patricia,White,Health,,,,,
2401.0,Chloe,Dubois,Consumer Products & Services,,,,,
2402.0,Joseph,Dubois,Real Estate,,,,,
2403.0,Alexandra,White,Real Estate,,,,,
2404.0,Evelyn,Thompson,Business Products & Services,,,,,
2405.0,Jasmine,Rossi,Software,,,,,
2406.0,Andreas,King,Advertising & Marketing,,,,,
2407.0,Noah,Harris,Food & Beverage,,,,,
2408.0,Leah,Perez,Construction,,,,,
2409.0,Elisa,Lombardi,Telecommunications,,,,,
2410.0,Anna,Thompson,Manufacturing,,,,,
2411.0,Georgia,Clark,Health,,,,,
2412.0,Maya,Miller,IT System Development,,,,,
2413.0,Mark,Smith,Advertising & Marketing,,,,,
2414.0,Christopher,Davis,Construction,,,,,
2415.0,Matthew,Horvath,Advertising & Marketing,,,,,
2416.0,Rebecca,Wright,Security,,,,,
2417.0,Richard,Jackson,Advertising & Marketing,,,,,
2418.0,Eleni,Nelson,Retail,,,,,
2419.0,Maria,Wright,Education,,,,,
2420.0,Christopher,Martin,Security,,,,,
2421.0,Oscar,Nelson,Security,,,,,
2422.0,Spyros,Hall,Retail,,,,,
2423.0,Jack,Lombardi,Consumer Products & Services,,,,,
2424.0,Olivia,White,IT Management,,,,,
2425.0,Claire,Davis,Software,,,,,
2426.0,Marta,Nielsen,Construction,,,,,
2427.0,Oscar,Horvath,Business Products & Services,,,,,
2428.0,Evelyn,Wright,Engineering,,,,,
2429.0,Emily,Baker,Human Resources,,,,,
2430.0,Maria,Carter,Health,,,,,
2431.0,Jack,Adams,Education,,,,,
2432.0,Henry,Robinson,Business Products & Services,,,,,
2433.0,Chloe,Carter,Consumer Products & Services,,,,,
2434.0,Victoria,Scott,IT System Development,,,,,
2435.0,Bianca,Lombardi,Software,,,,,
2436.0,Paul,Robinson,Real Estate,,,,,
2437.0,Andrew,Williams,Software,,,,,
2438.0,Chloe,Carter,Construction,,,,,
2439.0,Ivy,Davis,Advertising & Marketing,,,,,
2440.0,Rebecca,Nelson,Energy,,,,,
2441.0,Maria,Bianchi,Software,,,,,
2442.0,Veronica,Davis,Business Products & Services,,,,,
2443.0,Thomas,Adams,IT Management,,,,,
2444.0,Nicole,Davis,Software,,,,,
2445.0,Jack,Garcia,Energy,,,,,
2446.0,Peter,Muller,Advertising & Marketing,,,,,
2447.0,Eleni,Jackson,Education,,,,,
2448.0,Athena,Lewis,Business Products & Services,,,,,
2449.0,Jasmine,Nelson,Logistics & Transportation,,,,,
2450.0,Helen,Kowalski,IT Services,,,,,
2451.0,Maya,Horvath,Real Estate,,,,,
2452.0,Thomas,Carter,Government Services,,,,,
2453.0,Alexandra,Perez,Security,,,,,
2454.0,Roman,Walker,Health,,,,,
2455.0,Anna,Horvath,Advertising & Marketing,,,,,
2456.0,Robert,Schmidt,Advertising & Marketing,,,,,
2457.0,Leo,Williams,Consumer Products & Services,,,,,
2458.0,Marina,Clark,Food & Beverage,,,,,
2459.0,Matthew,Bianchi,Software,,,,,
2460.0,Arthur,Young,Retail,,,,,
2461.0,Patricia,Allen,Financial Services,,,,,
2462.0,Natalie,Adams,Software,,,,,
2463.0,Jasmine,Scott,Construction,,,,,
2464.0,Christopher,Williams,Government Services,,,,,
2465.0,Katerina,Walker,Software,,,,,
2466.0,Grace,Rossi,Business Products & Services,,,,,
2467.0,Christos,Schmidt,Advertising & Marketing,,,,,
2468.0,Elisa,Nielsen,Government Services,,,,,
2469.0,George,Hall,Construction,,,,,
2470.0,Peter,Lombardi,Travel & Hospitality,,,,,
2471.0,George,Johnson,Advertising & Marketing,,,,,
2472.0,Joseph,Moore,Financial Services,,,,,
2473.0,Leo,Adams,IT Management,,,,,
2474.0,Olivia,Thomas,Telecommunications,,,,,
2475.0,Victor,Johnson,Construction,,,,,
2476.0,Maria,Rossi,Food & Beverage,,,,,
2477.0,Zoe,Harris,Software,,,,,
2478.0,Oscar,Davis,IT System Development,,,,,
2479.0,Athena,Lopez,Financial Services,,,,,
2480.0,Daniel,Perez,Consumer Products & Services,,,,,
2481.0,Rebecca,Johnson,IT Management,,,,,
2482.0,Leah,Dubois,Business Products & Services,,,,,
2483.0,Elisa,Allen,Business Products & Services,,,,,
2484.0,Rebecca,Thompson,Logistics & Transportation,,,,,
2485.0,Veronica,Clark,Food & Beverage,,,,,
2486.0,Robert,Kowalski,Construction,,,,,
2487.0,Andrew,Clark,Logistics & Transportation,,,,,
2488.0,Jason,Clark,Business Products & Services,,,,,
2489.0,Harris,Jackson,Advertising & Marketing,,,,,
2490.0,Max,White,Health,,,,,
2491.0,Isabella,Young,Government Services,,,,,
2492.0,Daniel,Brown,Retail,,,,,
2493.0,Evelyn,Gonzalez,Consumer Products & Services,,,,,
2494.0,Nicholas,Allen,Human Resources,,,,,
2495.0,Michael,Novak,Food & Beverage,,,,,
2496.0,Victor,Rossi,Business Products & Services,,,,,
2497.0,Paul,Thompson,Business Products & Services,,,,,
2498.0,Olivia,Nielsen,Financial Services,,,,,
2499.0,Penelope,Taylor,IT System Development,,,,,
2500.0,Noah,Moore,Software,,,,,
2501.0,Max,Baker,Advertising & Marketing,,,,,
2502.0,Nikoleta,Nielsen,Education,,,,,
2503.0,Sara,Baker,Real Estate,,,,,
2504.0,Jasmine,Bianchi,Health,,,,,
2505.0,Victor,Gonzalez,Advertising & Marketing,,,,,
2506.0,Anthony,Schmidt,Consumer Products & Services,,,,,
2507.0,Jason,Walker,Government Services,,,,,
2508.0,Lucas,Muller,Financial Services,,,,,
2509.0,Eva,Clark,Human Resources,,,,,
2510.0,Maria,Nielsen,Construction,,,,,
2511.0,Veronica,Thomas,Telecommunications,,,,,
2512.0,Alice,Wright,Health,,,,,
2513.0,Elisa,Miller,Security,,,,,
2514.0,Noah,Harris,Logistics & Transportation,,,,,
2515.0,Emily,Clark,Advertising & Marketing,,,,,
2516.0,Nicholas,Mitchell,Retail,,,,,
2517.0,Alice,Green,Human Resources,,,,,
2518.0,Anna,Schmidt,Logistics & Transportation,,,,,
2519.0,Emily,Martin,Software,,,,,
2520.0,Peter,Gonzalez,Software,,,,,
2521.0,Henry,Lee,Consumer Products & Services,,,,,
2522.0,Alice,Davis,Manufacturing,,,,,
2523.0,Peter,Dubois,Business Products & Services,,,,,
2524.0,Martin,Miller,Logistics & Transportation,,,,,
2525.0,Philip,Rossi,Software,,,,,
2526.0,Nikos,Walker,Consumer Products & Services,,,,,
2527.0,Theodora,Gonzalez,Software,,,,,
2528.0,Diana,Mitchell,Consumer Products & Services,,,,,
2529.0,Paul,Wright,IT Services,,,,,
2530.0,Benjamin,Rossi,Education,,,,,
2531.0,James,Thomas,Construction,,,,,
2532.0,Patricia,Muller,Software,,,,,
2533.0,Lydia,Robinson,Real Estate,,,,,
2534.0,Samuel,Hernandez,Software,,,,,
2535.0,Marina,Thompson,Financial Services,,,,,
2536.0,Paula,Horvath,Computer Hardware,,,,,
2537.0,Dimitris,Wright,Travel & Hospitality,,,,,
2538.0,Roman,Clark,Financial Services,,,,,
2539.0,Leah,Harris,Real Estate,,,,,
2540.0,Nicole,Young,Logistics & Transportation,,,,,
2541.0,Christina,Lewis,Retail,,,,,
2542.0,Mark,Muller,Security,,,,,
2543.0,Ivy,Taylor,Government Services,,,,,
2544.0,Timothy,Taylor,IT System Development,,,,,
2545.0,Peter,Gonzalez,Government Services,,,,,
2546.0,Emily,Johnson,Logistics & Transportation,,,,,
2547.0,Eva,Garcia,Software,,,,,
2548.0,Alexandra,Hernandez,Consumer Products & Services,,,,,
2549.0,Isabella,Nelson,Software,,,,,
2550.0,John,Lee,Construction,,,,,
2551.0,Stella,King,Financial Services,,,,,
2552.0,Paula,Novak,Construction,,,,,
2553.0,Paul,Bianchi,Telecommunications,,,,,
2554.0,Sara,Baker,Software,,,,,
2555.0,Nadia,Lopez,Software,,,,,
2556.0,Sara,Muller,Advertising & Marketing,,,,,
2557.0,Grace,Baker,IT System Development,,,,,
2558.0,Philip,Green,Real Estate,,,,,
2559.0,Lucas,Thomas,Software,,,,,
2560.0,Eleni,Walker,Software,,,,,
2561.0,Daniel,Mitchell,Advertising & Marketing,,,,,
2562.0,Theodora,Novak,Real Estate,,,,,
2563.0,Bianca,Jones,Engineering,,,,,
2564.0,Roman,Hernandez,Software,,,,,
2565.0,Richard,Miller,Health,,,,,
2566.0,James,Miller,Consumer Products & Services,,,,,
2567.0,Nicholas,Horvath,Software,,,,,
2568.0,Theodora,Carter,Consumer Products & Services,,,,,
2569.0,Jasmine,Lombardi,Engineering,,,,,
2570.0,Leah,Walker,Engineering,,,,,
2571.0,Elisa,Thompson,Software,,,,,
2572.0,Christos,Anderson,Telecommunications,,,,,
2573.0,Zoe,Horvath,Environmental Services,,,,,
2574.0,Martin,Harris,Telecommunications,,,,,
2575.0,Nikoleta,Green,Security,,,,,
2576.0,Alex,Clark,Logistics & Transportation,,,,,
2577.0,James,Walker,Advertising & Marketing,,,,,
2578.0,Nikoleta,Martinez,Construction,,,,,
2579.0,Andrew,Robinson,Advertising & Marketing,,,,,
2580.0,Richard,Davis,Business Products & Services,,,,,
2581.0,Sara,Schmidt,Retail,,,,,
2582.0,Christina,Lopez,IT Management,,,,,
2583.0,Gregory,Mitchell,Retail,,,,,
2584.0,Grace,Adams,Health,,,,,
2585.0,Alex,Miller,Retail,,,,,
2586.0,Irene,Gonzalez,Health,,,,,
2587.0,Stella,Martin,Advertising & Marketing,,,,,
2588.0,Thomas,Young,Health,,,,,
2589.0,Diana,Williams,Software,,,,,
2590.0,Athena,Jackson,Security,,,,,
2591.0,Julia,Baker,Telecommunications,,,,,
2592.0,Victor,Anderson,Advertising & Marketing,,,,,
2593.0,Angelina,Lombardi,Manufacturing,,,,,
2594.0,Julia,White,Consumer Products & Services,,,,,
2595.0,Rebecca,Johnson,Business Products & Services,,,,,
2596.0,Victor,Wright,Software,,,,,
2597.0,Eva,Martin,Advertising & Marketing,,,,,
2598.0,Bianca,Novak,Logistics & Transportation,,,,,
2599.0,Philip,Martin,Media,,,,,
2600.0,Alex,Jackson,Food & Beverage,,,,,
2601.0,Samuel,Martin,Consumer Products & Services,,,,,
2602.0,Michael,Young,Advertising & Marketing,,,,,
2603.0,Veronica,Bianchi,Construction,,,,,
2604.0,Zoe,Moore,IT Management,,,,,
2605.0,Elisa,Anderson,Media,,,,,
2606.0,Lydia,Smith,Advertising & Marketing,,,,,
2607.0,Roman,Lopez,Consumer Products & Services,,,,,
2608.0,Spyros,Jackson,Consumer Products & Services,,,,,
2609.0,Timothy,Johnson,Software,,,,,
2610.0,Eva,Mitchell,Construction,,,,,
2611.0,Jasmine,Sanchez,Real Estate,,,,,
2612.0,James,Young,Government Services,,,,,
2613.0,Christos,Perez,Environmental Services,,,,,
2614.0,Patricia,Baker,Software,,,,,
2615.0,Lucas,Baker,Food & Beverage,,,,,
2616.0,Catherine,Adams,Financial Services,,,,,
2617.0,George,Hernandez,Business Products & Services,,,,,
2618.0,Benjamin,Perez,Software,,,,,
2619.0,Liam,Thomas,Health,,,,,
2620.0,Maya,Scott,Business Products & Services,,,,,
2621.0,Spyros,Nelson,Construction,,,,,
2622.0,Natalie,Walker,Software,,,,,
2623.0,Timothy,Rossi,Consumer Products & Services,,,,,
2624.0,Zoe,Adams,Computer Hardware,,,,,
2625.0,Christina,Robinson,Consumer Products & Services,,,,,
2626.0,Alex,Schmidt,Construction,,,,,
2627.0,Jasmine,Thompson,Construction,,,,,
2628.0,Rebecca,Horvath,Software,,,,,
2629.0,Stella,Lewis,Manufacturing,,,,,
2630.0,Peter,Thompson,Human Resources,,,,,
2631.0,Liam,Hall,Education,,,,,
2632.0,Roman,Lewis,Health,,,,,
2633.0,Vasilis,Lewis,IT System Development,,,,,
2634.0,Kostas,Jackson,Insurance,,,,,
2635.0,Patricia,Gonzalez,IT System Development,,,,,
2636.0,Claire,Green,Retail,,,,,
2637.0,Victoria,Clark,Retail,,,,,
2638.0,Laura,Jones,Government Services,,,,,
2639.0,Lucy,Novak,Retail,,,,,
2640.0,Rebecca,Martinez,Advertising & Marketing,,,,,
2641.0,Richard,Gonzalez,Human Resources,,,,,
2642.0,Marta,Novak,Construction,,,,,
2643.0,Matthew,Jackson,Construction,,,,,
2644.0,Nikoleta,Green,Real Estate,,,,,
2645.0,Isabella,Nelson,Security,,,,,
2646.0,John,Martinez,Media,,,,,
2647.0,Catherine,Davis,IT Management,,,,,
2648.0,Penelope,King,Business Products & Services,,,,,
2649.0,Penelope,Horvath,Construction,,,,,
2650.0,Anthony,Sanchez,Health,,,,,
2651.0,Timothy,Green,Construction,,,,,
2652.0,Evelyn,Gonzalez,Financial Services,,,,,
2653.0,Penelope,Davis,Human Resources,,,,,
2654.0,William,Carter,Human Resources,,,,,
2655.0,Grace,Martin,Health,,,,,
2656.0,Angelina,Dubois,Media,,,,,
2657.0,Paula,Clark,Government Services,,,,,
2658.0,Catherine,Horvath,Health,,,,,
2659.0,Alex,Novak,Health,,,,,
2660.0,James,Bianchi,Food & Beverage,,,,,
2661.0,Sara,Baker,Advertising & Marketing,,,,,
2662.0,James,Martin,Business Products & Services,,,,,
2663.0,Sofia,Allen,IT Management,,,,,
2664.0,Dimitris,White,Engineering,,,,,
2665.0,Bianca,Adams,Manufacturing,,,,,
2666.0,Alex,Brown,Financial Services,,,,,
2667.0,Liam,Allen,Construction,,,,,
2668.0,Katerina,Mitchell,Construction,,,,,
2669.0,Isabella,Young,Insurance,,,,,
2670.0,Sofia,Wright,Manufacturing,,,,,
2671.0,Henry,Nelson,Software,,,,,
2672.0,Stella,Hall,Education,,,,,
2673.0,Kostas,Jones,Health,,,,,
2674.0,David,Taylor,Advertising & Marketing,,,,,
2675.0,Christopher,Johnson,Consumer Products & Services,,,,,
2676.0,Chloe,Baker,Consumer Products & Services,,,,,
2677.0,Matthew,Young,Business Products & Services,,,,,
2678.0,Lucas,Baker,Real Estate,,,,,
2679.0,Kostas,Bianchi,Retail,,,,,
2680.0,Leah,Brown,Manufacturing,,,,,
2681.0,Eva,Clark,Health,,,,,
2682.0,Maya,Sanchez,Retail,,,,,
2683.0,Oscar,Horvath,Retail,,,,,
2684.0,Richard,Anderson,Advertising & Marketing,,,,,
2685.0,Noah,Jones,Health,,,,,
2686.0,Paula,Kowalski,Business Products & Services,,,,,
2687.0,Benjamin,Clark,Retail,,,,,
2688.0,Julia,Jones,Engineering,,,,,
2689.0,Leo,Dubois,Environmental Services,,,,,
2690.0,Peter,White,Construction,,,,,
2691.0,Liam,Adams,IT Management,,,,,
2692.0,Victoria,Thompson,Consumer Products & Services,,,,,
2693.0,Alex,Dubois,Construction,,,,,
2694.0,Spyros,Johnson,Software,,,,,
2695.0,Maya,Horvath,IT Management,,,,,
2696.0,Eva,Carter,Business Products & Services,,,,,
2697.0,Nicole,Wright,Government Services,,,,,
2698.0,William,Hall,Consumer Products & Services,,,,,
2699.0,Leah,Horvath,Logistics & Transportation,,,,,
2700.0,Nicholas,Muller,Human Resources,,,,,
2701.0,Richard,Martinez,Government Services,,,,,
2702.0,Claire,Walker,Manufacturing,,,,,
2703.0,Eleni,Moore,Health,,,,,
2704.0,James,Lombardi,Business Products & Services,,,,,
2705.0,Spyros,Young,Media,,,,,
2706.0,Nicholas,Lee,Financial Services,,,,,
2707.0,Matthew,Green,Telecommunications,,,,,
2708.0,John,Novak,Construction,,,,,
2709.0,Andrew,Kowalski,IT System Development,,,,,
2710.0,Harris,Lee,Construction,,,,,
2711.0,Jasmine,Harris,Construction,,,,,
2712.0,Dimitris,Martin,Advertising & Marketing,,,,,
2713.0,Sara,Adams,Manufacturing,,,,,
2714.0,Georgia,King,Financial Services,,,,,
2715.0,Michael,Perez,Consumer Products & Services,,,,,
2716.0,Julia,Anderson,Engineering,,,,,
2717.0,Marina,Nielsen,Advertising & Marketing,,,,,
2718.0,Catherine,Green,Software,,,,,
2719.0,Timothy,Kowalski,Health,,,,,
2720.0,Irene,Nelson,Travel & Hospitality,,,,,
2721.0,Philip,Gonzalez,Health,,,,,
2722.0,Rebecca,Smith,Software,,,,,
2723.0,Leo,Mitchell,Food & Beverage,,,,,
2724.0,Lucas,Brown,Business Products & Services,,,,,
2725.0,Rebecca,Horvath,Advertising & Marketing,,,,,
2726.0,Anna,Muller,Software,,,,,
2727.0,Vasilis,Clark,IT System Development,,,,,
2728.0,Benjamin,Nelson,Travel & Hospitality,,,,,
2729.0,Grace,Garcia,Advertising & Marketing,,,,,
2730.0,Eva,Nielsen,Construction,,,,,
2731.0,Paula,Jones,Government Services,,,,,
2732.0,Dimitris,Mitchell,Financial Services,,,,,
2733.0,Christos,Jones,Business Products & Services,,,,,
2734.0,Mark,Scott,Financial Services,,,,,
2735.0,William,Perez,Construction,,,,,
2736.0,Harris,Dubois,Manufacturing,,,,,
2737.0,Marta,Taylor,IT System Development,,,,,
2738.0,Timothy,Dubois,Manufacturing,,,,,
2739.0,Emily,Hernandez,Software,,,,,
2740.0,Daniel,Jackson,Computer Hardware,,,,,
2741.0,Philip,Carter,Manufacturing,,,,,
2742.0,Harris,Nielsen,Human Resources,,,,,
2743.0,Alex,Muller,IT Management,,,,,
2744.0,Sofia,Thomas,Software,,,,,
2745.0,Roxanne,Thomas,Advertising & Marketing,,,,,
2746.0,Nikoleta,Johnson,Construction,,,,,
2747.0,Robert,Bianchi,Construction,,,,,
2748.0,Maria,Wright,IT System Development,,,,,
2749.0,Andreas,Dubois,Construction,,,,,
2750.0,Adrian,Garcia,Human Resources,,,,,
2751.0,Lucas,Harris,Logistics & Transportation,,,,,
2752.0,James,Miller,Business Products & Services,,,,,
2753.0,Alex,Davis,Manufacturing,,,,,
2754.0,Roman,Walker,Software,,,,,
2755.0,Andrew,Adams,Financial Services,,,,,
2756.0,Georgia,Novak,Software,,,,,
2757.0,Veronica,Kowalski,Construction,,,,,
2758.0,Victoria,Robinson,Retail,,,,,
2759.0,Alex,Perez,IT Management,,,,,
2760.0,Ivy,Robinson,Software,,,,,
2761.0,Christos,Novak,Financial Services,,,,,
2762.0,Marta,Sanchez,IT Management,,,,,
2763.0,Peter,Martinez,Construction,,,,,
2764.0,Marina,Harris,Business Products & Services,,,,,
2765.0,Michael,Thomas,Government Services,,,,,
2766.0,Veronica,Davis,Government Services,,,,,
2767.0,Noah,Lee,IT System Development,,,,,
2768.0,Robert,Clark,Consumer Products & Services,,,,,
2769.0,Victoria,Thomas,Advertising & Marketing,,,,,
2770.0,Anthony,Horvath,IT Management,,,,,
2771.0,Helen,Hall,Software,,,,,
2772.0,Richard,Thompson,Consumer Products & Services,,,,,
2773.0,Christina,Wright,IT Management,,,,,
2774.0,Bianca,Miller,Logistics & Transportation,,,,,
2775.0,Sara,Thomas,Business Products & Services,,,,,
2776.0,Elisa,Thompson,Business Products & Services,,,,,
2777.0,Victoria,Walker,Security,,,,,
2778.0,Julia,Hernandez,Education,,,,,
2779.0,Penelope,Martin,Software,,,,,
2780.0,Victor,Clark,IT Services,,,,,
2781.0,William,Bianchi,Manufacturing,,,,,
2782.0,Bianca,Rossi,Manufacturing,,,,,
2783.0,Maya,Miller,IT System Development,,,,,
2784.0,Theodora,Harris,Government Services,,,,,
2785.0,Gregory,Young,Consumer Products & Services,,,,,
2786.0,Timothy,Muller,Consumer Products & Services,,,,,
2787.0,Zoe,Davis,Advertising & Marketing,,,,,
2788.0,Olivia,Scott,IT Management,,,,,
2789.0,Andrew,Thompson,Construction,,,,,
2790.0,Andrew,Johnson,Real Estate,,,,,
2791.0,Alex,Carter,Human Resources,,,,,
2792.0,Victor,Brown,IT Management,,,,,
2793.0,Liam,Baker,Logistics & Transportation,,,,,
2794.0,William,Brown,IT Management,,,,,
2795.0,Anna,Kowalski,Advertising & Marketing,,,,,
2796.0,Chloe,Lewis,Financial Services,,,,,
2797.0,Noah,Davis,Consumer Products & Services,,,,,
2798.0,Helen,Taylor,IT Management,,,,,
2799.0,Arthur,Smith,Advertising & Marketing,,,,,
2800.0,Hugo,Scott,Retail,,,,,
2801.0,Maria,Smith,IT Services,,,,,
2802.0,Julia,Smith,Real Estate,,,,,
2803.0,Alex,Gonzalez,Construction,,,,,
2804.0,Peter,Robinson,Software,,,,,
2805.0,George,Lee,Advertising & Marketing,,,,,
2806.0,Roxanne,Johnson,Software,,,,,
2807.0,Patricia,Adams,Government Services,,,,,
2808.0,Peter,Adams,Advertising & Marketing,,,,,
2809.0,Leah,Lewis,Software,,,,,
2810.0,Maria,Jones,Food & Beverage,,,,,
2811.0,Samuel,Thomas,Construction,,,,,
2812.0,Natalie,Hernandez,Advertising & Marketing,,,,,
2813.0,Benjamin,Rossi,Insurance,,,,,
2814.0,Olivia,Mitchell,Manufacturing,,,,,
2815.0,Isabella,Wright,IT System Development,,,,,
2816.0,Maria,Thomas,Real Estate,,,,,
2817.0,Zoe,Green,Advertising & Marketing,,,,,
2818.0,Nadia,Moore,Consumer Products & Services,,,,,
2819.0,Oscar,Clark,IT Management,,,,,
2820.0,Claire,Davis,Manufacturing,,,,,
2821.0,Spyros,Kowalski,Advertising & Marketing,,,,,
2822.0,Isabella,Anderson,Software,,,,,
2823.0,Victor,Carter,Construction,,,,,
2824.0,Sofia,Lewis,Financial Services,,,,,
2825.0,Jasmine,Adams,Construction,,,,,
2826.0,Bianca,Thomas,Construction,,,,,
2827.0,Lucy,Young,Financial Services,,,,,
2828.0,Stephen,Horvath,IT Management,,,,,
2829.0,William,Nielsen,Software,,,,,
2830.0,Theodora,Thomas,Advertising & Marketing,,,,,
2831.0,Marina,King,Human Resources,,,,,
2832.0,Georgia,Anderson,Human Resources,,,,,
2833.0,Samuel,Young,Health,,,,,
2834.0,Harris,Johnson,Government Services,,,,,
2835.0,Alex,Mitchell,Consumer Products & Services,,,,,
2836.0,Andreas,Williams,Government Services,,,,,
2837.0,Samuel,Green,Real Estate,,,,,
2838.0,Zoe,Garcia,Insurance,,,,,
2839.0,William,Lee,Real Estate,,,,,
2840.0,Alexandra,Lopez,Business Products & Services,,,,,
2841.0,Spyros,Davis,Financial Services,,,,,
2842.0,Theodora,Clark,Advertising & Marketing,,,,,
2843.0,Jack,Kowalski,Consumer Products & Services,,,,,
2844.0,Isabella,Thomas,Construction,,,,,
2845.0,Daniel,Nelson,Health,,,,,
2846.0,Diana,Scott,Consumer Products & Services,,,,,
2847.0,Sara,Taylor,Manufacturing,,,,,
2848.0,Joseph,Davis,Health,,,,,
2849.0,Christopher,Wright,Logistics & Transportation,,,,,
2850.0,Andreas,Hernandez,IT System Development,,,,,
2851.0,Alex,Carter,Advertising & Marketing,,,,,
2852.0,Samuel,Anderson,Government Services,,,,,
2853.0,Michael,Mitchell,IT System Development,,,,,
2854.0,Andrew,Harris,Advertising & Marketing,,,,,
2855.0,Julia,Allen,Logistics & Transportation,,,,,
2856.0,Helen,Lombardi,Construction,,,,,
2857.0,Max,Baker,Health,,,,,
2858.0,Victoria,Robinson,Manufacturing,,,,,
2859.0,Mark,Young,Human Resources,,,,,
2860.0,Lucy,Garcia,Media,,,,,
2861.0,Marta,Lombardi,Software,,,,,
2862.0,Olivia,Baker,Software,,,,,
2863.0,Natalie,Jones,Consumer Products & Services,,,,,
2864.0,Thomas,Harris,Consumer Products & Services,,,,,
2865.0,Leah,Jackson,Business Products & Services,,,,,
2866.0,William,Lewis,IT System Development,,,,,
2867.0,Gregory,Anderson,Financial Services,,,,,
2868.0,Evelyn,Jackson,Software,,,,,
2869.0,Nikos,Wright,Financial Services,,,,,
2870.0,Paul,Hernandez,Business Products & Services,,,,,
2871.0,Grace,Walker,Construction,,,,,
2872.0,Oscar,Williams,Advertising & Marketing,,,,,
2873.0,Patricia,Clark,Real Estate,,,,,
2874.0,Marta,Brown,Real Estate,,,,,
2875.0,Irene,Sanchez,Retail,,,,,
2876.0,Dimitris,Lombardi,Advertising & Marketing,,,,,
2877.0,Jasmine,Horvath,Education,,,,,
2878.0,Penelope,Muller,Engineering,,,,,
2879.0,Angelina,Nelson,Human Resources,,,,,
2880.0,Eva,Davis,Software,,,,,
2881.0,Vasilis,Scott,IT Management,,,,,
2882.0,Hugo,Miller,Advertising & Marketing,,,,,
2883.0,Eleni,Lombardi,Construction,,,,,
2884.0,James,Bianchi,Human Resources,,,,,
2885.0,Lydia,Gonzalez,Software,,,,,
2886.0,Alice,Scott,Education,,,,,
2887.0,Roxanne,Adams,Travel & Hospitality,,,,,
2888.0,Arthur,Adams,Energy,,,,,
2889.0,Andreas,Novak,Health,,,,,
2890.0,Penelope,Green,Construction,,,,,
2891.0,Olivia,Scott,Insurance,,,,,
2892.0,Penelope,Walker,IT System Development,,,,,
2893.0,Katerina,Muller,Business Products & Services,,,,,
2894.0,Julia,Green,Business Products & Services,,,,,
2895.0,Leah,Bianchi,IT Services,,,,,
2896.0,Gregory,Hernandez,Logistics & Transportation,,,,,
2897.0,Olivia,Lopez,IT Management,,,,,
2898.0,Stella,Gonzalez,Software,,,,,
2899.0,Isabella,Martinez,Manufacturing,,,,,
2900.0,Victor,Young,Security,,,,,
2901.0,Andreas,Muller,Consumer Products & Services,,,,,
2902.0,Roxanne,Hernandez,Government Services,,,,,
2903.0,Olivia,Lopez,Energy,,,,,
2904.0,Eleni,Rossi,Real Estate,,,,,
2905.0,David,Hall,Education,,,,,
2906.0,Nikoleta,Walker,Health,,,,,
2907.0,Daniel,Hall,Food & Beverage,,,,,
2908.0,Claire,Robinson,Food & Beverage,,,,,
2909.0,Lucas,Miller,Financial Services,,,,,
2910.0,Nadia,Wright,Advertising & Marketing,,,,,
2911.0,Theodora,Johnson,Real Estate,,,,,
2912.0,Athena,Wright,Business Products & Services,,,,,
2913.0,Alice,Davis,Consumer Products & Services,,,,,
2914.0,Roxanne,Gonzalez,Health,,,,,
2915.0,Christos,Baker,Health,,,,,
2916.0,Kostas,Sanchez,Health,,,,,
2917.0,Hugo,Mitchell,IT Management,,,,,
2918.0,Vasilis,Robinson,Advertising & Marketing,,,,,
2919.0,Jasmine,Lee,Business Products & Services,,,,,
2920.0,Diana,Wright,Human Resources,,,,,
2921.0,Thomas,Nielsen,Business Products & Services,,,,,
2922.0,Claire,Lopez,Construction,,,,,
2923.0,Alice,Nielsen,Logistics & Transportation,,,,,
2924.0,Roman,Kowalski,IT Management,,,,,
2925.0,Andrew,Novak,Travel & Hospitality,,,,,
2926.0,Christina,Brown,Manufacturing,,,,,
2927.0,Dimitris,Scott,Advertising & Marketing,,,,,
2928.0,Joseph,Williams,Financial Services,,,,,
2929.0,Matthew,Hernandez,Construction,,,,,
2930.0,Robert,Miller,Telecommunications,,,,,
2931.0,Katerina,Lee,Health,,,,,
2932.0,Michael,Nelson,IT Management,,,,,
2933.0,Maria,Schmidt,Financial Services,,,,,
2934.0,Katerina,Adams,Business Products & Services,,,,,
2935.0,Samuel,Green,Business Products & Services,,,,,
2936.0,Samuel,Thomas,Manufacturing,,,,,
2937.0,Stephen,Bianchi,Retail,,,,,
2938.0,Eva,Gonzalez,Health,,,,,
2939.0,Roman,Schmidt,Real Estate,,,,,
2940.0,Julia,Brown,Health,,,,,
2941.0,David,Green,Logistics & Transportation,,,,,
2942.0,Alice,Johnson,Construction,,,,,
2943.0,Christos,Brown,Health,,,,,
2944.0,Eleni,Lee,Construction,,,,,
2945.0,Marina,Robinson,Financial Services,,,,,
2946.0,Leo,Hernandez,Advertising & Marketing,,,,,
2947.0,Nikoleta,Clark,Health,,,,,
2948.0,Evelyn,Green,Financial Services,,,,,
2949.0,Nicole,Brown,Human Resources,,,,,
2950.0,Joseph,Kowalski,Environmental Services,,,,,
2951.0,Thomas,Hall,Software,,,,,
2952.0,Julia,Schmidt,Software,,,,,
2953.0,Maya,King,Manufacturing,,,,,
2954.0,Theodora,Scott,Logistics & Transportation,,,,,
2955.0,Patricia,Thomas,Business Products & Services,,,,,
2956.0,Nikos,King,Government Services,,,,,
2957.0,Andrew,Lewis,Software,,,,,
2958.0,Stella,Kowalski,Software,,,,,
2959.0,Gregory,Novak,Consumer Products & Services,,,,,
2960.0,Diana,Williams,Advertising & Marketing,,,,,
2961.0,Julia,Moore,Real Estate,,,,,
2962.0,Daniel,Davis,Retail,,,,,
2963.0,Nikoleta,Allen,Human Resources,,,,,
2964.0,Christos,Thomas,Health,,,,,
2965.0,Alexandra,Martin,Business Products & Services,,,,,
2966.0,Rebecca,Horvath,Energy,,,,,
2967.0,Marta,Gonzalez,Construction,,,,,
2968.0,Alex,Jones,Manufacturing,,,,,
2969.0,Andreas,Horvath,Logistics & Transportation,,,,,
2970.0,Christina,Moore,Financial Services,,,,,
2971.0,Mark,Wright,Insurance,,,,,
2972.0,Evelyn,Moore,Energy,,,,,
2973.0,Victor,Adams,Manufacturing,,,,,
2974.0,George,Rossi,Real Estate,,,,,
2975.0,Laura,Mitchell,Manufacturing,,,,,
2976.0,Marina,Smith,Health,,,,,
2977.0,Emily,Williams,Health,,,,,
2978.0,Laura,Robinson,Health,,,,,
2979.0,Nicole,Moore,Advertising & Marketing,,,,,
2980.0,Michael,Novak,Logistics & Transportation,,,,,
2981.0,Veronica,Garcia,Human Resources,,,,,
2982.0,Oscar,Lopez,IT Management,,,,,
2983.0,Christina,Smith,Government Services,,,,,
2984.0,Rebecca,Jackson,Government Services,,,,,
2985.0,Laura,Lombardi,Software,,,,,
2986.0,Matthew,Harris,Advertising & Marketing,,,,,
2987.0,Helen,Thomas,IT Management,,,,,
2988.0,Harris,Robinson,Business Products & Services,,,,,
2989.0,Marina,Martin,Software,,,,,
2990.0,Veronica,Lewis,Insurance,,,,,
2991.0,Veronica,Walker,Consumer Products & Services,,,,,
2992.0,Thomas,Williams,Energy,,,,,
2993.0,Veronica,Anderson,Construction,,,,,
2994.0,Alexandra,Anderson,Retail,,,,,
2995.0,Diana,Carter,Education,,,,,
2996.0,Chloe,Jackson,Business Products & Services,,,,,
2997.0,Christina,Mitchell,Energy,,,,,
2998.0,Claire,Lombardi,Business Products & Services,,,,,
2999.0,Andreas,Thompson,Advertising & Marketing,,,,,
3000.0,Kostas,Hall,Telecommunications,,,,,
3001.0,Jack,Kowalski,Human Resources,,,,,
3002.0,Chloe,Adams,Construction,,,,,
3003.0,Katerina,Horvath,Financial Services,,,,,
3004.0,Nikos,Rossi,Retail,,,,,
3005.0,Evelyn,Lee,Travel & Hospitality,,,,,
3006.0,Matthew,Moore,Advertising & Marketing,,,,,
3007.0,Zoe,Bianchi,IT Management,,,,,
3008.0,Liam,Schmidt,Food & Beverage,,,,,
3009.0,Helen,White,Financial Services,,,,,
3010.0,Gregory,Perez,Construction,,,,,
3011.0,Philip,Novak,Financial Services,,,,,
3012.0,Gregory,Smith,Security,,,,,
3013.0,Chloe,Perez,Logistics & Transportation,,,,,
3014.0,Samuel,Perez,Human Resources,,,,,
3015.0,Leo,Robinson,Consumer Products & Services,,,,,
3016.0,Vasilis,White,Retail,,,,,
3017.0,Alex,Hernandez,Business Products & Services,,,,,
3018.0,Timothy,Nielsen,Advertising & Marketing,,,,,
3019.0,Alice,Wright,Software,,,,,
3020.0,Anna,Thompson,Government Services,,,,,
3021.0,Leah,Carter,Consumer Products & Services,,,,,
3022.0,Chloe,Smith,Logistics & Transportation,,,,,
3023.0,Andrew,Rossi,Energy,,,,,
3024.0,Andreas,Novak,IT Management,,,,,
3025.0,Kostas,Walker,Government Services,,,,,
3026.0,William,Williams,Software,,,,,
3027.0,Timothy,Novak,Software,,,,,
3028.0,Helen,Nielsen,Business Products & Services,,,,,
3029.0,Maya,Young,Insurance,,,,,
3030.0,Peter,Martinez,Business Products & Services,,,,,
3031.0,Theodora,Lombardi,Software,,,,,
3032.0,Nadia,Novak,Health,,,,,
3033.0,Peter,Martin,Health,,,,,
3034.0,George,Jones,IT Management,,,,,
3035.0,Elisa,Rossi,Government Services,,,,,
3036.0,Lucy,Garcia,Construction,,,,,
3037.0,Olivia,Garcia,Health,,,,,
3038.0,Stella,Taylor,IT System Development,,,,,
3039.0,Alexandra,Wright,Consumer Products & Services,,,,,
3040.0,Benjamin,Jones,Government Services,,,,,
3041.0,Angelina,Thomas,Real Estate,,,,,
3042.0,Joseph,Green,Consumer Products & Services,,,,,
3043.0,Elisa,Gonzalez,Manufacturing,,,,,
3044.0,Adrian,Taylor,Business Products & Services,,,,,
3045.0,Victor,Schmidt,Health,,,,,
3046.0,Adrian,Thompson,Consumer Products & Services,,,,,
3047.0,Maya,Kowalski,Business Products & Services,,,,,
3048.0,Lydia,Horvath,Financial Services,,,,,
3049.0,Veronica,Novak,Insurance,,,,,
3050.0,Victor,Walker,Computer Hardware,,,,,
3051.0,Elisa,Lopez,Health,,,,,
3052.0,Bianca,Green,Consumer Products & Services,,,,,
3053.0,Timothy,Lopez,Software,,,,,
3054.0,Eleni,Lopez,Health,,,,,
3055.0,Leah,Adams,IT Management,,,,,
3056.0,Natalie,Thompson,Business Products & Services,,,,,
3057.0,Martin,Davis,Logistics & Transportation,,,,,
3058.0,Evelyn,Muller,Software,,,,,
3059.0,Olivia,Garcia,Advertising & Marketing,,,,,
3060.0,George,Walker,Human Resources,,,,,
3061.0,Diana,Hernandez,Software,,,,,
3062.0,Christina,Miller,Consumer Products & Services,,,,,
3063.0,Oscar,Baker,Construction,,,,,
3064.0,Ivy,Wright,IT Management,,,,,
3065.0,Penelope,Hernandez,Business Products & Services,,,,,
3066.0,Georgia,Martinez,Consumer Products & Services,,,,,
3067.0,Matthew,Scott,Media,,,,,
3068.0,Timothy,Williams,Construction,,,,,
3069.0,Stella,Sanchez,Logistics & Transportation,,,,,
3070.0,Peter,Sanchez,Travel & Hospitality,,,,,
3071.0,Olivia,Davis,Construction,,,,,
3072.0,Diana,Garcia,IT Management,,,,,
3073.0,James,Martin,Food & Beverage,,,,,
3074.0,Gregory,Williams,Logistics & Transportation,,,,,
3075.0,Kostas,Robinson,Advertising & Marketing,,,,,
3076.0,Jasmine,Thomas,Business Products & Services,,,,,
3077.0,Marta,Miller,Security,,,,,
3078.0,Jason,Muller,Software,,,,,
3079.0,Thomas,Novak,Advertising & Marketing,,,,,
3080.0,Zoe,Jones,Software,,,,,
3081.0,Maria,Jackson,Business Products & Services,,,,,
3082.0,Arthur,Hall,Environmental Services,,,,,
3083.0,Gregory,Mitchell,Consumer Products & Services,,,,,
3084.0,Thomas,Lewis,IT Management,,,,,
3085.0,Michael,Young,Manufacturing,,,,,
3086.0,Maya,Schmidt,IT System Development,,,,,
3087.0,Maya,Anderson,Advertising & Marketing,,,,,
3088.0,Daniel,Young,Advertising & Marketing,,,,,
3089.0,Patricia,Carter,Real Estate,,,,,
3090.0,Catherine,Nielsen,Business Products & Services,,,,,
3091.0,Nicole,Williams,Business Products & Services,,,,,
3092.0,Christina,Lombardi,Food & Beverage,,,,,
3093.0,Anthony,King,IT Management,,,,,
3094.0,Evelyn,Nielsen,Construction,,,,,
3095.0,Daniel,Hernandez,Government Services,,,,,
3096.0,Helen,Nielsen,Financial Services,,,,,
3097.0,Laura,Moore,Insurance,,,,,
3098.0,Diana,Dubois,Financial Services,,,,,
3099.0,Catherine,Gonzalez,Construction,,,,,
3100.0,Julia,Williams,Food & Beverage,,,,,
3101.0,Christopher,Adams,Business Products & Services,,,,,
3102.0,Jack,Smith,Government Services,,,,,
3103.0,Harris,Anderson,Advertising & Marketing,,,,,
3104.0,Georgia,Harris,Software,,,,,
3105.0,Vasilis,Thompson,Engineering,,,,,
3106.0,Zoe,Thomas,Financial Services,,,,,
3107.0,Benjamin,Clark,Retail,,,,,
3108.0,Isabella,Allen,Software,,,,,
3109.0,Adrian,Hernandez,IT System Development,,,,,
3110.0,Maria,Bianchi,Advertising & Marketing,,,,,
3111.0,Theodora,Brown,Human Resources,,,,,
3112.0,Jason,Walker,Logistics & Transportation,,,,,
3113.0,Peter,Robinson,Food & Beverage,,,,,
3114.0,Lucy,Anderson,Advertising & Marketing,,,,,
3115.0,Julia,Lopez,Health,,,,,
3116.0,Peter,King,Construction,,,,,
3117.0,Marta,Jones,Health,,,,,
3118.0,Anna,Martin,Business Products & Services,,,,,
3119.0,Eleni,Thomas,Retail,,,,,
3120.0,Eva,Rossi,Business Products & Services,,,,,
3121.0,Diana,Hernandez,Retail,,,,,
3122.0,Katerina,Harris,Construction,,,,,
3123.0,Maya,Lombardi,Advertising & Marketing,,,,,
3124.0,Claire,Dubois,Logistics & Transportation,,,,,
3125.0,Veronica,Young,Computer Hardware,,,,,
3126.0,Andreas,Johnson,Advertising & Marketing,,,,,
3127.0,Gregory,Young,Manufacturing,,,,,
3128.0,Grace,Jones,Telecommunications,,,,,
3129.0,George,Jackson,Software,,,,,
3130.0,Elisa,Carter,Security,,,,,
3131.0,Lucy,Scott,Government Services,,,,,
3132.0,Leo,Lopez,Business Products & Services,,,,,
3133.0,Georgia,Baker,Government Services,,,,,
3134.0,Penelope,Taylor,Telecommunications,,,,,
3135.0,Nadia,Anderson,Construction,,,,,
3136.0,Maya,Baker,Financial Services,,,,,
3137.0,Nicholas,Gonzalez,IT System Development,,,,,
3138.0,John,Brown,Telecommunications,,,,,
3139.0,Roxanne,Garcia,Health,,,,,
3140.0,Georgia,Kowalski,IT System Development,,,,,
3141.0,Alex,Jones,IT Management,,,,,
3142.0,Christopher,Perez,Business Products & Services,,,,,
3143.0,Nikoleta,Scott,Human Resources,,,,,
3144.0,Robert,Green,Computer Hardware,,,,,
3145.0,Robert,Johnson,Education,,,,,
3146.0,Patricia,Mitchell,Advertising & Marketing,,,,,
3147.0,Lucas,Dubois,Advertising & Marketing,,,,,
3148.0,Noah,Taylor,Health,,,,,
3149.0,Peter,Dubois,Consumer Products & Services,,,,,
3150.0,Ivy,Gonzalez,IT System Development,,,,,
3151.0,Alexandra,Lewis,Health,,,,,
3152.0,Harris,Williams,Software,,,,,
3153.0,Laura,Anderson,Government Services,,,,,
3154.0,Maria,Davis,Real Estate,,,,,
3155.0,Angelina,Kowalski,Travel & Hospitality,,,,,
3156.0,Nikoleta,Martin,Security,,,,,
3157.0,Bianca,Smith,Real Estate,,,,,
3158.0,Robert,Robinson,Health,,,,,
3159.0,Grace,Smith,Real Estate,,,,,
3160.0,Veronica,Adams,Construction,,,,,
3161.0,Dimitris,Brown,Software,,,,,
3162.0,Matthew,Robinson,IT System Development,,,,,
3163.0,Alice,Nielsen,Food & Beverage,,,,,
3164.0,Eleni,Adams,Advertising & Marketing,,,,,
3165.0,Vasilis,Garcia,Real Estate,,,,,
3166.0,Oscar,Martin,Government Services,,,,,
3167.0,Jasmine,Muller,Government Services,,,,,
3168.0,Martin,Rossi,Software,,,,,
3169.0,Joseph,Williams,Insurance,,,,,
3170.0,Sofia,Adams,Construction,,,,,
3171.0,Philip,Green,Advertising & Marketing,,,,,
3172.0,Evelyn,Jones,Financial Services,,,,,
3173.0,Noah,Johnson,Retail,,,,,
3174.0,Irene,Bianchi,Health,,,,,
3175.0,Hugo,Sanchez,Engineering,,,,,
3176.0,Irene,Adams,Business Products & Services,,,,,
3177.0,Patricia,Bianchi,Energy,,,,,
3178.0,Marina,Robinson,IT Services,,,,,
3179.0,Grace,Lopez,Advertising & Marketing,,,,,
3180.0,Roxanne,Kowalski,Real Estate,,,,,
3181.0,Michael,Mitchell,Government Services,,,,,
3182.0,Nadia,Robinson,Food & Beverage,,,,,
3183.0,Adrian,Young,Advertising & Marketing,,,,,
3184.0,Paula,Schmidt,Advertising & Marketing,,,,,
3185.0,Angelina,Jackson,Advertising & Marketing,,,,,
3186.0,Lucas,Kowalski,Health,,,,,
3187.0,Thomas,Wright,Manufacturing,,,,,
3188.0,Stephen,Mitchell,Advertising & Marketing,,,,,
3189.0,Arthur,Thompson,Retail,,,,,
3190.0,Alice,Clark,Real Estate,,,,,
3191.0,Sofia,Rossi,Software,,,,,
3192.0,Alex,Allen,Logistics & Transportation,,,,,
3193.0,Paul,Sanchez,Real Estate,,,,,
3194.0,Grace,Anderson,Real Estate,,,,,
3195.0,Patricia,Allen,Government Services,,,,,
3196.0,Noah,Green,Consumer Products & Services,,,,,
3197.0,Hugo,Lewis,Government Services,,,,,
3198.0,Sofia,Martin,Construction,,,,,
3199.0,James,Anderson,Security,,,,,
3200.0,Arthur,Lopez,Human Resources,,,,,
3201.0,Isabella,Rossi,Business Products & Services,,,,,
3202.0,Christos,Dubois,Telecommunications,,,,,
3203.0,Stella,Thomas,Education,,,,,
3204.0,Arthur,Robinson,Advertising & Marketing,,,,,
3205.0,Hugo,Thompson,Advertising & Marketing,,,,,
3206.0,Christos,Taylor,Construction,,,,,
3207.0,Martin,Lewis,Government Services,,,,,
3208.0,Mark,Schmidt,Software,,,,,
3209.0,Kostas,Johnson,Advertising & Marketing,,,,,
3210.0,Paula,Hall,Human Resources,,,,,
3211.0,Lucas,Lee,Logistics & Transportation,,,,,
3212.0,Leah,Anderson,Manufacturing,,,,,
3213.0,Alexandra,Williams,Business Products & Services,,,,,
3214.0,Adrian,Allen,Real Estate,,,,,
3215.0,Andreas,Perez,Construction,,,,,
3216.0,Jack,Horvath,Health,,,,,
3217.0,Zoe,Green,Retail,,,,,
3218.0,Victor,Martin,Real Estate,,,,,
3219.0,Max,Walker,Business Products & Services,,,,,
3220.0,Peter,Martinez,Consumer Products & Services,,,,,
3221.0,Natalie,Rossi,Financial Services,,,,,
3222.0,Victor,Clark,Real Estate,,,,,
3223.0,Robert,Moore,Logistics & Transportation,,,,,
3224.0,Angelina,Walker,Food & Beverage,,,,,
3225.0,Dimitris,Perez,Advertising & Marketing,,,,,
3226.0,Leo,Perez,Manufacturing,,,,,
3227.0,Victor,Allen,Manufacturing,,,,,
3228.0,Elisa,Dubois,Health,,,,,
3229.0,Robert,Young,Consumer Products & Services,,,,,
3230.0,Stella,Young,Security,,,,,
3231.0,James,Robinson,IT System Development,,,,,
3232.0,Martin,Allen,Financial Services,,,,,
3233.0,Christopher,Lewis,Consumer Products & Services,,,,,
3234.0,Samuel,Harris,Advertising & Marketing,,,,,
3235.0,Peter,Gonzalez,Health,,,,,
3236.0,Julia,Lombardi,Insurance,,,,,
3237.0,Chloe,Walker,Financial Services,,,,,
3238.0,Eleni,Martinez,IT Management,,,,,
3239.0,Adrian,Dubois,Real Estate,,,,,
3240.0,Eleni,Scott,Software,,,,,
3241.0,Stella,Moore,Advertising & Marketing,,,,,
3242.0,Penelope,Jackson,Human Resources,,,,,
3243.0,Roxanne,Moore,Consumer Products & Services,,,,,
3244.0,Timothy,Horvath,Business Products & Services,,,,,
3245.0,Victoria,Hernandez,Software,,,,,
3246.0,Alice,Adams,Advertising & Marketing,,,,,
3247.0,Olivia,Hernandez,IT Management,,,,,
3248.0,Nicholas,Dubois,Manufacturing,,,,,
3249.0,Laura,Lombardi,Financial Services,,,,,
3250.0,Stella,Mitchell,Software,,,,,
3251.0,Andrew,Lewis,Software,,,,,
3252.0,Jack,Allen,Health,,,,,
3253.0,Nikoleta,Baker,Financial Services,,,,,
3254.0,Dimitris,Muller,Consumer Products & Services,,,,,
3255.0,Matthew,Perez,Business Products & Services,,,,,
3256.0,Victoria,Lewis,Logistics & Transportation,,,,,
3257.0,Laura,Bianchi,Manufacturing,,,,,
3258.0,Penelope,Lee,Software,,,,,
3259.0,Martin,Moore,IT Management,,,,,
3260.0,Leah,Walker,IT System Development,,,,,
3261.0,William,Anderson,Real Estate,,,,,
3262.0,Zoe,Sanchez,Manufacturing,,,,,
3263.0,Lydia,Davis,Consumer Products & Services,,,,,
3264.0,Alice,Green,Financial Services,,,,,
3265.0,Christopher,Bianchi,Software,,,,,
3266.0,Jasmine,Young,Government Services,,,,,
3267.0,Victor,Lee,Health,,,,,
3268.0,Daniel,Nielsen,Health,,,,,
3269.0,Sofia,Mitchell,Software,,,,,
3270.0,Grace,Perez,Health,,,,,
3271.0,Andreas,Brown,Health,,,,,
3272.0,Anthony,Hernandez,Advertising & Marketing,,,,,
3273.0,Andrew,Moore,IT Management,,,,,
3274.0,Natalie,Harris,Construction,,,,,
3275.0,Hugo,Baker,Real Estate,,,,,
3276.0,Roman,Taylor,Environmental Services,,,,,
3277.0,Penelope,Lombardi,Health,,,,,
3278.0,Nikoleta,Robinson,Financial Services,,,,,
3279.0,Nikoleta,Scott,Software,,,,,
3280.0,Christina,Hall,Education,,,,,
3281.0,Eleni,Thomas,Advertising & Marketing,,,,,
3282.0,Stephen,Young,IT Management,,,,,
3283.0,Alex,Johnson,Engineering,,,,,
3284.0,Spyros,Novak,Business Products & Services,,,,,
3285.0,Vasilis,Moore,Financial Services,,,,,
3286.0,Ivy,Robinson,Software,,,,,
3287.0,Anna,Adams,Business Products & Services,,,,,
3288.0,Marina,Lombardi,Construction,,,,,
3289.0,Leah,Thomas,Business Products & Services,,,,,
3290.0,Elisa,White,Security,,,,,
3291.0,John,Schmidt,Construction,,,,,
3292.0,Laura,Kowalski,Construction,,,,,
3293.0,Penelope,Adams,Travel & Hospitality,,,,,
3294.0,Nicholas,Nielsen,Software,,,,,
3295.0,Sofia,Anderson,Advertising & Marketing,,,,,
3296.0,Angelina,Bianchi,IT Management,,,,,
3297.0,John,Walker,Consumer Products & Services,,,,,
3298.0,Leo,Adams,Construction,,,,,
3299.0,Grace,Hernandez,Business Products & Services,,,,,
3300.0,Theodora,Anderson,Human Resources,,,,,
3301.0,Laura,Perez,Real Estate,,,,,
3302.0,Julia,Gonzalez,Insurance,,,,,
3303.0,Alex,Allen,Consumer Products & Services,,,,,
3304.0,Roxanne,Jackson,Construction,,,,,
3305.0,Gregory,Schmidt,Health,,,,,
3306.0,Marta,Martinez,Construction,,,,,
3307.0,Adrian,Muller,Consumer Products & Services,,,,,
3308.0,Victoria,Wright,Manufacturing,,,,,
3309.0,Anna,Gonzalez,Media,,,,,
3310.0,Angelina,Mitchell,Food & Beverage,,,,,
3311.0,Marta,Muller,Business Products & Services,,,,,
3312.0,Leah,Mitchell,Software,,,,,
3313.0,Katerina,Scott,IT System Development,,,,,
3314.0,Nicole,Schmidt,Business Products & Services,,,,,
3315.0,Max,Rossi,Business Products & Services,,,,,
3316.0,Lucy,Williams,Manufacturing,,,,,
3317.0,Chloe,Kowalski,Construction,,,,,
3318.0,George,Davis,Software,,,,,
3319.0,Anna,Jones,Business Products & Services,,,,,
3320.0,Roxanne,Miller,Logistics & Transportation,,,,,
3321.0,Nicole,Johnson,Health,,,,,
3322.0,Stephen,Smith,Business Products & Services,,,,,
3323.0,Victor,Brown,Energy,,,,,
3324.0,Arthur,Harris,Software,,,,,
3325.0,Andrew,Miller,Human Resources,,,,,
3326.0,Michael,Gonzalez,Software,,,,,
3327.0,Lydia,Clark,IT Management,,,,,
3328.0,Hugo,Hernandez,Construction,,,,,
3329.0,Angelina,Schmidt,Telecommunications,,,,,
3330.0,Sara,Anderson,Business Products & Services,,,,,
3331.0,Harris,Moore,Construction,,,,,
3332.0,George,Lee,Advertising & Marketing,,,,,
3333.0,Alice,Jones,Software,,,,,
3334.0,Peter,Lewis,Insurance,,,,,
3335.0,Nikos,Mitchell,Media,,,,,
3336.0,Roxanne,Gonzalez,IT Management,,,,,
3337.0,Nicole,Nelson,Retail,,,,,
3338.0,Helen,Young,IT Management,,,,,
3339.0,Gregory,Sanchez,Retail,,,,,
3340.0,Nadia,Harris,Financial Services,,,,,
3341.0,Noah,Horvath,Construction,,,,,
3342.0,Samuel,Thomas,Retail,,,,,
3343.0,Nikos,Lopez,IT Services,,,,,
3344.0,Chloe,Lee,Consumer Products & Services,,,,,
3345.0,Grace,Davis,Logistics & Transportation,,,,,
3346.0,Penelope,Baker,Construction,,,,,
3347.0,William,Taylor,Construction,,,,,
3348.0,Eva,Anderson,IT Management,,,,,
3349.0,Timothy,Taylor,Government Services,,,,,
3350.0,Laura,Perez,Advertising & Marketing,,,,,
3351.0,Ivy,Garcia,Retail,,,,,
3352.0,Laura,Green,IT Management,,,,,
3353.0,Eleni,Mitchell,Government Services,,,,,
3354.0,Anthony,Perez,IT Services,,,,,
3355.0,Georgia,Taylor,Advertising & Marketing,,,,,
3356.0,Matthew,Baker,IT Management,,,,,
3357.0,Gregory,Baker,Advertising & Marketing,,,,,
3358.0,Benjamin,Rossi,Advertising & Marketing,,,,,
3359.0,Emily,Sanchez,Software,,,,,
3360.0,Martin,Novak,Advertising & Marketing,,,,,
3361.0,Maya,White,Business Products & Services,,,,,
3362.0,Joseph,Novak,Manufacturing,,,,,
3363.0,Matthew,Jackson,Manufacturing,,,,,
3364.0,Henry,Garcia,Real Estate,,,,,
3365.0,Victoria,Lombardi,IT Management,,,,,
3366.0,Dimitris,Anderson,Real Estate,,,,,
3367.0,Peter,Young,Government Services,,,,,
3368.0,Jack,Davis,Software,,,,,
3369.0,Isabella,Muller,Software,,,,,
3370.0,Arthur,Williams,Government Services,,,,,
3371.0,Joseph,Martinez,Travel & Hospitality,,,,,
3372.0,Alexandra,Robinson,Construction,,,,,
3373.0,Jason,Sanchez,Manufacturing,,,,,
3374.0,Jasmine,Robinson,Business Products & Services,,,,,
3375.0,Paula,Sanchez,Education,,,,,
3376.0,Anthony,Taylor,Construction,,,,,
3377.0,Timothy,Nielsen,Business Products & Services,,,,,
3378.0,Nicole,Johnson,Advertising & Marketing,,,,,
3379.0,Michael,Nelson,Government Services,,,,,
3380.0,Jack,Novak,Software,,,,,
3381.0,Patricia,Lewis,Manufacturing,,,,,
3382.0,Christos,Young,Energy,,,,,
3383.0,Alexandra,Nelson,Manufacturing,,,,,
3384.0,Paula,Adams,Software,,,,,
3385.0,Roman,Thomas,Retail,,,,,
3386.0,Peter,Young,Business Products & Services,,,,,
3387.0,Philip,Johnson,Consumer Products & Services,,,,,
3388.0,Rebecca,Wright,Health,,,,,
3389.0,Philip,Lombardi,Consumer Products & Services,,,,,
3390.0,Christina,Adams,Health,,,,,
3391.0,Emily,Clark,Software,,,,,
3392.0,Diana,Harris,Business Products & Services,,,,,
3393.0,Claire,Miller,Health,,,,,
3394.0,Stella,Lewis,Business Products & Services,,,,,
3395.0,Adrian,Jones,IT System Development,,,,,
3396.0,Isabella,Thomas,Financial Services,,,,,
3397.0,Jasmine,Martinez,Construction,,,,,
3398.0,Nicole,Mitchell,IT Management,,,,,
3399.0,Stephen,Lee,IT System Development,,,,,
3400.0,Julia,Kowalski,Advertising & Marketing,,,,,
3401.0,Leo,Walker,Software,,,,,
3402.0,Victoria,Anderson,Business Products & Services,,,,,
3403.0,Matthew,Garcia,Health,,,,,
3404.0,Joseph,Lombardi,IT System Development,,,,,
3405.0,Paul,Hernandez,Logistics & Transportation,,,,,
3406.0,Daniel,Rossi,Health,,,,,
3407.0,Maya,Gonzalez,IT Management,,,,,
3408.0,Sofia,Lopez,IT System Development,,,,,
3409.0,Vasilis,Horvath,Health,,,,,
3410.0,David,Miller,Consumer Products & Services,,,,,
3411.0,Nicholas,Clark,Health,,,,,
3412.0,Paul,Carter,Consumer Products & Services,,,,,
3413.0,Alex,Wright,IT System Development,,,,,
3414.0,Michael,Johnson,Business Products & Services,,,,,
3415.0,Helen,Mitchell,Construction,,,,,
3416.0,Liam,Nelson,Education,,,,,
3417.0,Adrian,Perez,Health,,,,,
3418.0,Diana,Taylor,Business Products & Services,,,,,
3419.0,William,Lewis,Government Services,,,,,
3420.0,Emily,Thompson,Health,,,,,
3421.0,Noah,Hernandez,Insurance,,,,,
3422.0,Paul,King,Insurance,,,,,
3423.0,Nicole,White,Real Estate,,,,,
3424.0,Emily,Scott,Financial Services,,,,,
3425.0,Ivy,Johnson,Logistics & Transportation,,,,,
3426.0,Nikoleta,Wright,Consumer Products & Services,,,,,
3427.0,Nikos,Gonzalez,Construction,,,,,
3428.0,Nadia,Taylor,Retail,,,,,
3429.0,Alex,Brown,IT System Development,,,,,
3430.0,Maria,Bianchi,Consumer Products & Services,,,,,
3431.0,Sara,Jackson,Energy,,,,,
3432.0,Eleni,Novak,Advertising & Marketing,,,,,
3433.0,Jason,Lee,Travel & Hospitality,,,,,
3434.0,Georgia,Thompson,IT Services,,,,,
3435.0,Michael,Young,Travel & Hospitality,,,,,
3436.0,Arthur,Hall,Construction,,,,,
3437.0,Marta,Harris,Logistics & Transportation,,,,,
3438.0,Spyros,Williams,Advertising & Marketing,,,,,
3439.0,Nikoleta,White,Security,,,,,
3440.0,Victoria,Schmidt,Software,,,,,
3441.0,Max,Muller,Software,,,,,
3442.0,Thomas,Lombardi,Government Services,,,,,
3443.0,Lucy,Allen,Engineering,,,,,
3444.0,Laura,Lombardi,Environmental Services,,,,,
3445.0,John,Miller,Advertising & Marketing,,,,,
3446.0,Adrian,Harris,Software,,,,,
3447.0,Arthur,Baker,IT Services,,,,,
3448.0,Olivia,Williams,Business Products & Services,,,,,
3449.0,Maria,Martinez,Business Products & Services,,,,,
3450.0,Lucy,Mitchell,Consumer Products & Services,,,,,
3451.0,Helen,Smith,Health,,,,,
3452.0,Leah,Schmidt,Advertising & Marketing,,,,,
3453.0,Benjamin,Adams,Business Products & Services,,,,,
3454.0,Maria,Johnson,Software,,,,,
3455.0,Roxanne,Lee,Education,,,,,
3456.0,Elisa,Robinson,Consumer Products & Services,,,,,
3457.0,James,Hernandez,IT System Development,,,,,
3458.0,Christopher,Sanchez,Consumer Products & Services,,,,,
3459.0,Michael,Robinson,Security,,,,,
3460.0,Maya,Robinson,Financial Services,,,,,
3461.0,Elisa,Williams,Software,,,,,
3462.0,Alice,Novak,Business Products & Services,,,,,
3463.0,Leo,Kowalski,Health,,,,,
3464.0,Noah,White,Software,,,,,
3465.0,Marina,Novak,Business Products & Services,,,,,
3466.0,Ivy,Robinson,Construction,,,,,
3467.0,Sara,Harris,Government Services,,,,,
3468.0,Leo,Lewis,Advertising & Marketing,,,,,
3469.0,Helen,King,Security,,,,,
3470.0,Ivy,Hall,Health,,,,,
3471.0,Maria,Perez,Construction,,,,,
3472.0,Penelope,Horvath,Human Resources,,,,,
3473.0,Paula,Harris,Security,,,,,
3474.0,Alexandra,Martinez,Health,,,,,
3475.0,Max,Clark,IT Management,,,,,
3476.0,Sara,Dubois,Construction,,,,,
3477.0,Zoe,Thompson,Software,,,,,
3478.0,Robert,Baker,Business Products & Services,,,,,
3479.0,Katerina,Hernandez,Financial Services,,,,,
3480.0,Eva,Wright,Insurance,,,,,
3481.0,Spyros,Lopez,IT Management,,,,,
3482.0,Bianca,White,Food & Beverage,,,,,
3483.0,Natalie,Miller,Manufacturing,,,,,
3484.0,Gregory,Young,Advertising & Marketing,,,,,
3485.0,Chloe,Lombardi,Business Products & Services,,,,,
3486.0,Veronica,Miller,Business Products & Services,,,,,
3487.0,Jasmine,Lombardi,Consumer Products & Services,,,,,
3488.0,Marina,Gonzalez,Energy,,,,,
3489.0,Oscar,King,Government Services,,,,,
3490.0,Angelina,Garcia,IT System Development,,,,,
3491.0,Alex,Johnson,Financial Services,,,,,
3492.0,Athena,Martinez,Software,,,,,
3493.0,Andreas,Muller,Health,,,,,
3494.0,Victoria,Davis,Advertising & Marketing,,,,,
3495.0,Dimitris,Jackson,Software,,,,,
3496.0,Julia,Jones,Telecommunications,,,,,
3497.0,Laura,Thomas,Health,,,,,
3498.0,Harris,Lewis,Health,,,,,
3499.0,Georgia,Jones,Advertising & Marketing,,,,,
3500.0,Nicholas,Anderson,Education,,,,,
3501.0,Vasilis,Adams,Government Services,,,,,
3502.0,Martin,Jackson,Manufacturing,,,,,
3503.0,Christopher,Nielsen,Business Products & Services,,,,,
3504.0,Diana,Miller,Retail,,,,,
3505.0,Noah,Jones,Engineering,,,,,
3506.0,Eleni,Smith,Travel & Hospitality,,,,,
3507.0,Vasilis,Dubois,Business Products & Services,,,,,
3508.0,Andrew,Smith,Health,,,,,
3509.0,Eleni,Schmidt,IT Management,,,,,
3510.0,Bianca,Harris,Consumer Products & Services,,,,,
3511.0,Bianca,Mitchell,Human Resources,,,,,
3512.0,Laura,Jones,Advertising & Marketing,,,,,
3513.0,Richard,Anderson,Business Products & Services,,,,,
3514.0,William,Nelson,Software,,,,,
3515.0,Dimitris,Rossi,Software,,,,,
3516.0,Sara,Allen,Retail,,,,,
3517.0,Helen,Rossi,Government Services,,,,,
3518.0,Alex,Harris,Financial Services,,,,,
3519.0,Peter,Lombardi,Software,,,,,
3520.0,Thomas,Davis,Advertising & Marketing,,,,,
3521.0,Roxanne,Mitchell,Human Resources,,,,,
3522.0,Martin,Garcia,Software,,,,,
3523.0,Anna,Brown,Financial Services,,,,,
3524.0,Nadia,Horvath,Real Estate,,,,,
3525.0,Jasmine,Martinez,IT Management,,,,,
3526.0,George,Hernandez,IT Management,,,,,
3527.0,Richard,Schmidt,Business Products & Services,,,,,
3528.0,Roxanne,Miller,Consumer Products & Services,,,,,
3529.0,Angelina,Thomas,IT Management,,,,,
3530.0,Stella,Miller,Retail,,,,,
3531.0,Andreas,Horvath,IT Management,,,,,
3532.0,Leah,Miller,IT Management,,,,,
3533.0,Zoe,Smith,Real Estate,,,,,
3534.0,Maria,Hall,Retail,,,,,
3535.0,Nikos,Kowalski,Consumer Products & Services,,,,,
3536.0,Patricia,Martin,Human Resources,,,,,
3537.0,Jasmine,Moore,Health,,,,,
3538.0,Oscar,Brown,Real Estate,,,,,
3539.0,Laura,Horvath,Advertising & Marketing,,,,,
3540.0,Adrian,Miller,Consumer Products & Services,,,,,
3541.0,Sofia,Robinson,Software,,,,,
3542.0,Olivia,Gonzalez,Government Services,,,,,
3543.0,Martin,Rossi,Business Products & Services,,,,,
3544.0,Roxanne,Scott,Health,,,,,
3545.0,Lydia,Hernandez,Logistics & Transportation,,,,,
3546.0,Elisa,Sanchez,Human Resources,,,,,
3547.0,Lucas,Hernandez,Software,,,,,
3548.0,Nadia,Horvath,Telecommunications,,,,,
3549.0,Christina,Wright,Manufacturing,,,,,
3550.0,Spyros,Carter,Advertising & Marketing,,,,,
3551.0,Eva,Horvath,Construction,,,,,
3552.0,Daniel,Thomas,Education,,,,,
3553.0,Theodora,Sanchez,Advertising & Marketing,,,,,
3554.0,Leah,Lopez,Media,,,,,
3555.0,Lucy,Dubois,Construction,,,,,
3556.0,Chloe,Kowalski,Consumer Products & Services,,,,,
3557.0,Laura,Nelson,Business Products & Services,,,,,
3558.0,Leo,Brown,Energy,,,,,
3559.0,Helen,Young,Software,,,,,
3560.0,Richard,Thomas,IT Management,,,,,
3561.0,Oscar,King,Human Resources,,,,,
3562.0,Arthur,Smith,Engineering,,,,,
3563.0,Alexandra,Miller,Financial Services,,,,,
3564.0,Evelyn,Thomas,Logistics & Transportation,,,,,
3565.0,Mark,Hernandez,Health,,,,,
3566.0,Oscar,Thompson,Government Services,,,,,
3567.0,Arthur,Anderson,IT Management,,,,,
3568.0,Ivy,Green,Health,,,,,
3569.0,Julia,Adams,Health,,,,,
3570.0,Andreas,Hernandez,Retail,,,,,
3571.0,George,Novak,Financial Services,,,,,
3572.0,Christos,Garcia,Software,,,,,
3573.0,John,Novak,Human Resources,,,,,
3574.0,Athena,Muller,Consumer Products & Services,,,,,
3575.0,Leah,Jones,Consumer Products & Services,,,,,
3576.0,Nikos,Hernandez,Business Products & Services,,,,,
3577.0,William,Thomas,Food & Beverage,,,,,
3578.0,Jack,Gonzalez,Manufacturing,,,,,
3579.0,Samuel,Muller,Real Estate,,,,,
3580.0,Ivy,Martin,Health,,,,,
3581.0,Rebecca,Taylor,Government Services,,,,,
3582.0,Alex,Walker,Government Services,,,,,
3583.0,Marta,Rossi,Business Products & Services,,,,,
3584.0,Adrian,Nelson,Health,,,,,
3585.0,Christina,Lopez,Business Products & Services,,,,,
3586.0,Georgia,Carter,Business Products & Services,,,,,
3587.0,Kostas,Perez,Telecommunications,,,,,
3588.0,Dimitris,King,Business Products & Services,,,,,
3589.0,Leah,Rossi,Business Products & Services,,,,,
3590.0,Claire,Lopez,Construction,,,,,
3591.0,Eva,Moore,Financial Services,,,,,
3592.0,Leo,Hall,Advertising & Marketing,,,,,
3593.0,Lucas,Thompson,Health,,,,,
3594.0,Alex,Clark,Insurance,,,,,
3595.0,Richard,Schmidt,IT Management,,,,,
3596.0,Elisa,Jackson,Food & Beverage,,,,,
3597.0,James,Scott,Health,,,,,
3598.0,Andrew,Smith,Software,,,,,
3599.0,Lydia,Bianchi,Business Products & Services,,,,,
3600.0,Joseph,Kowalski,IT Services,,,,,
3601.0,Noah,Thompson,Health,,,,,
3602.0,John,Lopez,Engineering,,,,,
3603.0,Leo,Muller,Construction,,,,,
3604.0,Thomas,Taylor,Real Estate,,,,,
3605.0,Maria,Jones,Software,,,,,
3606.0,Natalie,Brown,Telecommunications,,,,,
3607.0,Christopher,Jones,Advertising & Marketing,,,,,
3608.0,Nikos,Wright,Construction,,,,,
3609.0,Victor,Clark,Health,,,,,
3610.0,George,Dubois,Advertising & Marketing,,,,,
3611.0,Alice,Brown,Logistics & Transportation,,,,,
3612.0,Henry,Mitchell,Retail,,,,,
3613.0,Anna,Muller,Consumer Products & Services,,,,,
3614.0,Angelina,Hall,Government Services,,,,,
3615.0,Patricia,Miller,Manufacturing,,,,,
3616.0,Maria,Kowalski,IT Management,,,,,
3617.0,Evelyn,Muller,Food & Beverage,,,,,
3618.0,Christina,Horvath,Logistics & Transportation,,,,,
3619.0,Nikoleta,Young,IT Services,,,,,
3620.0,Alice,Smith,Financial Services,,,,,
3621.0,Matthew,Schmidt,Real Estate,,,,,
3622.0,Eva,Kowalski,Manufacturing,,,,,
3623.0,Christos,Miller,Health,,,,,
3624.0,Maya,Gonzalez,IT Management,,,,,
3625.0,Victor,Nelson,Construction,,,,,
3626.0,Stephen,Nielsen,Retail,,,,,
3627.0,Martin,Lewis,Education,,,,,
3628.0,Jason,Novak,Consumer Products & Services,,,,,
3629.0,Catherine,Kowalski,Telecommunications,,,,,
3630.0,Marina,Carter,Retail,,,,,
3631.0,Leo,Kowalski,Insurance,,,,,
3632.0,Zoe,Jones,Financial Services,,,,,
3633.0,Claire,Adams,Consumer Products & Services,,,,,
3634.0,Henry,Thompson,Consumer Products & Services,,,,,
3635.0,Leo,Dubois,IT Management,,,,,
3636.0,Athena,Gonzalez,IT Management,,,,,
3637.0,Alice,Young,Software,,,,,
3638.0,Adrian,Clark,Advertising & Marketing,,,,,
3639.0,Dimitris,Schmidt,Business Products & Services,,,,,
3640.0,Nikoleta,Sanchez,Advertising & Marketing,,,,,
3641.0,Paul,Lewis,Food & Beverage,,,,,
3642.0,Arthur,Wright,Software,,,,,
3643.0,Andrew,Lee,Business Products & Services,,,,,
3644.0,Angelina,Muller,Business Products & Services,,,,,
3645.0,Mark,Wright,Manufacturing,,,,,
3646.0,Andreas,Gonzalez,Financial Services,,,,,
3647.0,Thomas,Green,Construction,,,,,
3648.0,Paul,Schmidt,Business Products & Services,,,,,
3649.0,William,Hernandez,Financial Services,,,,,
3650.0,Jack,Martin,Education,,,,,
3651.0,Georgia,Nelson,Health,,,,,
3652.0,Robert,Taylor,Logistics & Transportation,,,,,
3653.0,Nikos,Williams,Media,,,,,
3654.0,Anthony,Novak,Business Products & Services,,,,,
3655.0,Irene,Clark,Business Products & Services,,,,,
3656.0,Thomas,Perez,IT Management,,,,,
3657.0,James,Allen,Environmental Services,,,,,
3658.0,Adrian,Allen,Telecommunications,,,,,
3659.0,Laura,Gonzalez,Construction,,,,,
3660.0,Leah,Walker,IT Management,,,,,
3661.0,Bianca,Allen,Engineering,,,,,
3662.0,Alexandra,Allen,Real Estate,,,,,
3663.0,Georgia,Young,Government Services,,,,,
3664.0,Vasilis,Anderson,Business Products & Services,,,,,
3665.0,Jasmine,Anderson,Food & Beverage,,,,,
3666.0,Penelope,Schmidt,Advertising & Marketing,,,,,
3667.0,Eva,Muller,Construction,,,,,
3668.0,Jason,Robinson,Construction,,,,,
3669.0,Victor,Perez,IT System Development,,,,,
3670.0,Theodora,Johnson,Consumer Products & Services,,,,,
3671.0,Thomas,Martinez,Construction,,,,,
3672.0,Paul,Gonzalez,Health,,,,,
3673.0,David,Robinson,Government Services,,,,,
3674.0,Arthur,Rossi,Engineering,,,,,
3675.0,Jasmine,Anderson,Construction,,,,,
3676.0,Robert,Walker,Computer Hardware,,,,,
3677.0,Max,Lewis,Government Services,,,,,
3678.0,Grace,Smith,Security,,,,,
3679.0,Roxanne,Hall,Human Resources,,,,,
3680.0,Jasmine,Lombardi,Health,,,,,
3681.0,Lucas,Thomas,Government Services,,,,,
3682.0,Noah,Anderson,Advertising & Marketing,,,,,
3683.0,Liam,Nelson,Business Products & Services,,,,,
3684.0,Victoria,Thomas,Software,,,,,
3685.0,Liam,Moore,Advertising & Marketing,,,,,
3686.0,William,Davis,Education,,,,,
3687.0,Stella,Johnson,Software,,,,,
3688.0,Chloe,Walker,Consumer Products & Services,,,,,
3689.0,Georgia,Sanchez,Advertising & Marketing,,,,,
3690.0,Ivy,Anderson,Real Estate,,,,,
3691.0,David,White,Real Estate,,,,,
3692.0,Sofia,Harris,Health,,,,,
3693.0,Harris,Hernandez,Business Products & Services,,,,,
3694.0,Nikos,Johnson,Advertising & Marketing,,,,,
3695.0,Roman,Wright,Business Products & Services,,,,,
3696.0,Lucy,Walker,Logistics & Transportation,,,,,
3697.0,Maya,Taylor,IT Management,,,,,
3698.0,Athena,Lee,Business Products & Services,,,,,
3699.0,Ivy,Baker,Advertising & Marketing,,,,,
3700.0,Rebecca,White,Real Estate,,,,,
3701.0,Philip,Martin,Retail,,,,,
3702.0,Nicole,Hernandez,Retail,,,,,
3703.0,Diana,Wright,Advertising & Marketing,,,,,
3704.0,Thomas,Carter,Advertising & Marketing,,,,,
3705.0,Elisa,Dubois,Logistics & Transportation,,,,,
3706.0,Sofia,Wright,Software,,,,,
3707.0,Richard,Hall,Business Products & Services,,,,,
3708.0,Evelyn,Hall,Consumer Products & Services,,,,,
3709.0,Peter,Taylor,Manufacturing,,,,,
3710.0,Alice,Wright,Retail,,,,,
3711.0,Nicole,Lombardi,Advertising & Marketing,,,,,
3712.0,Alexandra,Brown,Government Services,,,,,
3713.0,Eva,Clark,Human Resources,,,,,
3714.0,Matthew,Davis,Advertising & Marketing,,,,,
3715.0,Leah,Jones,Human Resources,,,,,
3716.0,Matthew,Gonzalez,Real Estate,,,,,
3717.0,Veronica,Horvath,Advertising & Marketing,,,,,
3718.0,Roxanne,Sanchez,IT Services,,,,,
3719.0,Penelope,Carter,Education,,,,,
3720.0,Peter,Lopez,Consumer Products & Services,,,,,
3721.0,Jack,Anderson,Government Services,,,,,
3722.0,Rebecca,Jackson,Telecommunications,,,,,
3723.0,Nicholas,Scott,Business Products & Services,,,,,
3724.0,Julia,Wright,IT System Development,,,,,
3725.0,Sofia,Moore,Consumer Products & Services,,,,,
3726.0,Oscar,Perez,Real Estate,,,,,
3727.0,Matthew,Wright,Advertising & Marketing,,,,,
3728.0,Diana,Smith,Software,,,,,
3729.0,Nicholas,Lee,Software,,,,,
3730.0,Peter,Rossi,Real Estate,,,,,
3731.0,Dimitris,Taylor,Business Products & Services,,,,,
3732.0,Alice,Harris,Business Products & Services,,,,,
3733.0,Timothy,Rossi,Food & Beverage,,,,,
3734.0,Helen,Lee,Telecommunications,,,,,
3735.0,Christos,Kowalski,IT Management,,,,,
3736.0,Christina,Mitchell,Advertising & Marketing,,,,,
3737.0,Nikoleta,Hall,IT Management,,,,,
3738.0,Laura,Mitchell,IT Services,,,,,
3739.0,Christos,Garcia,Retail,,,,,
3740.0,Theodora,Carter,Real Estate,,,,,
3741.0,Jason,Martinez,Logistics & Transportation,,,,,
3742.0,Jack,Scott,Advertising & Marketing,,,,,
3743.0,Eva,Lopez,Advertising & Marketing,,,,,
3744.0,Emily,Harris,Software,,,,,
3745.0,Anna,Dubois,Health,,,,,
3746.0,Lucy,Lewis,Business Products & Services,,,,,
3747.0,Athena,Novak,IT System Development,,,,,
3748.0,Marta,Martinez,IT Management,,,,,
3749.0,George,Lewis,Manufacturing,,,,,
3750.0,Maria,Adams,Food & Beverage,,,,,
3751.0,Maya,Sanchez,Health,,,,,
3752.0,Matthew,Jones,Education,,,,,
3753.0,Christopher,Johnson,Business Products & Services,,,,,
3754.0,Rebecca,Young,Health,,,,,
3755.0,Leah,Lewis,Education,,,,,
3756.0,Nicole,Perez,Advertising & Marketing,,,,,
3757.0,Henry,Jackson,Construction,,,,,
3758.0,Oscar,Moore,Construction,,,,,
3759.0,William,Gonzalez,Advertising & Marketing,,,,,
3760.0,Christina,Novak,Health,,,,,
3761.0,Gregory,Martin,Human Resources,,,,,
3762.0,Lucas,Gonzalez,Business Products & Services,,,,,
3763.0,Matthew,Rossi,Software,,,,,
3764.0,William,Sanchez,Health,,,,,
3765.0,Henry,White,IT Management,,,,,
3766.0,Alice,Baker,Construction,,,,,
3767.0,Olivia,Harris,Logistics & Transportation,,,,,
3768.0,Vasilis,Adams,Business Products & Services,,,,,
3769.0,Zoe,Harris,IT Management,,,,,
3770.0,Angelina,Novak,Health,,,,,
3771.0,Patricia,Hernandez,IT System Development,,,,,
3772.0,Georgia,Martinez,Human Resources,,,,,
3773.0,Henry,Gonzalez,Government Services,,,,,
3774.0,David,Rossi,Government Services,,,,,
3775.0,William,Adams,Consumer Products & Services,,,,,
3776.0,Athena,Martin,Computer Hardware,,,,,
3777.0,Theodora,Horvath,Engineering,,,,,
3778.0,Lucy,Nelson,Financial Services,,,,,
3779.0,Christos,Mitchell,Government Services,,,,,
3780.0,Sofia,Jackson,Financial Services,,,,,
3781.0,Marina,Jackson,Health,,,,,
3782.0,Richard,Wright,Construction,,,,,
3783.0,Liam,Adams,Health,,,,,
3784.0,Stephen,Sanchez,Advertising & Marketing,,,,,
3785.0,Dimitris,Johnson,Consumer Products & Services,,,,,
3786.0,Anthony,Gonzalez,Human Resources,,,,,
3787.0,Christina,King,Human Resources,,,,,
3788.0,Christina,Davis,Business Products & Services,,,,,
3789.0,Diana,Robinson,Business Products & Services,,,,,
3790.0,Penelope,Muller,Construction,,,,,
3791.0,Hugo,Anderson,Software,,,,,
3792.0,Alice,Mitchell,Business Products & Services,,,,,
3793.0,Stephen,Gonzalez,Business Products & Services,,,,,
3794.0,Victor,Miller,Advertising & Marketing,,,,,
3795.0,Matthew,Scott,Business Products & Services,,,,,
3796.0,Penelope,Wright,Health,,,,,
3797.0,Robert,Allen,IT Management,,,,,
3798.0,Thomas,Carter,Human Resources,,,,,
3799.0,Arthur,Dubois,Financial Services,,,,,
3800.0,Emily,White,Engineering,,,,,
3801.0,Andrew,Jones,Construction,,,,,
3802.0,Andreas,Young,Real Estate,,,,,
3803.0,Jason,Robinson,IT Management,,,,,
3804.0,Laura,Nielsen,Business Products & Services,,,,,
3805.0,Roxanne,Hernandez,IT Management,,,,,
3806.0,Nikos,Nielsen,Advertising & Marketing,,,,,
3807.0,Sofia,White,IT Management,,,,,
3808.0,Diana,Horvath,Manufacturing,,,,,
3809.0,Daniel,Anderson,Software,,,,,
3810.0,Harris,Lewis,Consumer Products & Services,,,,,
3811.0,Angelina,Nielsen,Food & Beverage,,,,,
3812.0,Victor,Brown,IT Management,,,,,
3813.0,Ivy,Sanchez,Business Products & Services,,,,,
3814.0,Leo,Jackson,Construction,,,,,
3815.0,Paul,Martin,Advertising & Marketing,,,,,
3816.0,Olivia,Rossi,Engineering,,,,,
3817.0,Robert,Smith,Environmental Services,,,,,
3818.0,Joseph,Gonzalez,Health,,,,,
3819.0,Michael,Clark,IT Management,,,,,
3820.0,Robert,Mitchell,Real Estate,,,,,
3821.0,Martin,Sanchez,Health,,,,,
3822.0,Diana,Baker,Consumer Products & Services,,,,,
3823.0,James,Anderson,Food & Beverage,,,,,
3824.0,Noah,White,Telecommunications,,,,,
3825.0,Nikos,Gonzalez,Government Services,,,,,
3826.0,Andrew,Wright,Engineering,,,,,
3827.0,Stephen,Gonzalez,Health,,,,,
3828.0,Spyros,Carter,Construction,,,,,
3829.0,Diana,Green,Advertising & Marketing,,,,,
3830.0,Thomas,Hernandez,Consumer Products & Services,,,,,
3831.0,Christina,Bianchi,Travel & Hospitality,,,,,
3832.0,Jack,Hernandez,Business Products & Services,,,,,
3833.0,Maya,Carter,Health,,,,,
3834.0,Liam,Carter,Real Estate,,,,,
3835.0,Stephen,Garcia,Retail,,,,,
3836.0,Stella,Lopez,Retail,,,,,
3837.0,Victoria,Dubois,Insurance,,,,,
3838.0,Roman,Brown,Human Resources,,,,,
3839.0,Laura,Schmidt,Logistics & Transportation,,,,,
3840.0,Michael,Hernandez,Health,,,,,
3841.0,Mark,Scott,Human Resources,,,,,
3842.0,Roman,King,Financial Services,,,,,
3843.0,Lucy,Lopez,Financial Services,,,,,
3844.0,Athena,Jackson,Logistics & Transportation,,,,,
3845.0,Olivia,Robinson,Advertising & Marketing,,,,,
3846.0,Roxanne,Hall,Government Services,,,,,
3847.0,Marta,Novak,Advertising & Marketing,,,,,
3848.0,Alice,Smith,Business Products & Services,,,,,
3849.0,James,Lee,Construction,,,,,
3850.0,Lucy,Thompson,Business Products & Services,,,,,
3851.0,Eleni,Moore,Real Estate,,,,,
3852.0,Stephen,Anderson,Software,,,,,
3853.0,Stella,Lopez,Logistics & Transportation,,,,,
3854.0,Anna,Johnson,Government Services,,,,,
3855.0,Joseph,Johnson,IT System Development,,,,,
3856.0,Angelina,Bianchi,Real Estate,,,,,
3857.0,Noah,Bianchi,Media,,,,,
3858.0,Robert,Muller,Insurance,,,,,
3859.0,Hugo,Perez,Manufacturing,,,,,
3860.0,Penelope,Miller,Software,,,,,
3861.0,Hugo,Lewis,Advertising & Marketing,,,,,
3862.0,Michael,Allen,Real Estate,,,,,
3863.0,John,Nielsen,Software,,,,,
3864.0,Liam,Anderson,Food & Beverage,,,,,
3865.0,Eva,Young,Construction,,,,,
3866.0,Peter,Rossi,Insurance,,,,,
3867.0,Olivia,Robinson,Health,,,,,
3868.0,Eleni,Baker,Food & Beverage,,,,,
3869.0,Penelope,Taylor,Consumer Products & Services,,,,,
3870.0,Helen,Carter,Real Estate,,,,,
3871.0,John,Young,Advertising & Marketing,,,,,
3872.0,Catherine,Muller,Advertising & Marketing,,,,,
3873.0,Gregory,Gonzalez,Advertising & Marketing,,,,,
3874.0,Jack,Davis,Health,,,,,
3875.0,Peter,White,Government Services,,,,,
3876.0,Anthony,Allen,IT Services,,,,,
3877.0,Anthony,White,Energy,,,,,
3878.0,Arthur,Hernandez,Food & Beverage,,,,,
3879.0,Olivia,Horvath,Business Products & Services,,,,,
3880.0,Anthony,Carter,Advertising & Marketing,,,,,
3881.0,Richard,Allen,Government Services,,,,,
3882.0,Penelope,Lopez,Health,,,,,
3883.0,Laura,Taylor,Consumer Products & Services,,,,,
3884.0,Georgia,Nelson,Business Products & Services,,,,,
3885.0,Alexandra,Martinez,Computer Hardware,,,,,
3886.0,Rebecca,Gonzalez,Real Estate,,,,,
3887.0,Maya,Johnson,Software,,,,,
3888.0,Penelope,Garcia,Business Products & Services,,,,,
3889.0,Alice,Brown,IT Management,,,,,
3890.0,Maria,Gonzalez,IT Management,,,,,
3891.0,Arthur,Baker,Human Resources,,,,,
3892.0,Olivia,Sanchez,Business Products & Services,,,,,
3893.0,Mark,Lewis,Education,,,,,
3894.0,Martin,Anderson,Advertising & Marketing,,,,,
3895.0,David,Gonzalez,Logistics & Transportation,,,,,
3896.0,Olivia,Dubois,IT System Development,,,,,
3897.0,Evelyn,Robinson,IT Management,,,,,
3898.0,Peter,Baker,Government Services,,,,,
3899.0,Angelina,Johnson,Financial Services,,,,,
3900.0,William,Rossi,Government Services,,,,,
3901.0,Peter,Hall,Financial Services,,,,,
3902.0,Maria,Bianchi,Software,,,,,
3903.0,Lucas,Gonzalez,IT Management,,,,,
3904.0,Andreas,Walker,Advertising & Marketing,,,,,
3905.0,David,Thomas,IT Management,,,,,
3906.0,Leah,Gonzalez,Advertising & Marketing,,,,,
3907.0,Philip,Mitchell,Health,,,,,
3908.0,Sofia,Muller,Real Estate,,,,,
3909.0,Leah,Williams,IT Management,,,,,
3910.0,Andreas,Bianchi,Advertising & Marketing,,,,,
3911.0,Max,Lopez,Real Estate,,,,,
3912.0,Sara,Gonzalez,Government Services,,,,,
3913.0,Leah,Adams,Software,,,,,
3914.0,Benjamin,Muller,Travel & Hospitality,,,,,
3915.0,Arthur,Adams,Manufacturing,,,,,
3916.0,Hugo,Williams,Logistics & Transportation,,,,,
3917.0,Sofia,King,Construction,,,,,
3918.0,David,Brown,Government Services,,,,,
3919.0,Philip,Dubois,IT Management,,,,,
3920.0,Philip,Horvath,Human Resources,,,,,
3921.0,Ivy,Horvath,Energy,,,,,
3922.0,Paula,Martinez,Food & Beverage,,,,,
3923.0,Anthony,Wright,Government Services,,,,,
3924.0,Catherine,Jones,Financial Services,,,,,
3925.0,Arthur,Jones,Logistics & Transportation,,,,,
3926.0,Lucy,Martinez,Human Resources,,,,,
3927.0,Andreas,Anderson,Business Products & Services,,,,,
3928.0,Roman,Davis,Software,,,,,
3929.0,David,Scott,Health,,,,,
3930.0,Victoria,Taylor,IT Management,,,,,
3931.0,Isabella,Horvath,Food & Beverage,,,,,
3932.0,Thomas,Jackson,Business Products & Services,,,,,
3933.0,Olivia,Miller,Software,,,,,
3934.0,Henry,Muller,Insurance,,,,,
3935.0,Vasilis,Lewis,Software,,,,,
3936.0,Paul,Clark,Consumer Products & Services,,,,,
3937.0,Victor,Harris,Health,,,,,
3938.0,Richard,Miller,Consumer Products & Services,,,,,
3939.0,Robert,Perez,Health,,,,,
3940.0,Zoe,Harris,Advertising & Marketing,,,,,
3941.0,Catherine,Muller,Business Products & Services,,,,,
3942.0,Philip,Jones,Construction,,,,,
3943.0,Leo,Wright,Energy,,,,,
3944.0,Sara,Walker,IT Services,,,,,
3945.0,Veronica,Green,Advertising & Marketing,,,,,
3946.0,Leah,Brown,Software,,,,,
3947.0,Christos,Scott,Computer Hardware,,,,,
3948.0,Andrew,Perez,Human Resources,,,,,
3949.0,Paul,Bianchi,Software,,,,,
3950.0,David,Walker,Food & Beverage,,,,,
3951.0,Jack,Novak,Education,,,,,
3952.0,Laura,Anderson,Human Resources,,,,,
3953.0,Jasmine,Baker,IT Management,,,,,
3954.0,Georgia,Miller,Software,,,,,
3955.0,Penelope,Moore,Consumer Products & Services,,,,,
3956.0,Stella,Young,Software,,,,,
3957.0,Arthur,Taylor,Retail,,,,,
3958.0,Laura,Garcia,Construction,,,,,
3959.0,Ivy,Muller,Business Products & Services,,,,,
3960.0,Veronica,Thompson,Advertising & Marketing,,,,,
3961.0,Marina,Martin,Consumer Products & Services,,,,,
3962.0,Leah,Jackson,Financial Services,,,,,
3963.0,Peter,Brown,Software,,,,,
3964.0,David,Bianchi,Manufacturing,,,,,
3965.0,Lucas,Kowalski,Computer Hardware,,,,,
3966.0,Peter,Baker,Real Estate,,,,,
3967.0,Spyros,Johnson,Manufacturing,,,,,
3968.0,Maria,Brown,Business Products & Services,,,,,
3969.0,Paula,Bianchi,IT Management,,,,,
3970.0,Alexandra,Novak,Telecommunications,,,,,
3971.0,Roman,Martin,Construction,,,,,
3972.0,Peter,Sanchez,Software,,,,,
3973.0,Maya,Williams,IT Management,,,,,
3974.0,Ivy,Williams,IT System Development,,,,,
3975.0,Noah,Martin,Advertising & Marketing,,,,,
3976.0,William,Muller,Advertising & Marketing,,,,,
3977.0,Diana,Martin,Consumer Products & Services,,,,,
3978.0,Olivia,Anderson,Manufacturing,,,,,
3979.0,Lucas,Martinez,Construction,,,,,
3980.0,Julia,King,Software,,,,,
3981.0,Sara,Gonzalez,Financial Services,,,,,
3982.0,Lydia,Gonzalez,IT Management,,,,,
3983.0,Vasilis,Robinson,Health,,,,,
3984.0,William,Muller,Logistics & Transportation,,,,,
3985.0,Leah,Rossi,IT Management,,,,,
3986.0,Maria,Lombardi,Business Products & Services,,,,,
3987.0,Bianca,Walker,Advertising & Marketing,,,,,
3988.0,Elisa,Johnson,Advertising & Marketing,,,,,
3989.0,Catherine,King,Advertising & Marketing,,,,,
3990.0,Eva,Muller,Real Estate,,,,,
3991.0,Georgia,Lopez,Financial Services,,,,,
3992.0,Nicole,Wright,IT System Development,,,,,
3993.0,Elisa,Johnson,Health,,,,,
3994.0,Noah,Lombardi,Education,,,,,
3995.0,Victor,Horvath,Software,,,,,
3996.0,Sara,Novak,Energy,,,,,
3997.0,Nadia,Perez,Health,,,,,
3998.0,Arthur,Baker,Health,,,,,
3999.0,Philip,Jones,Health,,,,,
4000.0,Elisa,Williams,Software,,,,,
4001.0,Nadia,Hernandez,Business Products & Services,,,,,
4002.0,Roman,Nelson,Real Estate,,,,,
4003.0,Christopher,Williams,Software,,,,,
4004.0,Diana,Moore,Business Products & Services,,,,,
4005.0,Roxanne,Martin,Business Products & Services,,,,,
4006.0,Hugo,Nelson,Manufacturing,,,,,
4007.0,Olivia,Wright,Software,,,,,
4008.0,Joseph,Smith,Financial Services,,,,,
4009.0,Angelina,Clark,Advertising & Marketing,,,,,
4010.0,Leo,Novak,Construction,,,,,
4011.0,Georgia,Miller,Human Resources,,,,,
4012.0,Paula,Nelson,Insurance,,,,,
4013.0,Alex,Lewis,Financial Services,,,,,
4014.0,Noah,King,IT Management,,,,,
4015.0,Samuel,Taylor,Government Services,,,,,
4016.0,Alice,Walker,Business Products & Services,,,,,
4017.0,Sofia,Moore,Human Resources,,,,,
4018.0,Helen,Anderson,Health,,,,,
4019.0,Noah,Green,Business Products & Services,,,,,
4020.0,James,Smith,Government Services,,,,,
4021.0,Richard,Rossi,Advertising & Marketing,,,,,
4022.0,Peter,Schmidt,Software,,,,,
4023.0,Penelope,Mitchell,Retail,,,,,
4024.0,Nadia,Lopez,Financial Services,,,,,
4025.0,Penelope,White,IT Management,,,,,
4026.0,Sofia,Baker,Advertising & Marketing,,,,,
4027.0,Joseph,Lewis,Business Products & Services,,,,,
4028.0,Mark,King,IT Management,,,,,
4029.0,Athena,Robinson,Business Products & Services,,,,,
4030.0,Anna,Taylor,Consumer Products & Services,,,,,
4031.0,Christina,Hernandez,Logistics & Transportation,,,,,
4032.0,Veronica,Muller,Energy,,,,,
4033.0,Peter,Carter,Government Services,,,,,
4034.0,Eva,Thompson,Manufacturing,,,,,
4035.0,Theodora,Harris,Financial Services,,,,,
4036.0,Stella,Hernandez,IT Management,,,,,
4037.0,Marta,Gonzalez,Education,,,,,
4038.0,Emily,Thompson,Retail,,,,,
4039.0,Jason,Walker,Health,,,,,
4040.0,Georgia,Garcia,Insurance,,,,,
4041.0,Matthew,Bianchi,Logistics & Transportation,,,,,
4042.0,Adrian,Lopez,Financial Services,,,,,
4043.0,Dimitris,Young,Logistics & Transportation,,,,,
4044.0,Lucas,Johnson,Software,,,,,
4045.0,Sofia,Young,Logistics & Transportation,,,,,
4046.0,Evelyn,Carter,Business Products & Services,,,,,
4047.0,Arthur,Bianchi,IT Management,,,,,
4048.0,Victoria,Lombardi,Computer Hardware,,,,,
4049.0,Victoria,King,Financial Services,,,,,
4050.0,Philip,Nielsen,IT Management,,,,,
4051.0,Paula,Walker,Software,,,,,
4052.0,Anna,Moore,Education,,,,,
4053.0,Adrian,Thomas,Telecommunications,,,,,
4054.0,Dimitris,Garcia,Government Services,,,,,
4055.0,Isabella,Williams,Construction,,,,,
4056.0,Emily,Robinson,Business Products & Services,,,,,
4057.0,Joseph,Davis,Advertising & Marketing,,,,,
4058.0,Patricia,Schmidt,Human Resources,,,,,
4059.0,Nicole,Moore,Telecommunications,,,,,
4060.0,Alice,Hernandez,Engineering,,,,,
4061.0,Angelina,Muller,Health,,,,,
4062.0,Peter,Adams,Advertising & Marketing,,,,,
4063.0,Georgia,Schmidt,Financial Services,,,,,
4064.0,Julia,Schmidt,Business Products & Services,,,,,
4065.0,Joseph,Lee,Construction,,,,,
4066.0,Claire,Novak,Manufacturing,,,,,
4067.0,Victor,Kowalski,Consumer Products & Services,,,,,
4068.0,Paul,Moore,Business Products & Services,,,,,
4069.0,Olivia,Nelson,Construction,,,,,
4070.0,Mark,Lee,Logistics & Transportation,,,,,
4071.0,John,Lewis,Logistics & Transportation,,,,,
4072.0,Peter,Allen,Telecommunications,,,,,
4073.0,Victoria,Brown,Logistics & Transportation,,,,,
4074.0,Theodora,Bianchi,Food & Beverage,,,,,
4075.0,Alice,Rossi,Consumer Products & Services,,,,,
4076.0,Veronica,Martin,Human Resources,,,,,
4077.0,Mark,Adams,Education,,,,,
4078.0,Harris,Thompson,Advertising & Marketing,,,,,
4079.0,Timothy,Moore,Business Products & Services,,,,,
4080.0,Angelina,King,Human Resources,,,,,
4081.0,Stella,Johnson,Construction,,,,,
4082.0,Jason,Lee,Advertising & Marketing,,,,,
4083.0,Georgia,Smith,Human Resources,,,,,
4084.0,Claire,Moore,IT Management,,,,,
4085.0,Roxanne,Thomas,Real Estate,,,,,
4086.0,Harris,Harris,Real Estate,,,,,
4087.0,Mark,Moore,IT Management,,,,,
4088.0,Nadia,Wright,Human Resources,,,,,
4089.0,Athena,Dubois,Health,,,,,
4090.0,Jack,Robinson,Food & Beverage,,,,,
4091.0,Jason,Dubois,Real Estate,,,,,
4092.0,Leo,Gonzalez,Food & Beverage,,,,,
4093.0,Leo,Allen,Financial Services,,,,,
4094.0,Marina,Walker,Construction,,,,,
4095.0,Joseph,Carter,Government Services,,,,,
4096.0,Natalie,Muller,IT Management,,,,,
4097.0,Nadia,Taylor,Business Products & Services,,,,,
4098.0,Natalie,Wright,Real Estate,,,,,
4099.0,Anthony,Sanchez,Construction,,,,,
4100.0,Vasilis,Baker,Computer Hardware,,,,,
4101.0,Lucy,Carter,Construction,,,,,
4102.0,James,Lopez,Health,,,,,
4103.0,Natalie,Lombardi,IT Management,,,,,
4104.0,David,Jackson,Energy,,,,,
4105.0,Zoe,Jones,Government Services,,,,,
4106.0,Julia,Mitchell,IT Management,,,,,
4107.0,Philip,Davis,Financial Services,,,,,
4108.0,Jasmine,Smith,Human Resources,,,,,
4109.0,Marina,Johnson,Manufacturing,,,,,
4110.0,Stephen,Mitchell,Software,,,,,
4111.0,Joseph,Brown,Human Resources,,,,,
4112.0,Peter,Smith,Consumer Products & Services,,,,,
4113.0,John,White,Consumer Products & Services,,,,,
4114.0,Nadia,Smith,IT System Development,,,,,
4115.0,George,Lee,Consumer Products & Services,,,,,
4116.0,Arthur,Young,Financial Services,,,,,
4117.0,William,Robinson,Real Estate,,,,,
4118.0,Arthur,Dubois,IT System Development,,,,,
4119.0,Kostas,Adams,Advertising & Marketing,,,,,
4120.0,Nadia,Taylor,Software,,,,,
4121.0,Natalie,Davis,Health,,,,,
4122.0,Marina,Brown,Government Services,,,,,
4123.0,Spyros,Lewis,Software,,,,,
4124.0,Laura,Moore,Manufacturing,,,,,
4125.0,Peter,Bianchi,Construction,,,,,
4126.0,Lucy,Hernandez,Retail,,,,,
4127.0,Leah,Hall,Human Resources,,,,,
4128.0,Eva,Schmidt,Logistics & Transportation,,,,,
4129.0,Lucas,Lewis,Consumer Products & Services,,,,,
4130.0,Claire,Jones,Consumer Products & Services,,,,,
4131.0,Isabella,White,Human Resources,,,,,
4132.0,Evelyn,Perez,Software,,,,,
4133.0,David,Bianchi,Advertising & Marketing,,,,,
4134.0,Jason,Johnson,Retail,,,,,
4135.0,Jason,Lee,Advertising & Marketing,,,,,
4136.0,Maya,Nielsen,Energy,,,,,
4137.0,Irene,Williams,Advertising & Marketing,,,,,
4138.0,Ivy,Garcia,Real Estate,,,,,
4139.0,Julia,Lee,Business Products & Services,,,,,
4140.0,Bianca,Anderson,IT Management,,,,,
4141.0,Ivy,Thompson,Software,,,,,
4142.0,Stephen,Allen,Construction,,,,,
4143.0,Grace,Moore,Business Products & Services,,,,,
4144.0,Laura,Garcia,Energy,,,,,
4145.0,Marina,Rossi,Human Resources,,,,,
4146.0,Henry,Schmidt,Education,,,,,
4147.0,Lucy,Kowalski,Consumer Products & Services,,,,,
4148.0,Victor,Johnson,Software,,,,,
4149.0,Anthony,Sanchez,IT Services,,,,,
4150.0,Maria,Thomas,Education,,,,,
4151.0,Jason,Smith,Business Products & Services,,,,,
4152.0,Olivia,Garcia,Manufacturing,,,,,
4153.0,Elisa,Miller,Human Resources,,,,,
4154.0,Alex,Dubois,Financial Services,,,,,
4155.0,Isabella,Jackson,Health,,,,,
4156.0,Lucy,Allen,Business Products & Services,,,,,
4157.0,David,Nelson,Real Estate,,,,,
4158.0,Marta,Novak,Retail,,,,,
4159.0,Noah,Baker,Business Products & Services,,,,,
4160.0,Evelyn,White,Real Estate,,,,,
4161.0,Stella,White,Advertising & Marketing,,,,,
4162.0,Patricia,Johnson,IT Management,,,,,
4163.0,Nikoleta,Novak,Construction,,,,,
4164.0,Theodora,Adams,IT Management,,,,,
4165.0,Henry,Sanchez,Advertising & Marketing,,,,,
4166.0,Adrian,Jones,Manufacturing,,,,,
4167.0,Richard,Dubois,Business Products & Services,,,,,
4168.0,Alice,Novak,Real Estate,,,,,
4169.0,Richard,Anderson,Consumer Products & Services,,,,,
4170.0,Victoria,Moore,Human Resources,,,,,
4171.0,Gregory,Jones,Education,,,,,
4172.0,Helen,Walker,IT Management,,,,,
4173.0,Claire,Kowalski,Software,,,,,
4174.0,Veronica,Robinson,Advertising & Marketing,,,,,
4175.0,Daniel,Johnson,IT Management,,,,,
4176.0,Noah,Williams,IT Management,,,,,
4177.0,Christina,Wright,Energy,,,,,
4178.0,Gregory,Hall,Financial Services,,,,,
4179.0,Peter,Allen,Retail,,,,,
4180.0,Nicholas,Perez,Advertising & Marketing,,,,,
4181.0,William,Thomas,Energy,,,,,
4182.0,George,Smith,Telecommunications,,,,,
4183.0,Mark,Adams,Health,,,,,
4184.0,Evelyn,Williams,Computer Hardware,,,,,
4185.0,Jason,Lombardi,Energy,,,,,
4186.0,Zoe,Jones,Retail,,,,,
4187.0,Andreas,Nielsen,Software,,,,,
4188.0,Arthur,White,Engineering,,,,,
4189.0,Claire,Horvath,Consumer Products & Services,,,,,
4190.0,Nicholas,Lopez,Business Products & Services,,,,,
4191.0,Max,Dubois,Travel & Hospitality,,,,,
4192.0,Jack,Sanchez,Advertising & Marketing,,,,,
4193.0,Anthony,Hernandez,Business Products & Services,,,,,
4194.0,Christos,White,Construction,,,,,
4195.0,Lucas,Johnson,Engineering,,,,,
4196.0,Eleni,Lombardi,Logistics & Transportation,,,,,
4197.0,Michael,White,Insurance,,,,,
4198.0,Vasilis,Hernandez,Advertising & Marketing,,,,,
4199.0,Diana,Jackson,Logistics & Transportation,,,,,
4200.0,Max,Novak,Human Resources,,,,,
4201.0,Andrew,Young,Food & Beverage,,,,,
4202.0,Georgia,Smith,Consumer Products & Services,,,,,
4203.0,Evelyn,Bianchi,Real Estate,,,,,
4204.0,Nikos,Williams,IT Management,,,,,
4205.0,Lucas,Adams,Retail,,,,,
4206.0,Alice,Hall,Software,,,,,
4207.0,Olivia,Baker,Manufacturing,,,,,
4208.0,Victoria,Novak,Consumer Products & Services,,,,,
4209.0,Eleni,Wright,Media,,,,,
4210.0,Anna,Martin,Software,,,,,
4211.0,Helen,Horvath,Business Products & Services,,,,,
4212.0,Alexandra,Schmidt,IT Services,,,,,
4213.0,Maria,Brown,Software,,,,,
4214.0,Isabella,Lopez,Consumer Products & Services,,,,,
4215.0,Paula,Lewis,Software,,,,,
4216.0,Isabella,Miller,Construction,,,,,
4217.0,Claire,Carter,Advertising & Marketing,,,,,
4218.0,Sofia,Lewis,Travel & Hospitality,,,,,
4219.0,Hugo,Allen,Health,,,,,
4220.0,Jason,Sanchez,IT System Development,,,,,
4221.0,Irene,Green,Construction,,,,,
4222.0,Ivy,Taylor,Advertising & Marketing,,,,,
4223.0,Mark,Lewis,Manufacturing,,,,,
4224.0,Martin,Lombardi,Consumer Products & Services,,,,,
4225.0,Vasilis,Lewis,Consumer Products & Services,,,,,
4226.0,Penelope,Dubois,Construction,,,,,
4227.0,Peter,Baker,Business Products & Services,,,,,
4228.0,Claire,Green,Consumer Products & Services,,,,,
4229.0,Philip,Anderson,Retail,,,,,
4230.0,Natalie,Gonzalez,IT System Development,,,,,
4231.0,Athena,Schmidt,Real Estate,,,,,
4232.0,Patricia,Rossi,Business Products & Services,,,,,
4233.0,Peter,Clark,Software,,,,,
4234.0,Marina,Perez,Advertising & Marketing,,,,,
4235.0,Noah,Thomas,Software,,,,,
4236.0,Sofia,Nelson,Construction,,,,,
4237.0,Arthur,Walker,Software,,,,,
4238.0,Arthur,Lewis,Advertising & Marketing,,,,,
4239.0,Richard,Allen,Consumer Products & Services,,,,,
4240.0,Nikos,Clark,Environmental Services,,,,,
4241.0,Maria,Nielsen,Health,,,,,
4242.0,Harris,Lopez,Advertising & Marketing,,,,,
4243.0,Theodora,Anderson,Advertising & Marketing,,,,,
4244.0,Rebecca,Kowalski,IT Management,,,,,
4245.0,Nadia,Muller,Logistics & Transportation,,,,,
4246.0,Christina,Wright,Consumer Products & Services,,,,,
4247.0,Patricia,Kowalski,Manufacturing,,,,,
4248.0,George,Green,Manufacturing,,,,,
4249.0,Penelope,Perez,Telecommunications,,,,,
4250.0,Chloe,Lewis,Construction,,,,,
4251.0,Georgia,Hall,Logistics & Transportation,,,,,
4252.0,Alice,Miller,Advertising & Marketing,,,,,
4253.0,Elisa,Carter,Construction,,,,,
4254.0,Catherine,Thompson,Advertising & Marketing,,,,,
4255.0,Eleni,Martinez,Energy,,,,,
4256.0,William,Harris,Software,,,,,
4257.0,Roxanne,Clark,Software,,,,,
4258.0,James,Bianchi,Business Products & Services,,,,,
4259.0,Matthew,Allen,Advertising & Marketing,,,,,
4260.0,Katerina,Young,Human Resources,,,,,
4261.0,Lucy,Muller,Real Estate,,,,,
4262.0,William,Green,Advertising & Marketing,,,,,
4263.0,Jason,Kowalski,Advertising & Marketing,,,,,
4264.0,Nikos,Taylor,Retail,,,,,
4265.0,Elisa,Williams,Construction,,,,,
4266.0,Lucy,Harris,Business Products & Services,,,,,
4267.0,Christopher,King,Health,,,,,
4268.0,Michael,Rossi,Financial Services,,,,,
4269.0,Jason,Anderson,Manufacturing,,,,,
4270.0,Daniel,Carter,Retail,,,,,
4271.0,Christos,Harris,Retail,,,,,
4272.0,Roxanne,Green,Consumer Products & Services,,,,,
4273.0,Bianca,Rossi,Business Products & Services,,,,,
4274.0,Maya,Schmidt,Advertising & Marketing,,,,,
4275.0,Grace,Taylor,Human Resources,,,,,
4276.0,Philip,Adams,Security,,,,,
4277.0,Jason,Martinez,Consumer Products & Services,,,,,
4278.0,George,Moore,Business Products & Services,,,,,
4279.0,George,Novak,Business Products & Services,,,,,
4280.0,Philip,Walker,Consumer Products & Services,,,,,
4281.0,Roxanne,Miller,Software,,,,,
4282.0,Lydia,Perez,Business Products & Services,,,,,
4283.0,James,Garcia,IT Management,,,,,
4284.0,Katerina,King,Insurance,,,,,
4285.0,Eva,Green,Financial Services,,,,,
4286.0,Christopher,Williams,Construction,,,,,
4287.0,Roxanne,Scott,Consumer Products & Services,,,,,
4288.0,Patricia,Davis,Health,,,,,
4289.0,Max,Adams,Advertising & Marketing,,,,,
4290.0,Marina,Smith,Consumer Products & Services,,,,,
4291.0,Gregory,Thompson,Consumer Products & Services,,,,,
4292.0,Claire,Baker,Human Resources,,,,,
4293.0,Anthony,Lombardi,Health,,,,,
4294.0,Arthur,Taylor,Security,,,,,
4295.0,Hugo,Schmidt,Health,,,,,
4296.0,Andrew,Martin,Software,,,,,
4297.0,Jason,Kowalski,Environmental Services,,,,,
4298.0,Arthur,Horvath,Health,,,,,
4299.0,Robert,Harris,Software,,,,,
4300.0,Stephen,Wright,Construction,,,,,
4301.0,Anna,Garcia,Media,,,,,
4302.0,Athena,Gonzalez,IT Management,,,,,
4303.0,Richard,Dubois,Consumer Products & Services,,,,,
4304.0,Harris,Lewis,Manufacturing,,,,,
4305.0,Victor,Baker,Financial Services,,,,,
4306.0,Oscar,Walker,IT Management,,,,,
4307.0,Kostas,Scott,Logistics & Transportation,,,,,
4308.0,Anthony,Lombardi,Financial Services,,,,,
4309.0,Liam,Walker,Energy,,,,,
4310.0,Marta,Martin,Government Services,,,,,
4311.0,Thomas,Adams,IT Management,,,,,
4312.0,Marta,Clark,Construction,,,,,
4313.0,William,Schmidt,Telecommunications,,,,,
4314.0,Helen,Perez,Construction,,,,,
4315.0,James,Novak,Consumer Products & Services,,,,,
4316.0,Athena,Muller,Advertising & Marketing,,,,,
4317.0,Jack,Davis,Business Products & Services,,,,,
4318.0,Anthony,Martin,Manufacturing,,,,,
4319.0,Catherine,Rossi,Human Resources,,,,,
4320.0,Christos,Bianchi,Retail,,,,,
4321.0,Alexandra,Allen,Construction,,,,,
4322.0,Stella,Anderson,Education,,,,,
4323.0,Peter,Novak,Insurance,,,,,
4324.0,Kostas,Muller,Construction,,,,,
4325.0,Isabella,Hernandez,Media,,,,,
4326.0,Leo,Horvath,Health,,,,,
4327.0,Roxanne,Smith,IT System Development,,,,,
4328.0,Emily,King,Business Products & Services,,,,,
4329.0,Elisa,Davis,Consumer Products & Services,,,,,
4330.0,Max,Wright,Consumer Products & Services,,,,,
4331.0,Timothy,Anderson,Financial Services,,,,,
4332.0,Katerina,Jones,Construction,,,,,
4333.0,Nicholas,Novak,Financial Services,,,,,
4334.0,Matthew,Lee,Health,,,,,
4335.0,Kostas,Jackson,Human Resources,,,,,
4336.0,Harris,Muller,Health,,,,,
4337.0,Olivia,Walker,IT Management,,,,,
4338.0,Victor,Lee,Energy,,,,,
4339.0,Isabella,Moore,Business Products & Services,,,,,
4340.0,Spyros,Green,Financial Services,,,,,
4341.0,Arthur,Rossi,Security,,,,,
4342.0,Marta,Davis,Telecommunications,,,,,
4343.0,Irene,Hernandez,Construction,,,,,
4344.0,Jason,Johnson,Manufacturing,,,,,
4345.0,Nicole,Johnson,Consumer Products & Services,,,,,
4346.0,Claire,Johnson,Advertising & Marketing,,,,,
4347.0,Jasmine,Lopez,Construction,,,,,
4348.0,Georgia,Garcia,IT Management,,,,,
4349.0,Nadia,Moore,Consumer Products & Services,,,,,
4350.0,Lydia,Thomas,Logistics & Transportation,,,,,
4351.0,Peter,Nielsen,Retail,,,,,
4352.0,Joseph,Kowalski,Human Resources,,,,,
4353.0,Adrian,Jones,Consumer Products & Services,,,,,
4354.0,Harris,Jones,IT System Development,,,,,
4355.0,Grace,Thompson,Health,,,,,
4356.0,Victoria,Young,Logistics & Transportation,,,,,
4357.0,Victor,Garcia,Software,,,,,
4358.0,Sofia,Hall,Manufacturing,,,,,
4359.0,Jason,Clark,Financial Services,,,,,
4360.0,Vasilis,Lombardi,Logistics & Transportation,,,,,
4361.0,Peter,Walker,Advertising & Marketing,,,,,
4362.0,Grace,Smith,Human Resources,,,,,
4363.0,Jason,Novak,Telecommunications,,,,,
4364.0,Katerina,Carter,Business Products & Services,,,,,
4365.0,Thomas,Lee,Financial Services,,,,,
4366.0,Helen,Harris,Education,,,,,
4367.0,Paula,Robinson,Advertising & Marketing,,,,,
4368.0,Irene,Lewis,Government Services,,,,,
4369.0,Vasilis,Moore,Environmental Services,,,,,
4370.0,Nikoleta,Lee,Engineering,,,,,
4371.0,Anna,Hall,Financial Services,,,,,
4372.0,Georgia,Mitchell,Business Products & Services,,,,,
4373.0,Jasmine,Nelson,Travel & Hospitality,,,,,
4374.0,Grace,Sanchez,IT Management,,,,,
4375.0,Nikoleta,Rossi,Advertising & Marketing,,,,,
4376.0,Roman,Mitchell,Construction,,,,,
4377.0,Anthony,Nelson,Advertising & Marketing,,,,,
4378.0,James,Williams,Health,,,,,
4379.0,Christos,Kowalski,Real Estate,,,,,
4380.0,Max,Wright,Government Services,,,,,
4381.0,Lucas,Williams,IT Management,,,,,
4382.0,Julia,Wright,Business Products & Services,,,,,
4383.0,Chloe,Gonzalez,Insurance,,,,,
4384.0,Julia,Clark,IT Management,,,,,
4385.0,Irene,Johnson,Software,,,,,
4386.0,Lucas,Thompson,Media,,,,,
4387.0,Irene,Novak,Software,,,,,
4388.0,Bianca,Sanchez,Government Services,,,,,
4389.0,Samuel,Robinson,Construction,,,,,
4390.0,Elisa,Muller,Energy,,,,,
4391.0,Peter,Green,Health,,,,,
4392.0,Gregory,Nielsen,Advertising & Marketing,,,,,
4393.0,Andreas,Davis,Retail,,,,,
4394.0,Theodora,Hall,Software,,,,,
4395.0,Catherine,Novak,Construction,,,,,
4396.0,Angelina,Nelson,Software,,,,,
4397.0,Rebecca,Mitchell,Business Products & Services,,,,,
4398.0,Joseph,Clark,Health,,,,,
4399.0,Diana,Kowalski,Telecommunications,,,,,
4400.0,Peter,Wright,Business Products & Services,,,,,
4401.0,Nikoleta,Johnson,Business Products & Services,,,,,
4402.0,Nadia,Robinson,Advertising & Marketing,,,,,
4403.0,Chloe,Williams,Construction,,,,,
4404.0,Nadia,Wright,Financial Services,,,,,
4405.0,Jason,Muller,Business Products & Services,,,,,
4406.0,Leo,Miller,Business Products & Services,,,,,
4407.0,Athena,Sanchez,Retail,,,,,
4408.0,Anthony,Thompson,Advertising & Marketing,,,,,
4409.0,Julia,Green,Construction,,,,,
4410.0,Jasmine,Miller,Logistics & Transportation,,,,,
4411.0,David,Miller,Consumer Products & Services,,,,,
4412.0,William,Jackson,Travel & Hospitality,,,,,
4413.0,Christopher,Dubois,Financial Services,,,,,
4414.0,Natalie,Horvath,IT Management,,,,,
4415.0,Oscar,Rossi,Manufacturing,,,,,
4416.0,Theodora,Davis,Health,,,,,
4417.0,Jack,Allen,IT Management,,,,,
4418.0,Andreas,Robinson,Energy,,,,,
4419.0,Natalie,Schmidt,Construction,,,,,
4420.0,Dimitris,Harris,Energy,,,,,
4421.0,Spyros,Jackson,Health,,,,,
4422.0,Eva,Carter,Retail,,,,,
4423.0,Penelope,Sanchez,Software,,,,,
4424.0,Catherine,Williams,Logistics & Transportation,,,,,
4425.0,Hugo,Gonzalez,Advertising & Marketing,,,,,
4426.0,Henry,Lee,Business Products & Services,,,,,
4427.0,James,Baker,Real Estate,,,,,
4428.0,Alice,Nielsen,Business Products & Services,,,,,
4429.0,Diana,Horvath,IT Services,,,,,
4430.0,Gregory,Young,Software,,,,,
4431.0,Catherine,Moore,Retail,,,,,
4432.0,Mark,Mitchell,Travel & Hospitality,,,,,
4433.0,Oscar,Perez,Real Estate,,,,,
4434.0,Elisa,Davis,Financial Services,,,,,
4435.0,Rebecca,Smith,Government Services,,,,,
4436.0,Henry,Kowalski,Business Products & Services,,,,,
4437.0,Anna,Martinez,Security,,,,,
4438.0,Noah,Nelson,Logistics & Transportation,,,,,
4439.0,Lydia,Kowalski,Consumer Products & Services,,,,,
4440.0,Anthony,Nielsen,Construction,,,,,
4441.0,Liam,Johnson,Human Resources,,,,,
4442.0,John,King,Construction,,,,,
4443.0,Alice,Young,Engineering,,,,,
4444.0,Harris,Jones,Logistics & Transportation,,,,,
4445.0,Victoria,King,Government Services,,,,,
4446.0,Theodora,Thomas,Consumer Products & Services,,,,,
4447.0,Anna,Allen,Financial Services,,,,,
4448.0,Peter,White,Business Products & Services,,,,,
4449.0,Richard,Novak,Retail,,,,,
4450.0,Jasmine,Adams,Government Services,,,,,
4451.0,Eleni,Robinson,Business Products & Services,,,,,
4452.0,Richard,Green,Government Services,,,,,
4453.0,Victor,Bianchi,Logistics & Transportation,,,,,
4454.0,Matthew,Dubois,Health,,,,,
4455.0,Liam,Brown,Advertising & Marketing,,,,,
4456.0,Roxanne,Thompson,Logistics & Transportation,,,,,
4457.0,Spyros,Nelson,Retail,,,,,
4458.0,Henry,Garcia,Telecommunications,,,,,
4459.0,Dimitris,Novak,IT Management,,,,,
4460.0,Laura,Scott,Real Estate,,,,,
4461.0,Anthony,Wright,Real Estate,,,,,
4462.0,Sofia,Thomas,Advertising & Marketing,,,,,
4463.0,Julia,Young,Health,,,,,
4464.0,Emily,Lopez,Software,,,,,
4465.0,Leah,Taylor,Government Services,,,,,
4466.0,Rebecca,Williams,Construction,,,,,
4467.0,Laura,Lopez,Software,,,,,
4468.0,Hugo,Carter,Environmental Services,,,,,
4469.0,Spyros,Harris,Advertising & Marketing,,,,,
4470.0,Peter,Hall,Telecommunications,,,,,
4471.0,Jack,Garcia,IT Management,,,,,
4472.0,Alexandra,Kowalski,Financial Services,,,,,
4473.0,Eleni,Anderson,Consumer Products & Services,,,,,
4474.0,Patricia,Jones,Construction,,,,,
4475.0,Theodora,Hernandez,Consumer Products & Services,,,,,
4476.0,Nikoleta,Sanchez,Advertising & Marketing,,,,,
4477.0,Gregory,Wright,Manufacturing,,,,,
4478.0,Alex,Jackson,Consumer Products & Services,,,,,
4479.0,Sofia,Smith,Construction,,,,,
4480.0,Catherine,Robinson,Human Resources,,,,,
4481.0,Eleni,Nielsen,IT System Development,,,,,
4482.0,Julia,Schmidt,Consumer Products & Services,,,,,
4483.0,Rebecca,Bianchi,Construction,,,,,
4484.0,Alice,Thomas,Construction,,,,,
4485.0,Alexandra,Nielsen,Manufacturing,,,,,
4486.0,Alex,Robinson,Retail,,,,,
4487.0,Anna,Williams,Software,,,,,
4488.0,Peter,Lee,Manufacturing,,,,,
4489.0,Nicholas,Thomas,Logistics & Transportation,,,,,
4490.0,Nikos,Martin,Food & Beverage,,,,,
4491.0,Christina,Harris,Manufacturing,,,,,
4492.0,Gregory,Kowalski,IT Management,,,,,
4493.0,Spyros,Nelson,Engineering,,,,,
4494.0,Arthur,Wright,Retail,,,,,
4495.0,Peter,Martin,Software,,,,,
4496.0,Christopher,Horvath,Manufacturing,,,,,
4497.0,Roman,Young,Software,,,,,
4498.0,Vasilis,Novak,Construction,,,,,
4499.0,Peter,Garcia,Business Products & Services,,,,,
4500.0,Mark,Davis,Retail,,,,,
4501.0,Theodora,Taylor,IT System Development,,,,,
4502.0,Stella,Martinez,Health,,,,,
4503.0,Elisa,Martinez,Health,,,,,
4504.0,Evelyn,Schmidt,Logistics & Transportation,,,,,
4505.0,Marina,Carter,Advertising & Marketing,,,,,
4506.0,Kostas,Adams,Business Products & Services,,,,,
4507.0,Liam,Johnson,Software,,,,,
4508.0,Jason,Young,Construction,,,,,
4509.0,Alexandra,Wright,Real Estate,,,,,
4510.0,Arthur,Lewis,Human Resources,,,,,
4511.0,Christopher,Novak,Government Services,,,,,
4512.0,Laura,Hall,Health,,,,,
4513.0,Nadia,Johnson,Real Estate,,,,,
4514.0,Philip,Horvath,Manufacturing,,,,,
4515.0,Liam,Scott,Advertising & Marketing,,,,,
4516.0,Andreas,Novak,Retail,,,,,
4517.0,Nikos,Lewis,IT Services,,,,,
4518.0,James,Rossi,Business Products & Services,,,,,
4519.0,Victoria,Green,Business Products & Services,,,,,
4520.0,Richard,Davis,Software,,,,,
4521.0,Philip,Perez,Health,,,,,
4522.0,Martin,Sanchez,Travel & Hospitality,,,,,
4523.0,Peter,Williams,IT Management,,,,,
4524.0,Elisa,White,Construction,,,,,
4525.0,Harris,Hall,Advertising & Marketing,,,,,
4526.0,Athena,Baker,Financial Services,,,,,
4527.0,Christina,Novak,IT System Development,,,,,
4528.0,Martin,Hall,Consumer Products & Services,,,,,
4529.0,Timothy,Jones,Advertising & Marketing,,,,,
4530.0,Jason,Jones,Software,,,,,
4531.0,Eva,Miller,Retail,,,,,
4532.0,Rebecca,Thompson,Food & Beverage,,,,,
4533.0,Alice,Lombardi,Health,,,,,
4534.0,Anna,Clark,Manufacturing,,,,,
4535.0,Alex,Sanchez,Environmental Services,,,,,
4536.0,Nikoleta,Walker,Retail,,,,,
4537.0,Oscar,King,IT Management,,,,,
4538.0,Diana,Jackson,Logistics & Transportation,,,,,
4539.0,James,Martinez,Health,,,,,
4540.0,Leo,Garcia,Consumer Products & Services,,,,,
4541.0,Nadia,Johnson,IT Management,,,,,
4542.0,Alexandra,Taylor,Business Products & Services,,,,,
4543.0,Laura,Miller,Telecommunications,,,,,
4544.0,Paula,Adams,Real Estate,,,,,
4545.0,Christopher,Thomas,IT Management,,,,,
4546.0,Henry,Lombardi,Software,,,,,
4547.0,Arthur,Hernandez,Government Services,,,,,
4548.0,Julia,Young,Logistics & Transportation,,,,,
4549.0,Joseph,Lombardi,Health,,,,,
4550.0,Benjamin,Green,Software,,,,,
4551.0,Thomas,Lewis,Energy,,,,,
4552.0,Diana,Baker,Consumer Products & Services,,,,,
4553.0,Alice,Thompson,Real Estate,,,,,
4554.0,Robert,Sanchez,IT Management,,,,,
4555.0,Bianca,Jones,Real Estate,,,,,
4556.0,Alice,Lombardi,IT Management,,,,,
4557.0,George,Thomas,Food & Beverage,,,,,
4558.0,Leo,Nelson,IT Management,,,,,
4559.0,Irene,Perez,Software,,,,,
4560.0,Benjamin,Garcia,IT Management,,,,,
4561.0,Sofia,Baker,IT Management,,,,,
4562.0,Paula,Williams,Advertising & Marketing,,,,,
4563.0,Alexandra,Martin,Logistics & Transportation,,,,,
4564.0,Mark,Hernandez,Government Services,,,,,
4565.0,Stella,Anderson,Health,,,,,
4566.0,Victor,Lee,Engineering,,,,,
4567.0,Patricia,Martinez,IT System Development,,,,,
4568.0,Nikos,Schmidt,Business Products & Services,,,,,
4569.0,Laura,Novak,Logistics & Transportation,,,,,
4570.0,Natalie,Walker,Business Products & Services,,,,,
4571.0,Anna,Smith,Construction,,,,,
4572.0,Matthew,Lewis,Health,,,,,
4573.0,Samuel,Brown,Government Services,,,,,
4574.0,Catherine,King,Advertising & Marketing,,,,,
4575.0,Peter,Smith,Food & Beverage,,,,,
4576.0,David,Garcia,Logistics & Transportation,,,,,
4577.0,Peter,Scott,Security,,,,,
4578.0,Penelope,Lombardi,Financial Services,,,,,
4579.0,Daniel,White,Logistics & Transportation,,,,,
4580.0,Eleni,Nelson,Advertising & Marketing,,,,,
4581.0,Katerina,Scott,Business Products & Services,,,,,
4582.0,Vasilis,Smith,Consumer Products & Services,,,,,
4583.0,Spyros,Lee,Health,,,,,
4584.0,Bianca,Martinez,Construction,,,,,
4585.0,Christos,Gonzalez,Advertising & Marketing,,,,,
4586.0,George,Jackson,Business Products & Services,,,,,
4587.0,James,Sanchez,IT Management,,,,,
4588.0,Oscar,Moore,IT Services,,,,,
4589.0,Katerina,Hernandez,Real Estate,,,,,
4590.0,Andreas,Lombardi,Food & Beverage,,,,,
4591.0,Liam,Sanchez,Financial Services,,,,,
4592.0,Evelyn,Sanchez,Consumer Products & Services,,,,,
4593.0,Marina,Sanchez,Advertising & Marketing,,,,,
4594.0,Diana,Moore,Consumer Products & Services,,,,,
4595.0,Elisa,Davis,IT Management,,,,,
4596.0,Thomas,Thomas,Real Estate,,,,,
4597.0,Evelyn,Robinson,Health,,,,,
4598.0,Marina,Baker,Business Products & Services,,,,,
4599.0,Catherine,Rossi,Construction,,,,,
4600.0,Oscar,Rossi,Construction,,,,,
4601.0,Leo,Green,IT Management,,,,,
4602.0,Lucy,Jones,Financial Services,,,,,
4603.0,George,Anderson,Retail,,,,,
4604.0,Ivy,Lombardi,Health,,,,,
4605.0,Victoria,Martinez,Construction,,,,,
4606.0,Mark,King,Retail,,,,,
4607.0,Leo,Anderson,Business Products & Services,,,,,
4608.0,Sofia,Muller,Government Services,,,,,
4609.0,Robert,Jones,Advertising & Marketing,,,,,
4610.0,Noah,Sanchez,Software,,,,,
4611.0,Elisa,King,Media,,,,,
4612.0,Andrew,Jones,Construction,,,,,
4613.0,Jasmine,Adams,Real Estate,,,,,
4614.0,Philip,Taylor,IT Management,,,,,
4615.0,Maya,Jackson,Health,,,,,
4616.0,Paul,Rossi,Business Products & Services,,,,,
4617.0,Angelina,Muller,Real Estate,,,,,
4618.0,Martin,Perez,Health,,,,,
4619.0,Theodora,Rossi,Software,,,,,
4620.0,Angelina,Lewis,Construction,,,,,
4621.0,Eleni,Martin,Software,,,,,
4622.0,Nadia,Thompson,Security,,,,,
4623.0,Leo,Perez,Insurance,,,,,
4624.0,Kostas,Brown,Financial Services,,,,,
4625.0,Henry,Muller,Advertising & Marketing,,,,,
4626.0,Diana,Hall,Construction,,,,,
4627.0,Marta,Williams,Health,,,,,
4628.0,Chloe,Gonzalez,Financial Services,,,,,
4629.0,Laura,Nielsen,Business Products & Services,,,,,
4630.0,Peter,Walker,Government Services,,,,,
4631.0,Peter,Johnson,IT Management,,,,,
4632.0,Andrew,Hernandez,Business Products & Services,,,,,
4633.0,Andrew,Lombardi,Software,,,,,
4634.0,Georgia,Dubois,Logistics & Transportation,,,,,
4635.0,Paula,Lewis,Software,,,,,
4636.0,Bianca,Walker,Energy,,,,,
4637.0,Claire,Young,Government Services,,,,,
4638.0,Nicole,Carter,Business Products & Services,,,,,
4639.0,Dimitris,Martin,Telecommunications,,,,,
4640.0,Jasmine,Schmidt,Software,,,,,
4641.0,Daniel,Martinez,Advertising & Marketing,,,,,
4642.0,Laura,Sanchez,Media,,,,,
4643.0,Robert,Mitchell,Business Products & Services,,,,,
4644.0,Henry,King,Insurance,,,,,
4645.0,Noah,Perez,Logistics & Transportation,,,,,
4646.0,Harris,Bianchi,Energy,,,,,
4647.0,Veronica,Muller,Manufacturing,,,,,
4648.0,Lucas,Rossi,Media,,,,,
4649.0,Benjamin,Taylor,Consumer Products & Services,,,,,
4650.0,Victoria,Jackson,Software,,,,,
4651.0,Sofia,Carter,Financial Services,,,,,
4652.0,Lucy,Scott,Business Products & Services,,,,,
4653.0,Hugo,Lopez,Business Products & Services,,,,,
4654.0,Oscar,Wright,Consumer Products & Services,,,,,
4655.0,Thomas,Nielsen,Travel & Hospitality,,,,,
4656.0,Spyros,Jones,Advertising & Marketing,,,,,
4657.0,Hugo,Hall,Business Products & Services,,,,,
4658.0,David,Carter,Construction,,,,,
4659.0,Athena,Johnson,Media,,,,,
4660.0,Bianca,Perez,Food & Beverage,,,,,
4661.0,Paul,Jones,Consumer Products & Services,,,,,
4662.0,Hugo,Baker,Health,,,,,
4663.0,Matthew,Miller,Financial Services,,,,,
4664.0,Theodora,Horvath,Health,,,,,
4665.0,Lucy,Nielsen,Consumer Products & Services,,,,,
4666.0,Laura,Anderson,Consumer Products & Services,,,,,
4667.0,Alex,Nielsen,IT Services,,,,,
4668.0,Anna,Bianchi,Media,,,,,
4669.0,Gregory,Williams,Advertising & Marketing,,,,,
4670.0,Zoe,Lewis,Advertising & Marketing,,,,,
4671.0,Sara,White,IT Services,,,,,
4672.0,Dimitris,Walker,Software,,,,,
4673.0,Zoe,White,Advertising & Marketing,,,,,
4674.0,William,Allen,Consumer Products & Services,,,,,
4675.0,Emily,Bianchi,Energy,,,,,
4676.0,Claire,Harris,Business Products & Services,,,,,
4677.0,Nadia,Lee,IT System Development,,,,,
4678.0,Philip,Green,IT Management,,,,,
4679.0,Laura,Carter,Telecommunications,,,,,
4680.0,Grace,Gonzalez,Manufacturing,,,,,
4681.0,John,Lee,Software,,,,,
4682.0,Andrew,Sanchez,Consumer Products & Services,,,,,
4683.0,Henry,King,Government Services,,,,,
4684.0,Leo,Wright,Construction,,,,,
4685.0,Claire,Robinson,Advertising & Marketing,,,,,
4686.0,Vasilis,Muller,Financial Services,,,,,
4687.0,Oscar,Novak,Software,,,,,
4688.0,Natalie,Nelson,Security,,,,,
4689.0,Athena,Novak,Food & Beverage,,,,,
4690.0,Victor,Baker,Health,,,,,
4691.0,Athena,Kowalski,Engineering,,,,,
4692.0,Victoria,Carter,Advertising & Marketing,,,,,
4693.0,Vasilis,Carter,Advertising & Marketing,,,,,
4694.0,Catherine,Lombardi,Insurance,,,,,
4695.0,William,Adams,Manufacturing,,,,,
4696.0,Paul,Martinez,Business Products & Services,,,,,
4697.0,Nikoleta,Sanchez,Advertising & Marketing,,,,,
4698.0,Chloe,Harris,IT Management,,,,,
4699.0,Nadia,Miller,Manufacturing,,,,,
4700.0,Angelina,Novak,IT Management,,,,,
4701.0,Grace,Wright,Software,,,,,
4702.0,Paul,Harris,Real Estate,,,,,
4703.0,Anthony,Green,Consumer Products & Services,,,,,
4704.0,Timothy,Scott,Construction,,,,,
4705.0,Peter,Mitchell,IT Management,,,,,
4706.0,Eva,Rossi,Health,,,,,
4707.0,Max,Jones,Construction,,,,,
4708.0,Ivy,Thompson,IT Management,,,,,
4709.0,Eva,Rossi,IT System Development,,,,,
4710.0,Anna,White,Insurance,,,,,
4711.0,Harris,White,Logistics & Transportation,,,,,
4712.0,Lydia,Lopez,Advertising & Marketing,,,,,
4713.0,Theodora,Carter,Business Products & Services,,,,,
4714.0,Andrew,King,Construction,,,,,
4715.0,Maya,Martin,Education,,,,,
4716.0,Stephen,Gonzalez,Software,,,,,
4717.0,Alice,Gonzalez,Real Estate,,,,,
4718.0,Maria,Jackson,Construction,,,,,
4719.0,Nadia,Adams,Advertising & Marketing,,,,,
4720.0,Chloe,Hernandez,Advertising & Marketing,,,,,
4721.0,Daniel,Clark,Health,,,,,
4722.0,Samuel,Lee,Advertising & Marketing,,,,,
4723.0,Roxanne,Hernandez,Food & Beverage,,,,,
4724.0,Nicole,Harris,Business Products & Services,,,,,
4725.0,Angelina,Scott,Software,,,,,
4726.0,Roxanne,Kowalski,Engineering,,,,,
4727.0,Theodora,Perez,Food & Beverage,,,,,
4728.0,Alice,White,Retail,,,,,
4729.0,Bianca,Thompson,Business Products & Services,,,,,
4730.0,Victoria,Carter,Business Products & Services,,,,,
4731.0,Alice,Hall,IT Management,,,,,
4732.0,Stephen,Lombardi,Advertising & Marketing,,,,,
4733.0,Anthony,Lombardi,Telecommunications,,,,,
4734.0,Catherine,Hernandez,Business Products & Services,,,,,
4735.0,Penelope,Nielsen,Health,,,,,
4736.0,Kostas,Mitchell,Consumer Products & Services,,,,,
4737.0,Richard,Martinez,Health,,,,,
4738.0,Veronica,Nielsen,Software,,,,,
4739.0,Robert,Novak,Human Resources,,,,,
4740.0,Robert,Lopez,Energy,,,,,
4741.0,Max,Hernandez,Logistics & Transportation,,,,,
4742.0,Samuel,Kowalski,Consumer Products & Services,,,,,
4743.0,Paul,Kowalski,Manufacturing,,,,,
4744.0,Lydia,Lewis,Consumer Products & Services,,,,,
4745.0,Stephen,Horvath,Government Services,,,,,
4746.0,Adrian,Green,Business Products & Services,,,,,
4747.0,Thomas,Baker,Government Services,,,,,
4748.0,Christina,Gonzalez,Software,,,,,
4749.0,Henry,Moore,Business Products & Services,,,,,
4750.0,Liam,Allen,Real Estate,,,,,
4751.0,Veronica,Nelson,Health,,,,,
4752.0,Hugo,Scott,Human Resources,,,,,
4753.0,Eleni,Thomas,Human Resources,,,,,
4754.0,Vasilis,Garcia,Real Estate,,,,,
4755.0,Christopher,Dubois,Software,,,,,
4756.0,Georgia,Dubois,Construction,,,,,
4757.0,Alex,Lopez,Advertising & Marketing,,,,,
4758.0,Noah,Rossi,Business Products & Services,,,,,
4759.0,Claire,Jackson,Telecommunications,,,,,
4760.0,Irene,Moore,Business Products & Services,,,,,
4761.0,Robert,Carter,Advertising & Marketing,,,,,
4762.0,John,Rossi,Energy,,,,,
4763.0,Sara,Harris,Manufacturing,,,,,
4764.0,Daniel,Thomas,Advertising & Marketing,,,,,
4765.0,Sara,Bianchi,Construction,,,,,
4766.0,Roxanne,Wright,Retail,,,,,
4767.0,Max,Lewis,Travel & Hospitality,,,,,
4768.0,Martin,Jackson,Health,,,,,
4769.0,Helen,Walker,Computer Hardware,,,,,
4770.0,Rebecca,Sanchez,Software,,,,,
4771.0,Henry,Horvath,Manufacturing,,,,,
4772.0,Maria,White,Engineering,,,,,
4773.0,Marina,Adams,Health,,,,,
4774.0,Elisa,Allen,Health,,,,,
4775.0,William,Green,Construction,,,,,
4776.0,Eva,Harris,Advertising & Marketing,,,,,
4777.0,Veronica,Anderson,Financial Services,,,,,
4778.0,Christos,Thompson,Real Estate,,,,,
4779.0,Stella,Carter,Advertising & Marketing,,,,,
4780.0,Timothy,Jones,Advertising & Marketing,,,,,
4781.0,Jack,Thompson,Business Products & Services,,,,,
4782.0,Roxanne,Garcia,Retail,,,,,
4783.0,Laura,Robinson,Real Estate,,,,,
4784.0,Georgia,Baker,Logistics & Transportation,,,,,
4785.0,Paula,Walker,Financial Services,,,,,
4786.0,Katerina,Smith,Logistics & Transportation,,,,,
4787.0,Stella,Jones,Advertising & Marketing,,,,,
4788.0,Jason,Hernandez,Advertising & Marketing,,,,,
4789.0,Helen,Thompson,Health,,,,,
4790.0,Laura,Wright,Real Estate,,,,,
4791.0,Paula,Allen,Retail,,,,,
4792.0,Paula,Baker,Construction,,,,,
4793.0,Marina,Nelson,Retail,,,,,
4794.0,Maya,White,Security,,,,,
4795.0,Dimitris,King,Education,,,,,
4796.0,Jasmine,Adams,Software,,,,,
4797.0,Leo,Perez,Travel & Hospitality,,,,,
4798.0,Zoe,Hernandez,Health,,,,,
4799.0,Stephen,White,Human Resources,,,,,
4800.0,Eleni,Brown,Consumer Products & Services,,,,,
4801.0,Henry,Hall,Construction,,,,,
4802.0,Thomas,Rossi,Food & Beverage,,,,,
4803.0,Stephen,Wright,Advertising & Marketing,,,,,
4804.0,Irene,Carter,IT Management,,,,,
4805.0,Diana,Davis,Business Products & Services,,,,,
4806.0,Richard,Sanchez,Advertising & Marketing,,,,,
4807.0,William,Hall,Construction,,,,,
4808.0,Athena,Robinson,Business Products & Services,,,,,
4809.0,Eva,Gonzalez,Advertising & Marketing,,,,,
4810.0,Victor,Garcia,Business Products & Services,,,,,
4811.0,Nikoleta,Martinez,Construction,,,,,
4812.0,Irene,Thomas,Construction,,,,,
4813.0,Elisa,Garcia,Energy,,,,,
4814.0,Benjamin,Lewis,Business Products & Services,,,,,
4815.0,George,Muller,Financial Services,,,,,
4816.0,Eva,Brown,Advertising & Marketing,,,,,
4817.0,Marina,Williams,Construction,,,,,
4818.0,Michael,Jones,Construction,,,,,
4819.0,Catherine,White,Software,,,,,
4820.0,Andrew,Davis,Manufacturing,,,,,
4821.0,Roman,Baker,IT System Development,,,,,
4822.0,Penelope,Green,Manufacturing,,,,,
4823.0,Liam,White,Government Services,,,,,
4824.0,Stella,Martinez,Real Estate,,,,,
4825.0,Laura,Davis,IT Management,,,,,
4826.0,Julia,Schmidt,Health,,,,,
4827.0,Henry,Kowalski,Telecommunications,,,,,
4828.0,Veronica,Hall,Health,,,,,
4829.0,Claire,Moore,Logistics & Transportation,,,,,
4830.0,Andrew,Williams,IT System Development,,,,,
4831.0,Eleni,Lombardi,Consumer Products & Services,,,,,
4832.0,Oscar,Adams,Software,,,,,
4833.0,Claire,Brown,Energy,,,,,
4834.0,Robert,Smith,Retail,,,,,
4835.0,Kostas,Garcia,Software,,,,,
4836.0,Joseph,Harris,Software,,,,,
4837.0,Paula,Mitchell,Engineering,,,,,
4838.0,Angelina,Dubois,Advertising & Marketing,,,,,
4839.0,Joseph,White,Human Resources,,,,,
4840.0,Victoria,Lopez,Advertising & Marketing,,,,,
4841.0,Timothy,Hall,IT Services,,,,,
4842.0,Nicholas,Jackson,Education,,,,,
4843.0,Jasmine,Martin,Construction,,,,,
4844.0,Roxanne,Martin,Business Products & Services,,,,,
4845.0,Victor,Mitchell,Construction,,,,,
4846.0,Timothy,Carter,IT Management,,,,,
4847.0,Victor,Adams,Government Services,,,,,
4848.0,Emily,Muller,Advertising & Marketing,,,,,
4849.0,Kostas,White,Business Products & Services,,,,,
4850.0,George,Baker,Human Resources,,,,,
4851.0,Stephen,Clark,IT Management,,,,,
4852.0,Katerina,Jackson,Business Products & Services,,,,,
4853.0,Laura,Anderson,Engineering,,,,,
4854.0,Penelope,Johnson,Telecommunications,,,,,
4855.0,Victoria,Baker,Software,,,,,
4856.0,Jasmine,Nelson,Government Services,,,,,
4857.0,Hugo,Gonzalez,Environmental Services,,,,,
4858.0,James,Muller,Health,,,,,
4859.0,Robert,Martin,Media,,,,,
4860.0,Veronica,Taylor,Consumer Products & Services,,,,,
4861.0,Natalie,Robinson,Advertising & Marketing,,,,,
4862.0,Richard,Moore,Food & Beverage,,,,,
4863.0,Diana,Green,Health,,,,,
4864.0,Nikoleta,Mitchell,Food & Beverage,,,,,
4865.0,Sara,Johnson,Consumer Products & Services,,,,,
4866.0,Nikos,Taylor,Business Products & Services,,,,,
4867.0,Kostas,Miller,Manufacturing,,,,,
4868.0,David,Adams,Software,,,,,
4869.0,Benjamin,Schmidt,Logistics & Transportation,,,,,
4870.0,Nicole,Mitchell,Consumer Products & Services,,,,,
4871.0,Roxanne,White,Advertising & Marketing,,,,,
4872.0,Diana,Wright,Financial Services,,,,,
4873.0,Sara,Garcia,Consumer Products & Services,,,,,
4874.0,Richard,Davis,Engineering,,,,,
4875.0,Roxanne,Jackson,Advertising & Marketing,,,,,
4876.0,Irene,Perez,Business Products & Services,,,,,
4877.0,Timothy,Martin,Energy,,,,,
4878.0,Sofia,Jackson,Construction,,,,,
4879.0,Mark,Allen,Engineering,,,,,
4880.0,Dimitris,Mitchell,Retail,,,,,
4881.0,Jasmine,Taylor,Government Services,,,,,
4882.0,Julia,Thomas,Government Services,,,,,
4883.0,Hugo,Martin,Advertising & Marketing,,,,,
4884.0,Zoe,White,Logistics & Transportation,,,,,
4885.0,Lucy,Davis,Software,,,,,
4886.0,Chloe,Smith,Software,,,,,
4887.0,Benjamin,Jackson,Advertising & Marketing,,,,,
4888.0,Alexandra,Lombardi,Business Products & Services,,,,,
4889.0,Andreas,Lee,Advertising & Marketing,,,,,
4890.0,Sara,Hall,Human Resources,,,,,
4891.0,George,Nelson,Food & Beverage,,,,,
4892.0,Roman,Carter,Software,,,,,
4893.0,Roxanne,Robinson,Construction,,,,,
4894.0,Spyros,Young,Financial Services,,,,,
4895.0,Natalie,Moore,Real Estate,,,,,
4896.0,Leo,Martin,Travel & Hospitality,,,,,
4897.0,Julia,Davis,Logistics & Transportation,,,,,
4898.0,Penelope,Miller,Travel & Hospitality,,,,,
4899.0,Elisa,Perez,Consumer Products & Services,,,,,
4900.0,Lucas,Horvath,Telecommunications,,,,,
4901.0,Michael,Young,Insurance,,,,,
4902.0,Olivia,Young,Construction,,,,,
4903.0,Jack,Anderson,Computer Hardware,,,,,
4904.0,Martin,Schmidt,Consumer Products & Services,,,,,
4905.0,Paula,Robinson,Software,,,,,
4906.0,Joseph,Mitchell,Manufacturing,,,,,
4907.0,Maria,Muller,Real Estate,,,,,
4908.0,Evelyn,Robinson,Food & Beverage,,,,,
4909.0,Nadia,Johnson,Health,,,,,
4910.0,Marina,Green,IT Management,,,,,
4911.0,Leah,Muller,Education,,,,,
4912.0,Elisa,White,Health,,,,,
4913.0,Christopher,Moore,Advertising & Marketing,,,,,
4914.0,Spyros,Kowalski,Consumer Products & Services,,,,,
4915.0,Olivia,Wright,Real Estate,,,,,
4916.0,Alice,Hall,IT Management,,,,,
4917.0,Oscar,Scott,Business Products & Services,,,,,
4918.0,Noah,Harris,Construction,,,,,
4919.0,Laura,Gonzalez,Business Products & Services,,,,,
4920.0,Angelina,Johnson,IT Management,,,,,
4921.0,Nikoleta,Wright,Construction,,,,,
4922.0,Dimitris,King,Energy,,,,,
4923.0,Paul,Mitchell,Consumer Products & Services,,,,,
4924.0,Lucas,Robinson,Government Services,,,,,
4925.0,Patricia,Young,Retail,,,,,
4926.0,Christopher,Carter,Software,,,,,
4927.0,Isabella,Moore,Construction,,,,,
4928.0,Evelyn,Lewis,Engineering,,,,,
4929.0,George,Anderson,Software,,,,,
4930.0,David,Horvath,Advertising & Marketing,,,,,
4931.0,Natalie,Jones,Consumer Products & Services,,,,,
4932.0,Alexandra,Carter,Health,,,,,
4933.0,Oscar,Novak,Financial Services,,,,,
4934.0,Peter,Kowalski,Government Services,,,,,
4935.0,Philip,Robinson,Software,,,,,
4936.0,Nicole,Taylor,Government Services,,,,,
4937.0,Sofia,Walker,Manufacturing,,,,,
4938.0,Michael,Moore,Consumer Products & Services,,,,,
4939.0,Daniel,Moore,Government Services,,,,,
4940.0,Nadia,Gonzalez,Advertising & Marketing,,,,,
4941.0,Victoria,Clark,Construction,,,,,
4942.0,Georgia,Walker,Advertising & Marketing,,,,,
4943.0,Jack,White,Consumer Products & Services,,,,,
4944.0,Harris,Jackson,Construction,,,,,
4945.0,Eva,Horvath,Business Products & Services,,,,,
4946.0,Dimitris,Lopez,Advertising & Marketing,,,,,
4947.0,Jason,Martin,Health,,,,,
4948.0,Thomas,Robinson,Security,,,,,
4949.0,Oscar,Carter,Financial Services,,,,,
4950.0,Stella,Sanchez,Consumer Products & Services,,,,,
4951.0,Vasilis,Johnson,Energy,,,,,
4952.0,Sara,Kowalski,Advertising & Marketing,,,,,
4953.0,Leo,Adams,Government Services,,,,,
4954.0,Nicholas,Jackson,Software,,,,,
4955.0,John,Bianchi,Engineering,,,,,
4956.0,Katerina,Novak,Manufacturing,,,,,
4957.0,Stella,Jones,Business Products & Services,,,,,
4958.0,Gregory,Young,Consumer Products & Services,,,,,
4959.0,Daniel,Horvath,IT Services,,,,,
4960.0,Sara,Johnson,Financial Services,,,,,
4961.0,Nikoleta,Robinson,Financial Services,,,,,
4962.0,Roman,Adams,Advertising & Marketing,,,,,
4963.0,John,Clark,Government Services,,,,,
4964.0,Jasmine,Lewis,Advertising & Marketing,,,,,
4965.0,Arthur,Robinson,Advertising & Marketing,,,,,
4966.0,Veronica,Johnson,Financial Services,,,,,
4967.0,Anna,Wright,Health,,,,,
4968.0,Thomas,Hall,Software,,,,,
4969.0,Sofia,Dubois,Consumer Products & Services,,,,,
4970.0,Nikos,Young,Financial Services,,,,,
4971.0,Elisa,Hall,Logistics & Transportation,,,,,
4972.0,Christos,Miller,Software,,,,,
4973.0,Benjamin,Hall,Business Products & Services,,,,,
4974.0,David,Thompson,Consumer Products & Services,,,,,
4975.0,Catherine,Clark,Travel & Hospitality,,,,,
4976.0,Lucy,Martin,Manufacturing,,,,,
4977.0,David,White,Construction,,,,,
4978.0,Vasilis,Lewis,Logistics & Transportation,,,,,
4979.0,Zoe,Thompson,Telecommunications,,,,,
4980.0,Spyros,Sanchez,Health,,,,,
4981.0,Daniel,Taylor,Insurance,,,,,
4982.0,Leah,Taylor,Business Products & Services,,,,,
4983.0,Christopher,Martin,IT Services,,,,,
4984.0,Ivy,Nelson,Food & Beverage,,,,,
4985.0,Adrian,Bianchi,Construction,,,,,
4986.0,Timothy,Scott,Health,,,,,
4987.0,Stella,Carter,Advertising & Marketing,,,,,
4988.0,Arthur,Scott,Business Products & Services,,,,,
4989.0,Samuel,Hernandez,Business Products & Services,,,,,
4990.0,Timothy,Williams,Logistics & Transportation,,,,,
4991.0,Laura,Robinson,Media,,,,,
4992.0,Marta,Lewis,Advertising & Marketing,,,,,
4993.0,Paul,Brown,Telecommunications,,,,,
4994.0,Diana,Muller,Advertising & Marketing,,,,,
4995.0,Marta,Martin,Software,,,,,
4996.0,Christos,Miller,Construction,,,,,
4997.0,Liam,Horvath,Construction,,,,,
4998.0,Michael,Taylor,Consumer Products & Services,,,,,
4999.0,Mark,Miller,Business Products & Services,,,,,
5000.0,Veronica,Mitchell,Advertising & Marketing,,,,,
,,,,1.0,https://www.inc.com/profile/freestar,Freestar,Advertising & Marketing,Phoenix
,,,,2.0,https://www.inc.com/profile/freightwise,FreightWise,Logistics & Transportation,Brentwood
,,,,3.0,https://www.inc.com/profile/ceces-veggie,Cece's Veggie Co.,Food & Beverage,Austin
,,,,4.0,https://www.inc.com/profile/ladyboss,LadyBoss,Consumer Products & Services,Albuquerque
,,,,5.0,https://www.inc.com/profile/perpay,Perpay,Retail,Philadelphia
,,,,6.0,https://www.inc.com/profile/cano-health,Cano Health,Health,Miami
,,,,7.0,https://www.inc.com/profile/bear-mattress,Bear Mattress,Consumer Products & Services,Hoboken
,,,,8.0,https://www.inc.com/profile/connected-solutions-group,Connected Solutions Group,Telecommunications,Mechanicsville
,,,,9.0,https://www.inc.com/profile/providence-healthcare-management,Providence Healthcare Management,Health,Cleveland
,,,,10.0,https://www.inc.com/profile/nom,NOM,Advertising & Marketing,Los Angeles
,,,,11.0,https://www.inc.com/profile/nuleaf-naturals,NuLeaf Naturals,Consumer Products & Services,Denver
,,,,12.0,https://www.inc.com/profile/urgently,Urgently,Logistics & Transportation,VIenna
,,,,13.0,https://www.inc.com/profile/nutpods,nutpods,Food & Beverage,Bellevue
,,,,14.0,https://www.inc.com/profile/yieldstreet,YieldStreet,Financial Services,New York
,,,,15.0,https://www.inc.com/profile/mutesix,MuteSix,Advertising & Marketing,Los Angeles
,,,,16.0,https://www.inc.com/profile/anchor-worldwide,Anchor Worldwide,Advertising & Marketing,New York
,,,,17.0,https://www.inc.com/profile/lendingpoint,LendingPoint,Financial Services,Kennesaw
,,,,18.0,https://www.inc.com/profile/with-clarity,With Clarity,Consumer Products & Services,New York
,,,,19.0,https://www.inc.com/profile/sonendo,Sonendo,Health,Laguna Hills
,,,,20.0,https://www.inc.com/profile/kindred-bravely,Kindred Bravely,Consumer Products & Services,Oceanside
,,,,21.0,https://www.inc.com/profile/tailor-made-compounding,Tailor Made Compounding,Health,Nicholasville
,,,,22.0,https://www.inc.com/profile/sd3it,SD3IT,Computer Hardware,The Villages
,,,,23.0,https://www.inc.com/profile/convertkit,ConvertKit,Software,Boise
,,,,24.0,https://www.inc.com/profile/printify,Printify,Software,San Francisco
,,,,25.0,https://www.inc.com/profile/awardco,Awardco,Software,Orem
,,,,26.0,https://www.inc.com/profile/pegasus-optimization-managers,Pegasus Optimization Managers,Energy,College Station
,,,,27.0,https://www.inc.com/profile/fitt-scientific,FITT Scientific,Government Services,Colonial Heights
,,,,28.0,https://www.inc.com/profile/amherst-madison,Amherst Madison,Real Estate,Boise
,,,,29.0,https://www.inc.com/profile/lumenad,LumenAd,Software,Missoula
,,,,30.0,https://www.inc.com/profile/bendcare,Bendcare,Health,Boca Raton
,,,,31.0,https://www.inc.com/profile/the-welfont-companies,The Welfont Companies,Real Estate,Tampa
,,,,32.0,https://www.inc.com/profile/Skinny-Dipped,Skinny Dipped,Consumer Products & Services,Seattle
,,,,33.0,https://www.inc.com/profile/rdi-technologies,RDI Technologies,Manufacturing,Knoxville
,,,,34.0,https://www.inc.com/profile/limited-run-games,Limited Run Games,Media,Apex
,,,,35.0,https://www.inc.com/profile/swanleap,SwanLeap,Logistics & Transportation,Madison
,,,,36.0,https://www.inc.com/profile/vesta-modular,Vesta Modular,Construction,Southfield
,,,,37.0,https://www.inc.com/profile/hc-animal-health,H&C Animal Health,Consumer Products & Services,Parker
,,,,38.0,https://www.inc.com/profile/homesnap,Homesnap,Real Estate,Bethesda
,,,,39.0,https://www.inc.com/profile/paradigm-construction,Paradigm Construction,Construction,The Woodlands
,,,,40.0,https://www.inc.com/profile/allata,Allata,IT System Development,Dallas
,,,,41.0,https://www.inc.com/profile/fanchest,Fanchest,Retail,New York
,,,,42.0,https://www.inc.com/profile/fund-that-flip,Fund That Flip,Real Estate,New York
,,,,43.0,https://www.inc.com/profile/villaway,Villaway,Travel & Hospitality,Los Angeles
,,,,44.0,https://www.inc.com/profile/IQM,IQM,Advertising & Marketing,New York
,,,,45.0,https://www.inc.com/profile/home-quality-remodeling,Home Quality Remodeling,Construction,Concord
,,,,46.0,https://www.inc.com/profile/beeswax,Beeswax,Software,New York
,,,,47.0,https://www.inc.com/profile/netizen,Netizen,Security,Allentown
,,,,48.0,https://www.inc.com/profile/phdata,phData,IT Management,Minneapolis
,,,,49.0,https://www.inc.com/profile/mdstaffers,MDstaffers,Health,Rancho Cordova
,,,,50.0,https://www.inc.com/profile/talex,TalEx,Human Resources,Clarksburg
,,,,51.0,https://www.inc.com/profile/nationwide-mortgage-bankers,Nationwide Mortgage Bankers,Financial Services,Melville
,,,,52.0,https://www.inc.com/profile/podium,Podium,Software,Lehi
,,,,53.0,https://www.inc.com/profile/sia-solutions,SIA Solutions,Environmental Services,Houston
,,,,54.0,https://www.inc.com/profile/qeo-group,QEO Group,Insurance,Irving
,,,,55.0,https://www.inc.com/profile/dropified,Dropified,Business Products & Services,Birmingham
,,,,56.0,https://www.inc.com/profile/sparx-hockey,Sparx Hockey,Consumer Products & Services,Acton
,,,,57.0,https://www.inc.com/profile/truechoicepack,TrueChoicePack,Consumer Products & Services,Mason
,,,,58.0,https://www.inc.com/profile/ashh-dba-ooze-wholesale,Ooze Wholesale,Consumer Products & Services,Oak Park
,,,,59.0,https://www.inc.com/profile/progyny,Progyny,Health,New York
,,,,60.0,https://www.inc.com/profile/pax8,Pax8,Software,Greenwood Village
,,,,61.0,https://www.inc.com/profile/terminus,Terminus,Software,Atlanta
,,,,62.0,https://www.inc.com/profile/chomps,Chomps,Food & Beverage,Naples
,,,,63.0,https://www.inc.com/profile/rad-power-bikes,Rad Power Bikes,Manufacturing,Seattle
,,,,64.0,https://www.inc.com/profile/tradepending,TradePending,Software,Chapel Hill
,,,,65.0,https://www.inc.com/profile/west-creek-financial,West Creek Financial,Financial Services,Glen Allen
,,,,66.0,https://www.inc.com/profile/citylift-parking,CityLift Parking,Construction,Oakland
,,,,67.0,https://www.inc.com/profile/associated-veterans,Associated Veterans,Government Services,Arlington
,,,,68.0,https://www.inc.com/profile/fetch-rewards,Fetch Rewards,Software,Madison
,,,,69.0,https://www.inc.com/profile/10x-genomics,10X Genomics,Health,Pleasanton
,,,,70.0,https://www.inc.com/profile/4th-heart,4th & Heart,Food & Beverage,Venice Beach
,,,,71.0,https://www.inc.com/profile/greenprint,GreenPrint,Energy,Atlanta
,,,,72.0,https://www.inc.com/profile/sky-marketing-corporation,Sky Marketing Corporation,Consumer Products & Services,Austin
,,,,73.0,https://www.inc.com/profile/pendo,Pendo,Software,Raleigh
,,,,74.0,https://www.inc.com/profile/core-software-technologies,Core Software Technologies,Software,Plainsboro
,,,,75.0,https://www.inc.com/profile/ecosystems,EcoSystems,Environmental Services,Miami
,,,,76.0,https://www.inc.com/profile/brickell-mens-products,Brickell Men's Products,Health,Portland
,,,,77.0,https://www.inc.com/profile/patton-warehousing,Patton Warehousing,Logistics & Transportation,Milton
,,,,78.0,https://www.inc.com/profile/sydantech,SydanTech,Government Services,Bethesda
,,,,79.0,https://www.inc.com/profile/wt-stevens-construction,WT Stevens Construction,Construction,Flint
,,,,80.0,https://www.inc.com/profile/wandrd,Wandrd,Consumer Products & Services,Orem
,,,,81.0,https://www.inc.com/profile/confidio,Confidio,Health,Towson
,,,,82.0,https://www.inc.com/profile/dynamic-logistix,Dynamic Logistix,Logistics & Transportation,Overland Park
,,,,83.0,https://www.inc.com/profile/asset-panda,Asset Panda,Software,Frisco
,,,,83.0,https://www.inc.com/profile/seabay-building-group,SeaBay Building Group,Construction,Hayward
,,,,84.0,https://www.inc.com/profile/blue-fire-leads,Blue Fire Leads,Advertising & Marketing,Provo
,,,,85.0,https://www.inc.com/profile/loanatik,Loanatik,Financial Services,Phoenix
,,,,86.0,https://www.inc.com/profile/supportninja,SupportNinja,Business Products & Services,Austin
,,,,87.0,https://www.inc.com/profile/grove-collaborative,Grove Collaborative,Consumer Products & Services,San Francisco
,,,,88.0,https://www.inc.com/profile/cisoshare,Cisoshare,Security,San Juan Capistrano
,,,,89.0,https://www.inc.com/profile/digitalonus,DigitalOnUS,IT System Development,San Jose
,,,,90.0,https://www.inc.com/profile/gforce-life-sciences,GForce Life Sciences,Human Resources,Chicago
,,,,91.0,https://www.inc.com/profile/capitol-bridge,Capitol Bridge,Government Services,Arlington
,,,,92.0,https://www.inc.com/profile/kentucky-counseling-center,Kentucky Counseling Center,Health,LOUISVILLE
,,,,93.0,https://www.inc.com/profile/shefit,Shefit,Retail,Hudsonville
,,,,94.0,https://www.inc.com/profile/us-mobile,US Mobile,Telecommunications,White Plains
,,,,95.0,https://www.inc.com/profile/feedonomics,Feedonomics,Advertising & Marketing,Woodland Hills
,,,,96.0,https://www.inc.com/profile/amenity-health,Amenity Health,Health,San Diego
,,,,97.0,https://www.inc.com/profile/payability,Payability,Financial Services,New York
,,,,98.0,https://www.inc.com/profile/eagle-transport-and-logistics,Eagle Transport and Logistics,Logistics & Transportation,Columbus
,,,,99.0,https://www.inc.com/profile/shipbob,ShipBob,Logistics & Transportation,Chicago
,,,,100.0,https://www.inc.com/profile/powerhome-solar,Powerhome Solar,Construction,Mooresville
,,,,101.0,https://www.inc.com/profile/lendingone,LendingOne,Financial Services,Boca Raton
,,,,102.0,https://www.inc.com/profile/ownbackup,OwnBackup,Software,Fort Lee
,,,,103.0,https://www.inc.com/profile/invictus-international-consulting,Invictus International Consulting,Government Services,Alexandria
,,,,104.0,https://www.inc.com/profile/go-energistics,Go Energistics,Construction,Colleyville
,,,,105.0,https://www.inc.com/profile/total-expert,Total Expert,Software,Minneapolis
,,,,106.0,https://www.inc.com/profile/buzzybooth,BuzzyBooth,Business Products & Services,Santa Monica
,,,,107.0,https://www.inc.com/profile/carolin-soldo-coaching-events,Carolin Soldo Coaching & Events,Business Products & Services,Hamburg
,,,,108.0,https://www.inc.com/profile/cognira,Cognira,Software,Atlanta
,,,,109.0,https://www.inc.com/profile/b3-group,B3 Group,Government Services,Herndon
,,,,110.0,https://www.inc.com/profile/inspiranza-designs,Inspiranza Designs,Retail,Columbia
,,,,111.0,https://www.inc.com/profile/onesourcepcs,OnesourcePCS,Government Services,PENSACOLA
,,,,112.0,https://www.inc.com/profile/cience-technologies,Cience Technologies,Advertising & Marketing,Solana Beach
,,,,113.0,https://www.inc.com/profile/austin-cryo-ventures,Austin Cryo Ventures,Health,Austin
,,,,114.0,https://www.inc.com/profile/sweet-lorens,Sweet Loren's,Food & Beverage,New York
,,,,115.0,https://www.inc.com/profile/copper,Copper,Software,San Francisco
,,,,116.0,https://www.inc.com/profile/5-star-roofing-and-restoration,5 Star Roofing and Restoration,Construction,Birmingham
,,,,117.0,https://www.inc.com/profile/digitalcrafts,DigitalCrafts,Education,Atlanta
,,,,118.0,https://www.inc.com/profile/loadup-technologies,LoadUp Technologies,Logistics & Transportation,Atlanta
,,,,119.0,https://www.inc.com/profile/skillset-group,SkillSet Group,Human Resources,Santa Ana
,,,,120.0,https://www.inc.com/profile/ally-logistics,Ally Logistics,Logistics & Transportation,Grand Rapids
,,,,121.0,https://www.inc.com/profile/bamfi,BAMFi,Financial Services,Atlanta
,,,,122.0,https://www.inc.com/profile/potoo,Potoo,Business Products & Services,Norwalk
,,,,123.0,https://www.inc.com/profile/parsons-xtreme-golf,Parsons Xtreme Golf,Consumer Products & Services,Scottsdale
,,,,124.0,https://www.inc.com/profile/onfleet,Onfleet,Logistics & Transportation,San Francisco
,,,,125.0,https://www.inc.com/profile/patientpop,PatientPop,Health,Santa Monica
,,,,126.0,https://www.inc.com/profile/gravity-resources,Gravity IT Resources,Business Products & Services,Fort Lauderdale
,,,,127.0,https://www.inc.com/profile/medlab-international,MedLab International,Health,Cortland
,,,,128.0,https://www.inc.com/profile/equity-help,Equity & Help,Business Products & Services,Clearwater
,,,,129.0,https://www.inc.com/profile/ridgeline-international,Ridgeline International,Telecommunications,Tysons Corner
,,,,130.0,https://www.inc.com/profile/china-metal-solutions,China Metal Solutions,Manufacturing,Chicago
,,,,131.0,https://www.inc.com/profile/bluesky-resource-solutions,BlueSky Resource Solutions,Business Products & Services,Atlanta
,,,,132.0,https://www.inc.com/profile/centauri-health-solutions,Centauri Health Solutions,Health,scottsdale
,,,,133.0,https://www.inc.com/profile/celltrade-ny,CellTrade NY,Consumer Products & Services,Hicksville
,,,,134.0,https://www.inc.com/profile/exabeam,Exabeam,Security,San Mateo
,,,,135.0,https://www.inc.com/profile/kinsmen-group,Kinsmen Group,Software,West Chester
,,,,136.0,https://www.inc.com/profile/owens-recovery-science,Owens Recovery Science,Health,San Antonio
,,,,137.0,https://www.inc.com/profile/winit,WinIt,Consumer Products & Services,New York
,,,,138.0,https://www.inc.com/profile/techolution,Techolution,IT System Development,New York
,,,,139.0,https://www.inc.com/profile/solvix-solutions,Solvix Solutions,Computer Hardware,Marlton
,,,,140.0,https://www.inc.com/profile/lovebug-probiotics,LoveBug Probiotics,Consumer Products & Services,New York
,,,,141.0,https://www.inc.com/profile/nationwide-pharmaceutical,Nationwide Pharmaceutical,Government Services,San Antonio
,,,,142.0,https://www.inc.com/profile/freedom-forever,Freedom Forever,Energy,Temecula
,,,,143.0,https://www.inc.com/profile/alpha-omega-integration,Alpha Omega Integration,Government Services,Vienna
,,,,144.0,https://www.inc.com/profile/arsenal-strength,Arsenal Strength,Business Products & Services,Knoxville
,,,,145.0,https://www.inc.com/profile/capital-brand-group,Capital Brand Group,Construction,Silver Spring
,,,,146.0,https://www.inc.com/profile/fedwriters,FedWriters,Government Services,Fairfax
,,,,147.0,https://www.inc.com/profile/sethmar-transportation,Sethmar Transportation,Logistics & Transportation,Overland Park
,,,,148.0,https://www.inc.com/profile/hyperion-partners,Hyperion Partners,Telecommunications,Las Vegas
,,,,149.0,https://www.inc.com/profile/arcalea,Arcalea,Advertising & Marketing,Chicago
,,,,150.0,https://www.inc.com/profile/haga-kommer,Haga Kommer,Financial Services,Fargo
,,,,151.0,https://www.inc.com/profile/waggl,Waggl,Software,Sausalito
,,,,152.0,https://www.inc.com/profile/roman-roofing,Roman Roofing,Construction,Florida
,,,,153.0,https://www.inc.com/profile/akumina,Akumina,Software,Nashua
,,,,154.0,https://www.inc.com/profile/shipmonk,ShipMonk,Logistics & Transportation,Deerfield Beach
,,,,155.0,https://www.inc.com/profile/brillmediaco,BrillMedia.co,Advertising & Marketing,Lake Balboa
,,,,156.0,https://www.inc.com/profile/rocket-insights,Rocket Insights,Software,Boston
,,,,157.0,https://www.inc.com/profile/tridant-solutions,Tridant Solutions,Government Services,Pasadena
,,,,158.0,https://www.inc.com/profile/esc-choice,ESC Choice,Human Resources,Amherst
,,,,159.0,https://www.inc.com/profile/nugget,Nugget,Consumer Products & Services,Hillsborough
,,,,160.0,https://www.inc.com/profile/octopi-brewing,Octopi Brewing,Manufacturing,Waunakee
,,,,161.0,https://www.inc.com/profile/knowbe4,KnowBe4,Security,Clearwater
,,,,162.0,https://www.inc.com/profile/kinect-solar,Kinect Solar,Energy,Austin
,,,,163.0,https://www.inc.com/profile/compliancequest,ComplianceQuest,Software,Tampa
,,,,164.0,https://www.inc.com/profile/decisionpoint,DecisionPoint,IT Management,Gaithersburg
,,,,165.0,https://www.inc.com/profile/bombas,Bombas,Consumer Products & Services,New York
,,,,166.0,https://www.inc.com/profile/jonas-paul-eyewear,Jonas Paul Eyewear,Consumer Products & Services,Grand Rapids
,,,,167.0,https://www.inc.com/profile/tamimi-pharmacy,Tamimi Pharmacy,Health,Temple Terrace
,,,,168.0,https://www.inc.com/profile/ad-hoc,Ad Hoc,Government Services,Silver Spring
,,,,169.0,https://www.inc.com/profile/valify,Valify,Software,Frisco
,,,,170.0,https://www.inc.com/profile/sapper-consulting,Sapper Consulting,Advertising & Marketing,St. Louis
,,,,171.0,https://www.inc.com/profile/privy,Privy,Advertising & Marketing,Boston
,,,,172.0,https://www.inc.com/profile/scooch,Scooch,Consumer Products & Services,Noblesville
,,,,173.0,https://www.inc.com/profile/monkedia,Monkedia,Advertising & Marketing,Irving
,,,,174.0,https://www.inc.com/profile/upshow,UPshow,Business Products & Services,Chicago
,,,,175.0,https://www.inc.com/profile/campuslogic,CampusLogic,Software,"Chandler,"
,,,,176.0,https://www.inc.com/profile/pcc-cleaning-and-maintenance,PCC Cleaning and Maintenance,Environmental Services,Brooklyn
,,,,177.0,https://www.inc.com/profile/quirk-creative,Quirk Creative,Advertising & Marketing,Brooklyn
,,,,178.0,https://www.inc.com/profile/tricopian,Tricopian,Consumer Products & Services,Poway
,,,,179.0,https://www.inc.com/profile/efficient-home-services-of-florida,Efficient Home Services of Florida,Energy,Tampa
,,,,180.0,https://www.inc.com/profile/fitness-cubed,Fitness Cubed,Manufacturing,Chicago
,,,,181.0,https://www.inc.com/profile/velox-media,Velox Media,Advertising & Marketing,Boise
,,,,182.0,https://www.inc.com/profile/1link-technology,1Link Technology,IT Management,Germantown
,,,,183.0,https://www.inc.com/profile/quadrant-resource,Quadrant Resource,Software,Redmond
,,,,184.0,https://www.inc.com/profile/myhealth,MyHealth,Health,Brookhaven
,,,,185.0,https://www.inc.com/profile/velocity-global,Velocity Global,Business Products & Services,Denver
,,,,186.0,https://www.inc.com/profile/oseth-group,Oseth Group,Construction,Sterling
,,,,187.0,https://www.inc.com/profile/koia,Koia,Food & Beverage,San Diego
,,,,188.0,https://www.inc.com/profile/sifted,Sifted,Food & Beverage,Atlanta
,,,,189.0,https://www.inc.com/profile/prx-performance,PRx Performance,Retail,Fargo
,,,,190.0,https://www.inc.com/profile/universal-yums,Universal Yums,Food & Beverage,Parsippany-Troy Hills
,,,,191.0,https://www.inc.com/profile/bridge-brothers,Bridge Brothers,Manufacturing,Atlanta
,,,,192.0,https://www.inc.com/profile/dynamic-systems-technology,Dynamic Systems Technology,Government Services,Fairfax
,,,,193.0,https://www.inc.com/profile/supinf-technologies,Supinf Technologies,Government Services,Rockville
,,,,194.0,https://www.inc.com/profile/davis-cargo,Davis Cargo,Logistics & Transportation,orlando
,,,,195.0,https://www.inc.com/profile/polaris-energy-services,Polaris Energy Services,Energy,San Luis Obispo
,,,,196.0,https://www.inc.com/profile/setschedule,SetSchedule,Real Estate,Irvine
,,,,197.0,https://www.inc.com/profile/l2-defense,L2 Defense,Government Services,Middle River
,,,,198.0,https://www.inc.com/profile/motivosity,Motivosity,Software,Orem
,,,,199.0,https://www.inc.com/profile/advoc8,Advoc8,Advertising & Marketing,Washington
,,,,200.0,https://www.inc.com/profile/real-plans,Real Plans,Software,Walnut
,,,,201.0,https://www.inc.com/profile/axiom-strategies,Axiom Strategies,Advertising & Marketing,Kansas City
,,,,202.0,https://www.inc.com/profile/midway-staffing,Midway Staffing,Business Products & Services,Berwyn
,,,,203.0,https://www.inc.com/profile/perfect-part,Perfect Part,Telecommunications,North Hollywood
,,,,204.0,https://www.inc.com/profile/silverline-home-remodeling,Silverline Home Remodeling,Construction,Canoga Park
,,,,205.0,https://www.inc.com/profile/maxim-zenwise-opco,Maxim Zenwise Opco,Consumer Products & Services,Orlando
,,,,206.0,https://www.inc.com/profile/world-housing-solution,World Housing Solution,Manufacturing,SANFORD
,,,,207.0,https://www.inc.com/profile/city-ventures,City Ventures,Real Estate,Omaha
,,,,208.0,https://www.inc.com/profile/web-presence,Web Presence,Advertising & Marketing,Sarasota
,,,,209.0,https://www.inc.com/profile/energy-earth,Energy Earth,Advertising & Marketing,Chattanooga
,,,,210.0,https://www.inc.com/profile/empowered-electric,Empowered Electric,Construction,North Kansas City
,,,,211.0,https://www.inc.com/profile/bookkeeper-business-launch,Bookkeeper Business Launch,Education,Cheyenne
,,,,212.0,https://www.inc.com/profile/noom,Noom,Health,New York City
,,,,213.0,https://www.inc.com/profile/zenith-engineers,Zenith Engineers,Engineering,Hayward
,,,,214.0,https://www.inc.com/profile/lets-make-a-lead,Let's Make A Lead,Business Products & Services,Miami
,,,,215.0,https://www.inc.com/profile/momentum-solar,Momentum Solar,Energy,South Plainfield
,,,,216.0,https://www.inc.com/profile/radius-networks,Radius Networks,Software,Washington
,,,,217.0,https://www.inc.com/profile/fattmerchant,Fattmerchant,Financial Services,Orlando
,,,,218.0,https://www.inc.com/profile/infinium-group,Infinium Group,Human Resources,MURRIETA
,,,,219.0,https://www.inc.com/profile/global-memory-procurement-corporation-dba-memorynet,Memory.net,Computer Hardware,SAN CLEMENTE
,,,,220.0,https://www.inc.com/profile/factorypure,FactoryPure,Retail,san antonio
,,,,221.0,https://www.inc.com/profile/untappd,Untappd,Software,Wilmington
,,,,222.0,https://www.inc.com/profile/mikmak,MikMak,Advertising & Marketing,New York
,,,,223.0,https://www.inc.com/profile/fusion-recruiting-labs,Fusion Recruiting Labs,Software,Red Bank
,,,,224.0,https://www.inc.com/profile/office-libations,Office Libations,Food & Beverage,Oakland
,,,,225.0,https://www.inc.com/profile/broker-online-exchange,Broker Online Exchange,Energy,Suffern
,,,,226.0,https://www.inc.com/profile/odl-services,ODL Services,Government Services,Virginia Beach
,,,,227.0,https://www.inc.com/profile/platinum-health,Platinum Health,Health,Orlando
,,,,228.0,https://www.inc.com/profile/avelead,Avelead,IT System Development,Suwanee
,,,,229.0,https://www.inc.com/profile/CMG-Midwest,CMG-Midwest,Construction,Cleveland
,,,,230.0,https://www.inc.com/profile/quince-orchard-psychotherapy,Quince Orchard Psychotherapy,Health,Gaithersburg
,,,,231.0,https://www.inc.com/profile/redshelf,RedShelf,Education,Chicago
,,,,232.0,https://www.inc.com/profile/transamerica-express-logistics,TransAmerica Express Logistics,Logistics & Transportation,Sacramento
,,,,233.0,https://www.inc.com/profile/flipcause,Flipcause,Software,Oakland
,,,,234.0,https://www.inc.com/profile/simply-nuc,Simply NUC,Computer Hardware,Round Rock
,,,,235.0,https://www.inc.com/profile/virtual-machine-solutions,Virtual Machine Solutions,IT Management,Los Angeles
,,,,236.0,https://www.inc.com/profile/gateway-genomics,Gateway Genomics,Health,La Jolla
,,,,237.0,https://www.inc.com/profile/strativia,Strativia,Government Services,LARGO
,,,,238.0,https://www.inc.com/profile/clockshark,ClockShark,Software,Chico
,,,,239.0,https://www.inc.com/profile/trifold,TriFold,Manufacturing,Columbus
,,,,240.0,https://www.inc.com/profile/energy-ogre,Energy Ogre,Consumer Products & Services,Houston
,,,,241.0,https://www.inc.com/profile/d-ott-construction,D. Ott Construction,Construction,Lancaster
,,,,242.0,https://www.inc.com/profile/medisuite,Medisuite,Health,Cary
,,,,243.0,https://www.inc.com/profile/myta-technologies,MYTA Technologies,Human Resources,Bethesda
,,,,244.0,https://www.inc.com/profile/deal-partners,Deal Partners,Consumer Products & Services,Doral
,,,,245.0,https://www.inc.com/profile/tier4-group,Tier4 Group,Business Products & Services,Atlanta
,,,,246.0,https://www.inc.com/profile/ies,IES,Manufacturing,LaSalle
,,,,247.0,https://www.inc.com/profile/resicap,ResiCap,Real Estate,Atlanta
,,,,248.0,https://www.inc.com/profile/transcend-security-solutions,Transcend Security Solutions,Security,Phoenix
,,,,249.0,https://www.inc.com/profile/globaltexusa,GlobalTex USA,Business Products & Services,Miami
,,,,250.0,https://www.inc.com/profile/vespa-group,Vespa Group,IT System Development,Indianapolis
,,,,251.0,https://www.inc.com/profile/bridgewater-homes,Bridgewater Homes,Construction,Loveland
,,,,252.0,https://www.inc.com/profile/park-financial-group,Park Financial Group,Financial Services,Minneapolis
,,,,253.0,https://www.inc.com/profile/chronovo,Chronovo,Insurance,Burlington
,,,,254.0,https://www.inc.com/profile/maverick-media-ventures,Maverick Media Ventures,Consumer Products & Services,Garden City
,,,,255.0,https://www.inc.com/profile/kortx,Kortx,Advertising & Marketing,Royal Oak
,,,,256.0,https://www.inc.com/profile/bawla-consulting,Bawla Consulting,Human Resources,Valley Stream
,,,,257.0,https://www.inc.com/profile/pawstruck,Pawstruck,Retail,Long Beach
,,,,258.0,https://www.inc.com/profile/blue-raven-solar,Blue Raven Solar,Energy,American Fork
,,,,259.0,https://www.inc.com/profile/woom-bikes-usa,Woom Bikes USA,Consumer Products & Services,Austin
,,,,260.0,https://www.inc.com/profile/mixt-solutions,Mixt Solutions,Consumer Products & Services,Plain City
,,,,261.0,https://www.inc.com/profile/thrivepass,ThrivePass,Health,Denver
,,,,262.0,https://www.inc.com/profile/premier-health-solutions,Premier Health Solutions,Insurance,Frisco
,,,,263.0,https://www.inc.com/profile/impact-analytics,Impact Analytics,Business Products & Services,"Linthicum, MD 21090"
,,,,264.0,https://www.inc.com/profile/hemper,Hemper,Consumer Products & Services,HAUPPAUGE
,,,,265.0,https://www.inc.com/profile/intermex,Intermex,Travel & Hospitality,hacienda heights
,,,,266.0,https://www.inc.com/profile/patientbond,PatientBond,IT System Development,Elmhurst
,,,,267.0,https://www.inc.com/profile/ginn-group,Ginn Group,Real Estate,Vancouver
,,,,268.0,https://www.inc.com/profile/pantherx-rare,PANTHERX Rare,Health,Pittsburgh
,,,,269.0,https://www.inc.com/profile/factorial-digital,Factorial Digital,Advertising & Marketing,Mount Pleasant
,,,,270.0,https://www.inc.com/profile/t-rex-solutions,T-Rex Solutions,Government Services,Greenbelt
,,,,271.0,https://www.inc.com/profile/toops,Toops,Retail,Evanston
,,,,272.0,https://www.inc.com/profile/infusemedia,InfuseMedia,Advertising & Marketing,NEWTON CENTER
,,,,273.0,https://www.inc.com/profile/teachable,Teachable,Software,New York
,,,,274.0,https://www.inc.com/profile/squadhelpcom,Squadhelp.com,Business Products & Services,Hoffman Estates
,,,,275.0,https://www.inc.com/profile/take2-consulting,Take2 Consulting,IT Management,Vienna
,,,,276.0,https://www.inc.com/profile/epion-health,Epion Health,Software,Hoboken
,,,,277.0,https://www.inc.com/profile/gotcha-media-holdings,Gotcha Media Holdings,Logistics & Transportation,Charleston
,,,,278.0,https://www.inc.com/profile/kyzen-consulting-services,Kyzen Consulting Services,Government Services,Gaithersburg
,,,,279.0,https://www.inc.com/profile/checkedup,CheckedUp,Health,New York
,,,,280.0,https://www.inc.com/profile/cultivate-advisors,Cultivate Advisors,Business Products & Services,Chicago
,,,,281.0,https://www.inc.com/profile/advisors-education,Advisors Education,Education,Jacksonville
,,,,282.0,https://www.inc.com/profile/recleim,Recleim,Environmental Services,Atlanta
,,,,283.0,https://www.inc.com/profile/maddox-industrial-transformer,Maddox Industrial Transformer,Manufacturing,Simpsonville
,,,,284.0,https://www.inc.com/profile/mako-medical-laboratories,Mako Medical Laboratories,Health,Raleigh
,,,,285.0,https://www.inc.com/profile/alert-media,Alert Media,Software,Austin
,,,,286.0,https://www.inc.com/profile/southern-veterinary-partners,Southern Veterinary Partners,Health,Birmimgham
,,,,287.0,https://www.inc.com/profile/flexicrew-technical-services,Flexicrew Technical Services,Human Resources,Metairie
,,,,288.0,https://www.inc.com/profile/texas-beauty-labs,Texas Beauty Labs,Manufacturing,Austin
,,,,289.0,https://www.inc.com/profile/scientistcom,Scientist.com,Health,Solana Beach
,,,,290.0,https://www.inc.com/profile/hennessey-consulting,Hennessey Consulting,Advertising & Marketing,Valencia
,,,,291.0,https://www.inc.com/profile/meleeo,Meleeo,Business Products & Services,Odessa
,,,,292.0,https://www.inc.com/profile/sna-international,SNA International,Government Services,Alexandria
,,,,293.0,https://www.inc.com/profile/staymobile,Staymobile,Retail,Marietta
,,,,294.0,https://www.inc.com/profile/amani-enterprises,Amani Enterprises,Retail,Miami
,,,,295.0,https://www.inc.com/profile/privateer-it,Privateer IT,IT Management,Melbourne
,,,,296.0,https://www.inc.com/profile/discussio,Discuss.io,Software,Seattle
,,,,297.0,https://www.inc.com/profile/dollar-fulfillment,Dollar Fulfillment,Logistics & Transportation,Hayden
,,,,298.0,https://www.inc.com/profile/domino-data-lab,Domino Data Lab,Software,San Francisco
,,,,299.0,https://www.inc.com/profile/lyfe-marketing,LYFE Marketing,Advertising & Marketing,Atlanta
,,,,300.0,https://www.inc.com/profile/alivi,Alivi,Health,doral
,,,,301.0,https://www.inc.com/profile/eetech-media,EETech Media,Media,Boise
,,,,302.0,https://www.inc.com/profile/gravis-law,Gravis Law,Consumer Products & Services,Richland
,,,,303.0,https://www.inc.com/profile/cousins-logistics,Cousins Logistics,Logistics & Transportation,Boca Raton
,,,,304.0,https://www.inc.com/profile/position2,Position2,Advertising & Marketing,Santa Clara
,,,,305.0,https://www.inc.com/profile/bentobox-cms,BentoBox CMS,Software,New York
,,,,306.0,https://www.inc.com/profile/symbol-health-solutions,Symbol Health Solutions,Health,Mobile
,,,,307.0,https://www.inc.com/profile/crisp-video-group,Crisp Video Group,Advertising & Marketing,Atlanta
,,,,308.0,https://www.inc.com/profile/sand-cloud,Sand Cloud,Retail,San Diego
,,,,309.0,https://www.inc.com/profile/wrapify,Wrapify,Advertising & Marketing,Solana Bech
,,,,310.0,https://www.inc.com/profile/iuvo-logistics,Iuvo Logistics,Logistics & Transportation,Dayton
,,,,311.0,https://www.inc.com/profile/group-10-capital,Group 10 Capital,Real Estate,Miami Beach
,,,,312.0,https://www.inc.com/profile/basemakers,Basemakers,Business Products & Services,Venice
,,,,313.0,https://www.inc.com/profile/tossware,Tossware,Consumer Products & Services,Fontana
,,,,314.0,https://www.inc.com/profile/360ia,360ia,Software,Lafayette
,,,,315.0,https://www.inc.com/profile/nextgen-leads,NextGen Leads,Advertising & Marketing,San Diego
,,,,316.0,https://www.inc.com/profile/coltoncooper,ColtonCooper,Logistics & Transportation,Denver
,,,,317.0,https://www.inc.com/profile/handle,HANDLE,Health,Prospect
,,,,318.0,https://www.inc.com/profile/bestself-ventures,BestSelf Ventures,Consumer Products & Services,Austin
,,,,319.0,https://www.inc.com/profile/tazkai,TazKai,Education,ALLEN
,,,,320.0,https://www.inc.com/profile/cumulus-networks,Cumulus Networks,Software,Mountain View
,,,,321.0,https://www.inc.com/profile/opploans,OppLoans,Financial Services,Chicago
,,,,322.0,https://www.inc.com/profile/common-thread-collective,Common Thread Collective,Advertising & Marketing,Newport Beach
,,,,323.0,https://www.inc.com/profile/cloudbeds,Cloudbeds,Software,San Diego
,,,,324.0,https://www.inc.com/profile/vested-metals-international,Vested Metals International,Manufacturing,Saint Augustine
,,,,325.0,https://www.inc.com/profile/platt-cheema-richmond-pllc,Platt Cheema Richmond,Real Estate,Dallas
,,,,326.0,https://www.inc.com/profile/revelry,Revelry,Retail,Austin
,,,,327.0,https://www.inc.com/profile/qos-networks,QOS Networks,IT Management,Irvine
,,,,328.0,https://www.inc.com/profile/koddi,Koddi,Software,Fort Worth
,,,,329.0,https://www.inc.com/profile/change-media-group,Change Media Group,Advertising & Marketing,Lansing
,,,,330.0,https://www.inc.com/profile/bldg-25,BLDG-25,Software,Raleigh
,,,,331.0,https://www.inc.com/profile/dropoff,Dropoff,Logistics & Transportation,Austin
,,,,332.0,https://www.inc.com/profile/modavate,Modavate,Advertising & Marketing,Buford
,,,,333.0,https://www.inc.com/profile/arcus-financial-intelligence,Arcus Financial Intelligence,Financial Services,New York
,,,,334.0,https://www.inc.com/profile/digital-resource,Digital Resource,Advertising & Marketing,West Palm Beach
,,,,335.0,https://www.inc.com/profile/girikon,Girikon,IT Management,Phoenix
,,,,336.0,https://www.inc.com/profile/liberty-rent-guarantee,Liberty Rent Guarantee,Real Estate,Fairhope
,,,,337.0,https://www.inc.com/profile/inflowlogistics,Inflowlogistics,Government Services,San Antonio
,,,,338.0,https://www.inc.com/profile/pymetrics,Pymetrics,Software,New York
,,,,339.0,https://www.inc.com/profile/madewell-construction,Madewell Construction,Construction,Lubbock
,,,,340.0,https://www.inc.com/profile/power-target,Power Target,Energy,Millersville
,,,,341.0,https://www.inc.com/profile/bidwise,Bidwise,Advertising & Marketing,San Juan
,,,,342.0,https://www.inc.com/profile/wavicle-data-solutions,Wavicle Data Solutions,IT System Development,Chicago
,,,,343.0,https://www.inc.com/profile/red-seat-ventures,Red Seat Ventures,Media,New York
,,,,344.0,https://www.inc.com/profile/recommerce,reCommerce,Advertising & Marketing,Deerfield Beach
,,,,345.0,https://www.inc.com/profile/design-pickle,Design Pickle,Business Products & Services,Scottsdale
,,,,346.0,https://www.inc.com/profile/hyperice,Hyperice,Consumer Products & Services,Irvine
,,,,347.0,https://www.inc.com/profile/synfiny-advisors,Synfiny Advisors,Business Products & Services,Cincinnati
,,,,348.0,https://www.inc.com/profile/mns1-express,MNS1 Express,Logistics & Transportation,Bolingbrook
,,,,349.0,https://www.inc.com/profile/tomboyx,TomboyX,Consumer Products & Services,Seattle
,,,,350.0,https://www.inc.com/profile/shoppad,ShopPad,Software,Oakland
,,,,351.0,https://www.inc.com/profile/carta,Carta,Financial Services,San Francisco
,,,,352.0,https://www.inc.com/profile/snacknation,SnackNation,Food & Beverage,Culver City
,,,,353.0,https://www.inc.com/profile/staffing-as-a-mission,Staffing as a Mission,Business Products & Services,Brentwood
,,,,354.0,https://www.inc.com/profile/azure-knowledge,Azure Knowledge,Business Products & Services,Piscataway
,,,,355.0,https://www.inc.com/profile/element78-partners,Element78 Partners,Financial Services,Oak Brook
,,,,356.0,https://www.inc.com/profile/invibe-labs,inVibe Labs,Business Products & Services,Costa Mesa
,,,,357.0,https://www.inc.com/profile/simplenexus,SimpleNexus,Software,Lehi
,,,,358.0,https://www.inc.com/profile/the-language-group,The Language Group,Business Products & Services,Virginia Beach
,,,,359.0,https://www.inc.com/profile/green-bits,Green Bits,Software,San Jose
,,,,360.0,https://www.inc.com/profile/m2m-in-motion,M2M In Motion,Software,Lombard
,,,,361.0,https://www.inc.com/profile/adficient,AdFicient,Advertising & Marketing,Saint Louis
,,,,362.0,https://www.inc.com/profile/raddish-kids,Raddish Kids,Consumer Products & Services,Redondo Beach
,,,,363.0,https://www.inc.com/profile/titan-mechanical,Titan Mechanical,Construction,manassas
,,,,364.0,https://www.inc.com/profile/nanamacs-clothing,NanaMacs Clothing,Retail,Post Falls
,,,,365.0,https://www.inc.com/profile/perimeter-security-partners,Perimeter Security Partners,Security,Brentwood
,,,,366.0,https://www.inc.com/profile/lync-logistics,LYNC Logistics,Logistics & Transportation,Chattanooga
,,,,367.0,https://www.inc.com/profile/cox-residential,Cox Residential,Construction,Carmel
,,,,368.0,https://www.inc.com/profile/stealth-iss-group,Stealth-ISS Group,IT Management,Arlington
,,,,369.0,https://www.inc.com/profile/seeq-corporation,Seeq Corporation,Software,Seattle
,,,,370.0,https://www.inc.com/profile/m7-services,M7 Services,IT Management,Houston
,,,,371.0,https://www.inc.com/profile/healthy-human,Healthy Human,Retail,Mt Pleasant
,,,,372.0,https://www.inc.com/profile/professional-hair-labs,Professional Hair Labs,Health,Zephyrhills
,,,,373.0,https://www.inc.com/profile/strategic-alliance-business-group,Strategic Alliance Business Group,Government Services,Arlington
,,,,374.0,https://www.inc.com/profile/Synup,Synup,IT Management,New York
,,,,375.0,https://www.inc.com/profile/first-stop-health,First Stop Health,Health,Chicago
,,,,376.0,https://www.inc.com/profile/boxycharm,BoxyCharm,Consumer Products & Services,Pembroke Pines
,,,,377.0,https://www.inc.com/profile/wearme-pro,WearMe Pro,Retail,Tempe
,,,,378.0,https://www.inc.com/profile/vidoori,Vidoori,IT Management,Silver Spring
,,,,379.0,https://www.inc.com/profile/stackify,Stackify,Software,Leawood
,,,,380.0,https://www.inc.com/profile/xy---the-persistent-company,XY - The Persistent Company,Software,San Diego
,,,,381.0,https://www.inc.com/profile/dental-intelligence,Dental Intelligence,Health,Pleasant Grove
,,,,382.0,https://www.inc.com/profile/powerinbox,PowerInbox,Software,New York
,,,,383.0,https://www.inc.com/profile/simpletire,SimpleTire,Retail,Trevose
,,,,384.0,https://www.inc.com/profile/creative-state-marketing,Creative State Marketing,Advertising & Marketing,Miami
,,,,385.0,https://www.inc.com/profile/urbanstems,UrbanStems,Consumer Products & Services,Washington
,,,,386.0,https://www.inc.com/profile/gcubed-enterprises,GCubed Enterprises,IT Management,Stafford
,,,,387.0,https://www.inc.com/profile/videoamp,VideoAmp,Advertising & Marketing,Los Angeles
,,,,388.0,https://www.inc.com/profile/sweetscience-marketing,SweetScience Marketing,Advertising & Marketing,King of Prussia
,,,,389.0,https://www.inc.com/profile/rentedcom,Rented.com,Travel & Hospitality,Atlanta
,,,,390.0,https://www.inc.com/profile/lakarya,Lakarya,IT System Development,Sterling
,,,,391.0,https://www.inc.com/profile/cosset,Cosset,Retail,South Salt Lake
,,,,392.0,https://www.inc.com/profile/tomahawk-strategic-solutions,Tomahawk Strategic Solutions,Security,Nashville
,,,,393.0,https://www.inc.com/profile/della-infotech,Della Infotech,IT Management,Hamilton
,,,,394.0,https://www.inc.com/profile/realvolve,Realvolve,Software,Greenwood Village
,,,,395.0,https://www.inc.com/profile/edvenswa-tech,Edvenswa Tech,Software,San Jose
,,,,396.0,https://www.inc.com/profile/upnest,UpNest,Real Estate,Burlingame
,,,,397.0,https://www.inc.com/profile/double-wood,Double Wood,Health,Philadelphia
,,,,398.0,https://www.inc.com/profile/van-law-firm,Van Law Firm,Consumer Products & Services,Las Vegas
,,,,399.0,https://www.inc.com/profile/mobile-text-alerts,Mobile Text Alerts,Software,Lincoln
,,,,400.0,https://www.inc.com/profile/apogee-stores,Apogee Stores,Retail,Chicago
,,,,401.0,https://www.inc.com/profile/new-credit-america,New Credit America,Financial Services,Portland
,,,,402.0,https://www.inc.com/profile/bore-tech-utilities,Bore Tech Utilities,Government Services,Miami
,,,,403.0,https://www.inc.com/profile/anna-marie-events,Anna Marie Events,Business Products & Services,San Francisco
,,,,404.0,https://www.inc.com/profile/pattern,Pattern,Advertising & Marketing,Lehi
,,,,405.0,https://www.inc.com/profile/advanced-operations-partners,Advanced Operations Partners,Business Products & Services,San Antonio
,,,,406.0,https://www.inc.com/profile/newline-interactive,Newline Interactive,Computer Hardware,Plano
,,,,407.0,https://www.inc.com/profile/grooveco,Groove.co,Software,San Francisco
,,,,408.0,https://www.inc.com/profile/g2,G2,Software,Chicago
,,,,409.0,https://www.inc.com/profile/lean-staffing-solutions,Lean Staffing Solutions,Human Resources,Coral Springs
,,,,410.0,https://www.inc.com/profile/vigene-biosciences,Vigene Biosciences,Health,Rockville
,,,,411.0,https://www.inc.com/profile/pitisci-associates,Pitisci & Associates,IT Management,Tampa
,,,,412.0,https://www.inc.com/profile/coupon-cause-com,CouponCause.com,Advertising & Marketing,Topanga
,,,,413.0,https://www.inc.com/profile/arrive-logistics,Arrive Logistics,Logistics & Transportation,Austin
,,,,414.0,https://www.inc.com/profile/integrity-cargo-solutions,Integrity Cargo Solutions,Logistics & Transportation,Cerritos
,,,,415.0,https://www.inc.com/profile/wireless-everywhere,Wireless Everywhere,Telecommunications,Washington
,,,,416.0,https://www.inc.com/profile/audienceX,AudienceX,Advertising & Marketing,Marina Del Rey
,,,,417.0,https://www.inc.com/profile/soci,SOCi,Advertising & Marketing,San Diego
,,,,418.0,https://www.inc.com/profile/advanced-architectural-products,Advanced Architectural Products,Construction,Allegan
,,,,419.0,https://www.inc.com/profile/proper-media,Proper Media,Advertising & Marketing,San Diego
,,,,420.0,https://www.inc.com/profile/dispatch-technologies,Dispatch Technologies,Business Products & Services,Boston
,,,,421.0,https://www.inc.com/profile/kisi-security,Kisi Security,Security,Brooklyn
,,,,422.0,https://www.inc.com/profile/bridgetech,BridgeTech,IT Management,Portland
,,,,423.0,https://www.inc.com/profile/boomerang-transportation,Boomerang Transportation,Logistics & Transportation,Tampa
,,,,424.0,https://www.inc.com/profile/em-technologies,E&M Technologies,Government Services,Reston
,,,,425.0,https://www.inc.com/profile/advertise-purple,Advertise Purple,Advertising & Marketing,Santa Monica
,,,,426.0,https://www.inc.com/profile/spike-brewing-equipment,Spike Brewing Equipment,Manufacturing,Milwaukee
,,,,427.0,https://www.inc.com/profile/pathway-vet-alliance,Pathway Vet Alliance,Health,Austin
,,,,428.0,https://www.inc.com/profile/baileys-blossoms,Bailey's Blossoms,Retail,AURORA
,,,,429.0,https://www.inc.com/profile/simple-technology-solutions,Simple Technology Solutions,IT System Development,Washington
,,,,430.0,https://www.inc.com/profile/skyrun-breckenridge,SkyRun Breckenridge,Travel & Hospitality,Breckenridge
,,,,431.0,https://www.inc.com/profile/clean-juice,Clean Juice,Retail,Charlotte
,,,,432.0,https://www.inc.com/profile/ingenius-prep,InGenius Prep,Education,New Haven
,,,,433.0,https://www.inc.com/profile/aysco-technology-integration,Aysco Technology Integration,Security,kent
,,,,434.0,https://www.inc.com/profile/kenna-security,Kenna Security,Security,San Francisco
,,,,435.0,https://www.inc.com/profile/carlotz,CarLotz,Retail,Richmond
,,,,436.0,https://www.inc.com/profile/assured-consulting-solutions,Assured Consulting Solutions,IT Management,Reston
,,,,437.0,https://www.inc.com/profile/the-garrett-companies,The Garrett Companies,Real Estate,Greenwood
,,,,438.0,https://www.inc.com/profile/era-transport,Era Transport,Logistics & Transportation,Chicago
,,,,439.0,https://www.inc.com/profile/m-communications,M-Communications,Telecommunications,Evans
,,,,440.0,https://www.inc.com/profile/clickfunnels,ClickFunnels,Software,Eagle
,,,,441.0,https://www.inc.com/profile/bcm-london,BCM London,Construction,Kennesaw
,,,,442.0,https://www.inc.com/profile/uptime,Uptime,Food & Beverage,Van Nuys
,,,,443.0,https://www.inc.com/profile/competitive-range-solutions,Competitive Range Solutions,IT Management,Alton
,,,,444.0,https://www.inc.com/profile/real-broker,Real Broker,Real Estate,New York
,,,,445.0,https://www.inc.com/profile/buhler-commercial,Buhler Commercial,Construction,San Francisco
,,,,446.0,https://www.inc.com/profile/trailhead-marketing,Trailhead Marketing,Advertising & Marketing,Portland
,,,,447.0,https://www.inc.com/profile/factor-75,Factor 75,Food & Beverage,Batavia
,,,,448.0,https://www.inc.com/profile/algolia,Algolia,Software,San Francisco
,,,,449.0,https://www.inc.com/profile/midway-dental-supply,Midway Dental Supply,Health,Livonia
,,,,450.0,https://www.inc.com/profile/eaudit,eAudit,Logistics & Transportation,Emerald Isle
,,,,451.0,https://www.inc.com/profile/panagora-group,Panagora Group,Government Services,Silver Spring
,,,,452.0,https://www.inc.com/profile/mci-lc,MCI,Business Products & Services,Iowa City
,,,,453.0,https://www.inc.com/profile/abrams-realty,Abrams Realty,Real Estate,Virginia Beach
,,,,454.0,https://www.inc.com/profile/pelican-waste-debris,Pelican Waste & Debris,Environmental Services,Please Select
,,,,455.0,https://www.inc.com/profile/gametime,Gametime,Consumer Products & Services,San Francisco
,,,,456.0,https://www.inc.com/profile/morning-lavender,Morning Lavender,Retail,Tustin
,,,,457.0,https://www.inc.com/profile/keypath-education,Keypath Education,Education,Schaumberg
,,,,458.0,https://www.inc.com/profile/thigo-international,Thigo International,Retail,SAN GABRIEL
,,,,459.0,https://www.inc.com/profile/saved-by-the-dress,Saved By The Dress,Retail,Miami
,,,,460.0,https://www.inc.com/profile/starc-systems,Starc Systems,Manufacturing,Brunswick
,,,,461.0,https://www.inc.com/profile/angel-heart-boutique,Angel Heart Boutique,Retail,Edmond
,,,,462.0,https://www.inc.com/profile/arm-consulting,ARM Consulting,Government Services,Leesburg
,,,,463.0,https://www.inc.com/profile/chacka-marketing,Chacka Marketing,Advertising & Marketing,Tampa
,,,,464.0,https://www.inc.com/profile/maplemark-bank,MapleMark Bank,Financial Services,Dallas
,,,,465.0,https://www.inc.com/profile/vonlane,Vonlane,Logistics & Transportation,Dallas
,,,,466.0,https://www.inc.com/profile/prosper-group,Prosper Group,Advertising & Marketing,Indianapolis
,,,,467.0,https://www.inc.com/profile/point3-security,Point3 Security,Security,Perry Hall
,,,,468.0,https://www.inc.com/profile/directive,Directive,Advertising & Marketing,Irvine
,,,,469.0,https://www.inc.com/profile/alkami-technology,Alkami Technology,Software,Plano
,,,,470.0,https://www.inc.com/profile/quickbox-fulfillment,QuickBox Fulfillment,Logistics & Transportation,Denver
,,,,471.0,https://www.inc.com/profile/sandsrx,SandsRx,Health,Wylie
,,,,472.0,https://www.inc.com/profile/the-building-people,The Building People,Real Estate,LEESBURG
,,,,473.0,https://www.inc.com/profile/the-snapbar,The SnapBar,Business Products & Services,Gig Harbor
,,,,474.0,https://www.inc.com/profile/fitsmallbusinesscom,FitSmallBusiness.com,Advertising & Marketing,New York
,,,,475.0,https://www.inc.com/profile/powerful-professionals,Powerful Professionals,Business Products & Services,Alpharetta
,,,,476.0,https://www.inc.com/profile/probo-medical,Probo Medical,Business Products & Services,Fishers
,,,,477.0,https://www.inc.com/profile/spotio,Spotio,Software,Dallas
,,,,478.0,https://www.inc.com/profile/prime-meridian-capital-management,Prime Meridian Capital Management,Financial Services,Walnut Creek
,,,,479.0,https://www.inc.com/profile/fox-dealer,Fox Dealer,Advertising & Marketing,Pasadena
,,,,480.0,https://www.inc.com/profile/kubikware,Kubikware,Software,Aventura
,,,,481.0,https://www.inc.com/profile/rocket-referrals,Rocket Referrals,Software,Des Moines
,,,,482.0,https://www.inc.com/profile/bonusly,Bonusly,Software,Boulder
,,,,483.0,https://www.inc.com/profile/trident-transport,Trident Transport,Logistics & Transportation,Chattanooga
,,,,484.0,https://www.inc.com/profile/the-fila-group,The Fila Group,Government Services,Arlington
,,,,485.0,https://www.inc.com/profile/seamans-beverage-and-logistics,Seaman's Beverage and Logistics,Food & Beverage,Belleville
,,,,486.0,https://www.inc.com/profile/servicetitan,ServiceTitan,Software,Glendale
,,,,487.0,https://www.inc.com/profile/bluewave-solar,BlueWave Solar,Energy,Boston
,,,,488.0,https://www.inc.com/profile/resource-financial,Resource Financial,Financial Services,Columbia
,,,,489.0,https://www.inc.com/profile/saprex,Saprex,Manufacturing,Gastonia
,,,,490.0,https://www.inc.com/profile/simple-energy,Simple Energy,Energy,Boulder
,,,,491.0,https://www.inc.com/profile/new-energy-equity,New Energy Equity,Energy,Annapolis
,,,,492.0,https://www.inc.com/profile/vedder-holsters,Vedder Holsters,Retail,Mount Dora
,,,,493.0,https://www.inc.com/profile/flowater,FloWater,Food & Beverage,Denver
,,,,494.0,https://www.inc.com/profile/vaughan-buckley-construction,Vaughan Buckley Construction,Construction,Philadelphia
,,,,495.0,https://www.inc.com/profile/acacia-counseling-wellness,Acacia Counseling & Wellness,Health,Goleta
,,,,496.0,https://www.inc.com/profile/every-door-real-estate,Every Door Real Estate,Real Estate,Seattle
,,,,497.0,https://www.inc.com/profile/thought-logic-consulting,Thought Logic Consulting,Business Products & Services,Atlanta
,,,,498.0,https://www.inc.com/profile/pbg-consulting,PBG Consulting,IT Management,Mclean
,,,,499.0,https://www.inc.com/profile/sarvicus,Sarvicus,Telecommunications,Houston
,,,,500.0,https://www.inc.com/profile/universal-processing,Universal Processing,Financial Services,New York
,,,,501.0,https://www.inc.com/profile/the-apella-group,The Apella Group,Telecommunications,Plymouth Meeting
,,,,502.0,https://www.inc.com/profile/lemonaid-health,Lemonaid Health,Health,San Francisco
,,,,503.0,https://www.inc.com/profile/coulee-techlink,Coulee Techlink,Software,HOLMEN
,,,,504.0,https://www.inc.com/profile/transform-group,Transform Group,Advertising & Marketing,San Juan
,,,,505.0,https://www.inc.com/profile/jp-ecommerce,JP Ecommerce,Retail,Blaine
,,,,506.0,https://www.inc.com/profile/hardcore-fitness-boot-camp,Hardcore Fitness Boot Camp,Health,Santa Clarita
,,,,507.0,https://www.inc.com/profile/cellhelmet,cellhelmet,Manufacturing,Sewickley
,,,,508.0,https://www.inc.com/profile/conga,Conga,IT System Development,Westminster
,,,,509.0,https://www.inc.com/profile/blast-tech,Blast Tech,Manufacturing,Brossard
,,,,510.0,https://www.inc.com/profile/loanpaymentpro,LoanPaymentPro,Business Products & Services,Bloomingdale
,,,,511.0,https://www.inc.com/profile/admera-health,Admera Health,Health,South Plainfield
,,,,512.0,https://www.inc.com/profile/professional-realty-services-international,Professional Realty Services International,Real Estate,Spokane
,,,,513.0,https://www.inc.com/profile/social-sparkling-wine,Social Sparkling Wine,Consumer Products & Services,Chicago
,,,,514.0,https://www.inc.com/profile/ticketsaucecom,TicketSauce.com,Software,San Diego
,,,,515.0,https://www.inc.com/profile/prosource360-consulting-services,ProSource360 Consulting Services,Government Services,Washington
,,,,516.0,https://www.inc.com/profile/spinnaker-consulting-group,Spinnaker Consulting Group,Business Products & Services,Richmond
,,,,517.0,https://www.inc.com/profile/maxx-builders-and-designers,Maxx Builders and Designers,Construction,Stafford
,,,,518.0,https://www.inc.com/profile/vape-guys,Vape Guys,Consumer Products & Services,COLONIAL HEIGHTS
,,,,519.0,https://www.inc.com/profile/y-tech,Y-Tech,Government Services,Annapolis Junction
,,,,520.0,https://www.inc.com/profile/silver-trucking,Silver Trucking,Logistics & Transportation,ST LOUIS
,,,,521.0,https://www.inc.com/profile/linux-academy,Linux Academy,Education,Keller
,,,,522.0,https://www.inc.com/profile/spartan-armor-systems,Spartan Armor Systems,Manufacturing,Tucson
,,,,523.0,https://www.inc.com/profile/mainsail-group,Mainsail Group,Government Services,Bedford
,,,,524.0,https://www.inc.com/profile/baybridge-pharmacy-corp,Baybridge Pharmacy Corp,Health,Bayside
,,,,525.0,https://www.inc.com/profile/quantico-tactical,Quantico Tactical,Government Services,Aberdeen
,,,,526.0,https://www.inc.com/profile/knewsales-group,Knewsales Group,Advertising & Marketing,New York
,,,,527.0,https://www.inc.com/profile/beauty-bakerie-cosmetics-brand,Beauty Bakerie Cosmetics Brand,Consumer Products & Services,San Diego
,,,,528.0,https://www.inc.com/profile/two-bulls,Two Bulls,Software,Brooklyn
,,,,529.0,https://www.inc.com/profile/nickel-suede,Nickel & Suede,Consumer Products & Services,Liberty
,,,,530.0,https://www.inc.com/profile/teknismart-solutions,Teknismart Solutions,IT System Development,Plano
,,,,531.0,https://www.inc.com/profile/sprout-school-supplies,Sprout School Supplies,Retail,Colonial Beach
,,,,532.0,https://www.inc.com/profile/kuli-kuli-foods,Kuli Kuli Foods,Food & Beverage,Oakland
,,,,533.0,https://www.inc.com/profile/lifehealth,LifeHealth,Health,Littleton
,,,,534.0,https://www.inc.com/profile/peaxy,Peaxy,Software,San Jose
,,,,535.0,https://www.inc.com/profile/private-label-extensions,Private Label Extensions,Consumer Products & Services,Atlanta
,,,,536.0,https://www.inc.com/profile/retail-service-systems,Retail Service Systems,Business Products & Services,Dublin
,,,,537.0,https://www.inc.com/profile/icon-building-supplies,Icon Building Supplies,Logistics & Transportation,Poway
,,,,538.0,https://www.inc.com/profile/prime-technical-services,Prime Technical Services,Government Services,Atlanta
,,,,539.0,https://www.inc.com/profile/hyper-networks,Hyper Networks,IT Management,Henderson
,,,,540.0,https://www.inc.com/profile/out-of-the-box-technology,Out of the Box Technology,Business Products & Services,Tigard
,,,,541.0,https://www.inc.com/profile/aldevra,Aldevra,Government Services,PORTAGE
,,,,542.0,https://www.inc.com/profile/native-digital,Native Digital,Advertising & Marketing,Kansas City
,,,,543.0,https://www.inc.com/profile/karya-property-management,Karya Property Management,Real Estate,Houston
,,,,544.0,https://www.inc.com/profile/full-circle-brands,Full Circle Brands,Consumer Products & Services,New York
,,,,545.0,https://www.inc.com/profile/harbor-compliance,Harbor Compliance,Software,Lancaster
,,,,546.0,https://www.inc.com/profile/ledmyplacecom,LEDMyplace.com,Energy,Louisville
,,,,547.0,https://www.inc.com/profile/nexgistics,NEXgistics,Logistics & Transportation,Buffalo
,,,,548.0,https://www.inc.com/profile/concourse-federal-group,Concourse Federal Group,Government Services,Washington
,,,,549.0,https://www.inc.com/profile/elite-insurance-partners,Elite Insurance Partners,Insurance,Clearwater
,,,,550.0,https://www.inc.com/profile/sbga,SBGA,Business Products & Services,Henderson
,,,,551.0,https://www.inc.com/profile/pentwater-furnishing,Pentwater Furnishing,Construction,Lombard
,,,,552.0,https://www.inc.com/profile/bayinfotech,BayInfotech,Software,Dublin
,,,,553.0,https://www.inc.com/profile/xy-planning-network,XY Planning Network,Financial Services,Bozeman
,,,,554.0,https://www.inc.com/profile/gymguyz,Gymguyz,Consumer Products & Services,Plainview
,,,,555.0,https://www.inc.com/profile/steward-construction-services,Steward Construction Services,Construction,Columbus
,,,,556.0,https://www.inc.com/profile/fusion,Fusion,Government Services,Woodbridge
,,,,557.0,https://www.inc.com/profile/positivepsychebiz-corp,PositivePsyche.Biz Corp,IT Management,Baltimore
,,,,558.0,https://www.inc.com/profile/gridgain-systems,GridGain Systems,Software,Foster City
,,,,559.0,https://www.inc.com/profile/levvel,Levvel,IT System Development,Charlotte
,,,,560.0,https://www.inc.com/profile/employdrive,Employdrive,Business Products & Services,Glen Allen
,,,,561.0,https://www.inc.com/profile/bairesdev,BairesDev,IT System Development,Campbell
,,,,562.0,https://www.inc.com/profile/triplelift,TripleLift,Advertising & Marketing,New York
,,,,563.0,https://www.inc.com/profile/digital-hyve,Digital Hyve,Advertising & Marketing,Syracuse
,,,,564.0,https://www.inc.com/profile/printful,Printful,Consumer Products & Services,Charlotte
,,,,565.0,https://www.inc.com/profile/ashley-black-guru,Ashley Black Guru,Consumer Products & Services,Pearland
,,,,566.0,https://www.inc.com/profile/phoenix-operations-group,Phoenix Operations Group,Government Services,Woodbine
,,,,567.0,https://www.inc.com/profile/talk-iq-media,Talk IQ Media,Advertising & Marketing,Nesconset
,,,,568.0,https://www.inc.com/profile/governmentcio,GovernmentCIO,Government Services,Washington
,,,,569.0,https://www.inc.com/profile/draken-international,Draken International,Government Services,Lakeland
,,,,570.0,https://www.inc.com/profile/tierra-encantada,Tierra Encantada,Education,Minneapolis
,,,,571.0,https://www.inc.com/profile/the-digital-ring,The Digital Ring,Advertising & Marketing,Madison
,,,,572.0,https://www.inc.com/profile/fnex,FNEX,Business Products & Services,Indianapolis
,,,,573.0,https://www.inc.com/profile/elite-transit-solutions,Elite Transit Solutions,Logistics & Transportation,Pittsburgh
,,,,574.0,https://www.inc.com/profile/nexus-pharmaceuticals,Nexus Pharmaceuticals,Health,Lincolnshire
,,,,575.0,https://www.inc.com/profile/dynamo-technologies,Dynamo Technologies,Government Services,Mclean
,,,,576.0,https://www.inc.com/profile/dignari,Dignari,Government Services,Alexandria
,,,,577.0,https://www.inc.com/profile/all-pro-electric,All-Pro Electric,Construction,Haverhill
,,,,578.0,https://www.inc.com/profile/alphacore,Alphacore,Computer Hardware,Tempe
,,,,579.0,https://www.inc.com/profile/breakthrough-physical-therapy-marketing,Breakthrough Physical Therapy Marketing,Advertising & Marketing,Jackson
,,,,580.0,https://www.inc.com/profile/kingsview-partners,Kingsview Partners,Financial Services,Grants Pass
,,,,581.0,https://www.inc.com/profile/globalpro-recovery,GlobalPro Recovery,Insurance,Coral Gables
,,,,582.0,https://www.inc.com/profile/freealliancecom,FreeAlliance.com,Government Services,Leesburg
,,,,583.0,https://www.inc.com/profile/healthcarecom,HealthCare.com,Insurance,Miami
,,,,584.0,https://www.inc.com/profile/ansley-operating-holding-company,Ansley Operating Holding Company,Real Estate,Atlanta
,,,,585.0,https://www.inc.com/profile/blue-marble-payroll,Blue Marble Payroll,Human Resources,Skokie
,,,,586.0,https://www.inc.com/profile/green-powered-technology,Green Powered Technology,Engineering,Arlington
,,,,587.0,https://www.inc.com/profile/conversion-logix,Conversion Logix,Advertising & Marketing,Bothell
,,,,588.0,https://www.inc.com/profile/jay-morrison-academy,Jay Morrison Academy,Education,Atlanta
,,,,589.0,https://www.inc.com/profile/anson-belt,Anson Belt,Consumer Products & Services,North Myrtle Beach
,,,,590.0,https://www.inc.com/profile/braeden-engineering,Braeden Engineering,Engineering,Houston
,,,,591.0,https://www.inc.com/profile/social-fulcrum,Social Fulcrum,Advertising & Marketing,Boston
,,,,592.0,https://www.inc.com/profile/trinity-technology-partners,Trinity Technology Partners,Government Services,Greenbelt
,,,,593.0,https://www.inc.com/profile/vetnique-pet-products,Vetnique Pet Products,Retail,NAPERVILLE
,,,,594.0,https://www.inc.com/profile/JBK-Wellness-Labs,JBK Wellness Labs,Manufacturing,San Diego
,,,,595.0,https://www.inc.com/profile/cloudit,cloudIT,IT Management,Phoenix
,,,,596.0,https://www.inc.com/profile/the-shredder-medshred,The Shredder + MedShred,Business Products & Services,Des Moines
,,,,597.0,https://www.inc.com/profile/tranont,Tranont,Consumer Products & Services,Lehi
,,,,598.0,https://www.inc.com/profile/nyla-technology-solutions,Nyla Technology Solutions,Government Services,Baltimore
,,,,599.0,https://www.inc.com/profile/azazie,Azazie,Retail,San Jose
,,,,600.0,https://www.inc.com/profile/vuesol-technologies,Vuesol Technologies,IT Management,Alpharetta
,,,,601.0,https://www.inc.com/profile/black-spectacles,Black Spectacles,Education,Chicago
,,,,602.0,https://www.inc.com/profile/tractleads,Tractleads,Advertising & Marketing,Rochester
,,,,603.0,https://www.inc.com/profile/healthflex-home-health-services,HealthFlex Home Health Services,Health,Oakland
,,,,604.0,https://www.inc.com/profile/fieldwork-brewing-company,Fieldwork Brewing Company,Food & Beverage,Berkeley
,,,,605.0,https://www.inc.com/profile/chewy,Chewy,Retail,Dania Beach
,,,,606.0,https://www.inc.com/profile/chloeta,Chloeta,Government Services,Midwest City
,,,,607.0,https://www.inc.com/profile/enshored,Enshored,Business Products & Services,Long Beach
,,,,608.0,https://www.inc.com/profile/ingrain-construction,Ingrain Construction,Construction,Lancaster
,,,,609.0,https://www.inc.com/profile/edupresent,eduPresent,Software,Loveland
,,,,610.0,https://www.inc.com/profile/sendlane,Sendlane,Software,San Diego
,,,,611.0,https://www.inc.com/profile/simply-nutrition,Simply Nutrition,Retail,Rockville
,,,,612.0,https://www.inc.com/profile/mobichord,MobiChord,Software,Sandy
,,,,613.0,https://www.inc.com/profile/interim-healthcare,Interim HealthCare,Health,Salt Lake City
,,,,614.0,https://www.inc.com/profile/fundera,Fundera,Financial Services,New York
,,,,615.0,https://www.inc.com/profile/advisorycloud,AdvisoryCloud,Business Products & Services,Novato
,,,,616.0,https://www.inc.com/profile/merchology,Merchology,Business Products & Services,Minnetonka
,,,,617.0,https://www.inc.com/profile/cintel,Cintel,Government Services,Huntsville
,,,,618.0,https://www.inc.com/profile/fletcher-construction,Fletcher Construction,Construction,Stafford
,,,,619.0,https://www.inc.com/profile/techanax,TechAnax,Government Services,Woodbridge
,,,,620.0,https://www.inc.com/profile/green-street-power-partners,Green Street Power Partners,Energy,Stamford
,,,,621.0,https://www.inc.com/profile/evergreen-market,Evergreen Market,Retail,Renton
,,,,622.0,https://www.inc.com/profile/mohawk-group-holdings,Mohawk Group Holdings,Consumer Products & Services,New York
,,,,623.0,https://www.inc.com/profile/nav,Nav,Financial Services,Draper
,,,,624.0,https://www.inc.com/profile/erp-global,ERP Global,IT System Development,troy
,,,,625.0,https://www.inc.com/profile/saligram-systems,Saligram Systems,IT Management,Plainsboro
,,,,626.0,https://www.inc.com/profile/smart-roofs-solar,Smart Roofs Solar,Energy,Newtown
,,,,627.0,https://www.inc.com/profile/bos-security,BOS Security,Security,athens
,,,,628.0,https://www.inc.com/profile/bustle-digital-group,Bustle Digital Group,Media,New York
,,,,629.0,https://www.inc.com/profile/alchemy-365,Alchemy 365,Consumer Products & Services,Minneapolis
,,,,630.0,https://www.inc.com/profile/wheelhouse-solutions,WheelHouse Solutions,IT Management,St. Charles
,,,,631.0,https://www.inc.com/profile/pearson-smith-realty-l-l-c,Pearson Smith Realty,Real Estate,Ashburn
,,,,632.0,https://www.inc.com/profile/zennify,Zennify,Business Products & Services,Meridian
,,,,633.0,https://www.inc.com/profile/5q-partners,5Q Partners,IT Management,Peachtree Corners
,,,,634.0,https://www.inc.com/profile/vcheck-global,Vcheck Global,Business Products & Services,Los Angeles
,,,,635.0,https://www.inc.com/profile/zolli-candy,Zolli Candy,Food & Beverage,Commerce Twp
,,,,636.0,https://www.inc.com/profile/innowave-marketing-group,Innowave Marketing Group,Business Products & Services,Burlingame
,,,,637.0,https://www.inc.com/profile/cmr-construction-roofing,CMR Construction & Roofing,Construction,Haltom City
,,,,638.0,https://www.inc.com/profile/strategic-digital-services,Strategic Digital Services,Advertising & Marketing,Tallahassee
,,,,639.0,https://www.inc.com/profile/kettlebell-kings,Kettlebell Kings,Retail,Austin
,,,,640.0,https://www.inc.com/profile/rebbl,Rebbl,Food & Beverage,Emeryville
,,,,641.0,https://www.inc.com/profile/thinx,Thinx,Retail,New York
,,,,642.0,https://www.inc.com/profile/bottlekeeper,BottleKeeper,Retail,El Segundo
,,,,643.0,https://www.inc.com/profile/standard-freight,Standard Freight,Logistics & Transportation,Tomball
,,,,644.0,https://www.inc.com/profile/bmnt-partners,BMNT Partners,Business Products & Services,Palo Alto
,,,,645.0,https://www.inc.com/profile/driftless-glen-distillery,Driftless Glen Distillery,Food & Beverage,Baraboo
,,,,646.0,https://www.inc.com/profile/custompictureframescom,CustomPictureFrames.com,Consumer Products & Services,South River
,,,,647.0,https://www.inc.com/profile/agillitics,Agillitics,Logistics & Transportation,Atlanta
,,,,648.0,https://www.inc.com/profile/nivid-infotech,Nivid Infotech,Telecommunications,Sterling
,,,,649.0,https://www.inc.com/profile/urbanbcn-worldwide,UrbanBCN Worldwide,Travel & Hospitality,South San Francisco
,,,,650.0,https://www.inc.com/profile/maggie-louise-confections,Maggie Louise Confections,Food & Beverage,Austin
,,,,651.0,https://www.inc.com/profile/willys,Willy's,Food & Beverage,Swanton
,,,,652.0,https://www.inc.com/profile/quicksilver-scientific,Quicksilver Scientific,Health,Lafayette
,,,,653.0,https://www.inc.com/profile/directional-services,Directional Services,Energy,Hope Mills
,,,,654.0,https://www.inc.com/profile/nexustek,NexusTek,IT Management,Greenwood Village
,,,,655.0,https://www.inc.com/profile/nativepath,NativePath,Health,Sonoma
,,,,656.0,https://www.inc.com/profile/eagle-pipe,Eagle Pipe,Energy,Houston
,,,,657.0,https://www.inc.com/profile/o9-solutions,o9 Solutions,Software,Dallas
,,,,658.0,https://www.inc.com/profile/sh-mechanical,SH Mechanical,Construction,Suisun City
,,,,659.0,https://www.inc.com/profile/geistm,GeistM,Advertising & Marketing,New York
,,,,660.0,https://www.inc.com/profile/coherent-staffing-solutions,Coherent Staffing Solutions,Human Resources,Orlando
,,,,661.0,https://www.inc.com/profile/grandview-aviation,GrandView Aviation,Logistics & Transportation,Middle River
,,,,662.0,https://www.inc.com/profile/ctw-group,CTW Group,Real Estate,Minneapolis
,,,,663.0,https://www.inc.com/profile/orc-utility-infrastructure-land-services,ORC Utility & Infrastructure Land Services,Real Estate,Charlotte
,,,,664.0,https://www.inc.com/profile/satelles,Satelles,Security,Herndon
,,,,665.0,https://www.inc.com/profile/apex-dental-partners,Apex Dental Partners,Health,Dallas
,,,,666.0,https://www.inc.com/profile/onestream-software,OneStream Software,Software,Rochester
,,,,667.0,https://www.inc.com/profile/national-insurance-consulting-group,National Insurance Consulting Group,Insurance,Fort Lauderdale
,,,,668.0,https://www.inc.com/profile/solvegy,Solvegy,IT Management,Dallas
,,,,669.0,https://www.inc.com/profile/spruce-infotech,Spruce InfoTech,IT Management,Exton
,,,,670.0,https://www.inc.com/profile/smart-city-locating,Smart City Locating,Real Estate,Dallas
,,,,671.0,https://www.inc.com/profile/the-cabana-group,The Cabana Group,Financial Services,Fayetteville
,,,,672.0,https://www.inc.com/profile/ideal-concepts,Ideal Concepts,Insurance,Allentown
,,,,673.0,https://www.inc.com/profile/vividcortex,VividCortex,Software,Charlottesville
,,,,674.0,https://www.inc.com/profile/green-threads,Green Threads,IT System Development,Rockville
,,,,675.0,https://www.inc.com/profile/c-evans-consulting,C Evans Consulting,Human Resources,Reston
,,,,676.0,https://www.inc.com/profile/village-realty,Village Realty,Real Estate,Atlanta
,,,,677.0,https://www.inc.com/profile/be-social,Be Social,Advertising & Marketing,Los Angeles
,,,,678.0,https://www.inc.com/profile/incorporate-massage,Incorporate Massage,Business Products & Services,South Jordan
,,,,679.0,https://www.inc.com/profile/shr-consulting-group,SHR Consulting Group,IT System Development,Springfield
,,,,680.0,https://www.inc.com/profile/insticator,Insticator,Advertising & Marketing,New York
,,,,681.0,https://www.inc.com/profile/ardent-pest-control,Ardent Pest Control,Consumer Products & Services,highland
,,,,682.0,https://www.inc.com/profile/relief-factor,Relief Factor,Retail,Kirkland
,,,,683.0,https://www.inc.com/profile/aura-financial-corporation,Aura Financial Corporation,Financial Services,San Francisco
,,,,684.0,https://www.inc.com/profile/emerald-pools-and-spas,Emerald Pools and Spas,Consumer Products & Services,Phoenix
,,,,685.0,https://www.inc.com/profile/vydia,Vydia,Media,Holmdel
,,,,686.0,https://www.inc.com/profile/emergent-method,Emergent Method,Business Products & Services,Baton Rouge
,,,,687.0,https://www.inc.com/profile/mbco-engineering,MBCO Engineering.,Engineering,Houston
,,,,688.0,https://www.inc.com/profile/concealfab-corporation,ConcealFab Corporation,Telecommunications,Colorado Springs
,,,,689.0,https://www.inc.com/profile/capstone-technologies,CapStone Technologies,Business Products & Services,Lincoln
,,,,690.0,https://www.inc.com/profile/evolution-event-solutions,Evolution Event Solutions,Travel & Hospitality,Nashville
,,,,691.0,https://www.inc.com/profile/patient-care-coordination,Patient Care Coordination,Health,Philadelphia
,,,,692.0,https://www.inc.com/profile/sun-mountain,Sun Mountain,Engineering,Walnut Creek
,,,,693.0,https://www.inc.com/profile/chromebookpartscom,ChromebookParts.com,Computer Hardware,Minneapolis
,,,,694.0,https://www.inc.com/profile/ad-victoriam-solutions,Ad Victoriam Solutions,Business Products & Services,Alpharetta
,,,,695.0,https://www.inc.com/profile/acliviti,Acliviti,Telecommunications,Chicago
,,,,696.0,https://www.inc.com/profile/talent-solvers,Talent Solvers,Human Resources,Lakewood
,,,,697.0,https://www.inc.com/profile/retention-science-resci,Retention Science (ReSci),Software,Santa Monica
,,,,698.0,https://www.inc.com/profile/hotel-rehabs,Hotel Rehabs,Construction,Chicago
,,,,699.0,https://www.inc.com/profile/ibotta,Ibotta,Consumer Products & Services,Denver
,,,,700.0,https://www.inc.com/profile/foundation-software-group,Foundation Software Group,Software,Evergreen
,,,,701.0,https://www.inc.com/profile/cansource,CanSource,Food & Beverage,Longmont
,,,,702.0,https://www.inc.com/profile/medtrust-medical-transport,MedTrust Medical Transport,Health,Hanahan
,,,,703.0,https://www.inc.com/profile/123-home-care,123 Home Care,Health,Los Angeles
,,,,704.0,https://www.inc.com/profile/sparkorange,Spark.Orange,Business Products & Services,Syracuse
,,,,705.0,https://www.inc.com/profile/leaseaccelerator,LeaseAccelerator,Financial Services,Reston
,,,,706.0,https://www.inc.com/profile/zoom-video-communications,Zoom Video Communications,Software,San Jose
,,,,707.0,https://www.inc.com/profile/xcaliber-solutions,Xcaliber Solutions,Business Products & Services,Silverado
,,,,708.0,https://www.inc.com/profile/piano,Piano,Software,New York
,,,,709.0,https://www.inc.com/profile/prespro-homes,PresPro Homes,Construction,Harrisburg
,,,,710.0,https://www.inc.com/profile/kruze-consulting,Kruze Consulting,Financial Services,San Francisco
,,,,711.0,https://www.inc.com/profile/the-auto-cave,The Auto Cave,Retail,Addison
,,,,712.0,https://www.inc.com/profile/funworks,Funworks,Advertising & Marketing,Oakland
,,,,713.0,https://www.inc.com/profile/sevan-multi-site-solutions,Sevan Multi-Site Solutions,Construction,Downers Grove
,,,,714.0,https://www.inc.com/profile/qubole,Qubole,IT System Development,Santa Clara
,,,,715.0,https://www.inc.com/profile/gather-workspaces,Gather Workspaces,Business Products & Services,Richmond
,,,,716.0,https://www.inc.com/profile/ohio-cashflow,Ohio Cashflow,Real Estate,TOLEDO
,,,,717.0,https://www.inc.com/profile/vsa,VSA,Business Products & Services,Haddonfield
,,,,718.0,https://www.inc.com/profile/stadiumred-group,Stadiumred Group,Advertising & Marketing,New York
,,,,719.0,https://www.inc.com/profile/acuity-surgical,Acuity Surgical,Health,Irving
,,,,720.0,https://www.inc.com/profile/evans-industrial,Evans Industrial,Construction,IRVINE
,,,,721.0,https://www.inc.com/profile/mi-one-brands,Mi-One Brands,Consumer Products & Services,Phoenix
,,,,722.0,https://www.inc.com/profile/gather,Gather,Software,Atlanta
,,,,723.0,https://www.inc.com/profile/option-alpha,Option Alpha,Software,Coral Gables
,,,,724.0,https://www.inc.com/profile/fp-property-restoration,FP Property Restoration,Construction,Fort Myers
,,,,725.0,https://www.inc.com/profile/y7-studio,Y7 Studio,Consumer Products & Services,New York
,,,,726.0,https://www.inc.com/profile/empire-flippers,Empire Flippers,Business Products & Services,Wilmington
,,,,727.0,https://www.inc.com/profile/crossflow-technologies,Crossflow Technologies,Engineering,Huntsville
,,,,728.0,https://www.inc.com/profile/transworld-business-advisors---rocky-mountain,Transworld Business Advisors - Rocky Mountain,Financial Services,Lakewood
,,,,729.0,https://www.inc.com/profile/steward-partners-global-advisory,Steward Partners Global Advisory,Financial Services,"Washington, D.C."
,,,,730.0,https://www.inc.com/profile/appsflyer,AppsFlyer,Software,San Francisco
,,,,731.0,https://www.inc.com/profile/ruby-has-fulfillment,Ruby Has Fulfillment,Logistics & Transportation,Bay Shore
,,,,732.0,https://www.inc.com/profile/freed-marcroft,Freed Marcroft,Financial Services,Hartford
,,,,733.0,https://www.inc.com/profile/broadleaf,Broadleaf,Government Services,Manassas
,,,,734.0,https://www.inc.com/profile/reduce,Reduce,Consumer Products & Services,Atlanta
,,,,735.0,https://www.inc.com/profile/my-home-group-real-estate,My Home Group Real Estate,Real Estate,Scottsdale
,,,,736.0,https://www.inc.com/profile/100%-chiropractic,100% Chiropractic,Health,Rancho Santa Fe
,,,,737.0,https://www.inc.com/profile/media-creek,Media Creek,Media,Pittsburgh
,,,,738.0,https://www.inc.com/profile/snap-mobile,Snap! Mobile,Education,Seattle
,,,,739.0,https://www.inc.com/profile/avionos,Avionos,Business Products & Services,Chicago
,,,,740.0,https://www.inc.com/profile/stratis-iot,STRATIS IoT,Software,Philadelphia
,,,,741.0,https://www.inc.com/profile/hookbang,HookBang,Software,Austin
,,,,742.0,https://www.inc.com/profile/excelhealth,ExcelHealth,Health,Southlake
,,,,743.0,https://www.inc.com/profile/blue-air-training,Blue Air Training,Government Services,Las Vegas
,,,,744.0,https://www.inc.com/profile/katydid,Katydid,Consumer Products & Services,Dallas
,,,,745.0,https://www.inc.com/profile/jle-industries,JLE Industries,Logistics & Transportation,Dunbar
,,,,746.0,https://www.inc.com/profile/kipsu,Kipsu,Software,Minneapolis
,,,,747.0,https://www.inc.com/profile/urban-capital-group,Urban Capital Group,Real Estate,Pittsburgh
,,,,748.0,https://www.inc.com/profile/garage-champs,Garage Champs,Advertising & Marketing,Sacramento
,,,,749.0,https://www.inc.com/profile/epic-personnel-partners,Epic Personnel Partners,Human Resources,Pleasanton
,,,,750.0,https://www.inc.com/profile/wayne-contracting,Wayne Contracting,Construction,Ballwin
,,,,751.0,https://www.inc.com/profile/k2-dental-arts,K2 Dental Arts,Health,Charlottesville
,,,,752.0,https://www.inc.com/profile/v3gate,V3Gate,Government Services,Colorado Springs
,,,,753.0,https://www.inc.com/profile/visiture,Visiture,Advertising & Marketing,Charleston
,,,,754.0,https://www.inc.com/profile/revunit,RevUnit,Business Products & Services,Henderson
,,,,755.0,https://www.inc.com/profile/cme-lending-group,CME Lending Group,Financial Services,Chesterton
,,,,756.0,https://www.inc.com/profile/cira-infotech,Cira Infotech,IT Management,ALPHARETTA
,,,,757.0,https://www.inc.com/profile/tallgrass-freight-co,Tallgrass Freight,Logistics & Transportation,SHAWNEE
,,,,758.0,https://www.inc.com/profile/anchor-loans,Anchor Loans,Financial Services,Calabasas
,,,,759.0,https://www.inc.com/profile/springbot,Springbot,Software,Atlanta
,,,,760.0,https://www.inc.com/profile/forward-financing,Forward Financing,Financial Services,Boston
,,,,761.0,https://www.inc.com/profile/weave-communications,Weave Communications,Software,Lehi
,,,,762.0,https://www.inc.com/profile/dr-squatch,Dr. Squatch,Consumer Products & Services,San Diego
,,,,763.0,https://www.inc.com/profile/dagger,Dagger,Advertising & Marketing,Atlanta
,,,,764.0,https://www.inc.com/profile/stukent,Stukent,Education,Idaho Falls
,,,,765.0,https://www.inc.com/profile/revived-exteriors,Revived Exteriors,Construction,Arlington Heights
,,,,766.0,https://www.inc.com/profile/ienjoy,Ienjoy,Consumer Products & Services,Clearwater
,,,,767.0,https://www.inc.com/profile/the-hiring-group,The Hiring Group,Human Resources,Greer
,,,,768.0,https://www.inc.com/profile/sehlke-consulting,Sehlke Consulting,Government Services,Arlington
,,,,769.0,https://www.inc.com/profile/intellectsoft,Intellectsoft,IT System Development,Palo Alto
,,,,770.0,https://www.inc.com/profile/axiologic-solutions,Axiologic Solutions,Government Services,Fairfax
,,,,771.0,https://www.inc.com/profile/skar-audio,Skar Audio,Consumer Products & Services,Tampa
,,,,772.0,https://www.inc.com/profile/amerikas,Amerikas,Business Products & Services,New York
,,,,773.0,https://www.inc.com/profile/clutch,Clutch,Advertising & Marketing,Washington
,,,,774.0,https://www.inc.com/profile/the-garage-group,The Garage Group,Business Products & Services,CINCINNATI
,,,,775.0,https://www.inc.com/profile/newswatch,NewsWatch,Media,Arlington
,,,,776.0,https://www.inc.com/profile/warrior-media,Warrior Media,Health,Santa Cruz
,,,,777.0,https://www.inc.com/profile/unified-building-group,Unified Building Group,Construction,Louisville
,,,,778.0,https://www.inc.com/profile/team-adhoc,Team Adhoc,Business Products & Services,Pasadena
,,,,779.0,https://www.inc.com/profile/dynamo,Dynamo,Business Products & Services,Omaha
,,,,780.0,https://www.inc.com/profile/kaimetrix,Kaimetrix,Government Services,Holly Springs
,,,,781.0,https://www.inc.com/profile/dsd-merchandisers,DSD Merchandisers,Food & Beverage,:Livermore
,,,,782.0,https://www.inc.com/profile/synergy-home,Synergy Home,Consumer Products & Services,Lexington
,,,,783.0,https://www.inc.com/profile/rpm,RPM,Logistics & Transportation,ROYAL OAK
,,,,784.0,https://www.inc.com/profile/adcellerant,AdCellerant,Advertising & Marketing,Denver
,,,,785.0,https://www.inc.com/profile/branded-group,Branded Group,Construction,Anaheim
,,,,786.0,https://www.inc.com/profile/us-business-funding,US Business Funding,Financial Services,Santa Ana
,,,,787.0,https://www.inc.com/profile/shipex,ShipEX,Logistics & Transportation,Salt Lake City
,,,,788.0,https://www.inc.com/profile/the-rx-advocates,The Rx Advocates,Health,Boca Raton
,,,,789.0,https://www.inc.com/profile/octane-energy,Octane Energy,Energy,Midland
,,,,790.0,https://www.inc.com/profile/the-leads-network,The Leads Network,Health,Covingtom
,,,,791.0,https://www.inc.com/profile/trusource-consulting-group,TruSource Consulting Group,Business Products & Services,Walnut Creek
,,,,792.0,https://www.inc.com/profile/jp-services,JP Services,Construction,Houston
,,,,793.0,https://www.inc.com/profile/blake-willson-group,Blake Willson Group,Government Services,Tysons
,,,,794.0,https://www.inc.com/profile/CloudQ,CloudQ,IT System Development,Alpharetta
,,,,795.0,https://www.inc.com/profile/natix,Natix,Business Products & Services,Meadow Vista
,,,,796.0,https://www.inc.com/profile/indev,Indev,Government Services,Arlington
,,,,797.0,https://www.inc.com/profile/torklaw,TorkLaw,Consumer Products & Services,Los Angeles
,,,,798.0,https://www.inc.com/profile/the-linked-strategies-group,The Linked Strategies Group,Advertising & Marketing,Akron
,,,,799.0,https://www.inc.com/profile/health-recovery-solutions,Health Recovery Solutions,Health,Hoboken
,,,,800.0,https://www.inc.com/profile/foresight-wealth-management,Foresight Wealth Management,Financial Services,Draper
,,,,801.0,https://www.inc.com/profile/ingram-fire-protection,Ingram Fire Protection,Construction,Hayward
,,,,802.0,https://www.inc.com/profile/spatial-front,Spatial Front,Government Services,McLean
,,,,803.0,https://www.inc.com/profile/bean-box,Bean Box,Retail,Seattle
,,,,804.0,https://www.inc.com/profile/fifth-wheel-freight,Fifth Wheel Freight,Logistics & Transportation,Kentwood
,,,,805.0,https://www.inc.com/profile/us-cargo-link,US Cargo Link,Logistics & Transportation,Grapevine
,,,,806.0,https://www.inc.com/profile/ibex-it-business-experts,IBEX IT Business Experts,Government Services,"Sandy Springs,"
,,,,807.0,https://www.inc.com/profile/yoga-international,Yoga International,Media,Honesdale
,,,,808.0,https://www.inc.com/profile/health-and-commerce,Health and Commerce,Advertising & Marketing,Santa Rosa
,,,,809.0,https://www.inc.com/profile/beauty-by-earth,Beauty by Earth,Consumer Products & Services,Bartonville
,,,,810.0,https://www.inc.com/profile/supplykick,SupplyKick,Retail,Indianapolis
,,,,811.0,https://www.inc.com/profile/grillaholics,Grillaholics,Retail,New Melle
,,,,812.0,https://www.inc.com/profile/zamp-hr,Zamp HR,Human Resources,Orem
,,,,813.0,https://www.inc.com/profile/shepherd-search-group,Shepherd Search Group,Human Resources,San Diego
,,,,814.0,https://www.inc.com/profile/beautech-power-systems,BeauTech Power Systems,Business Products & Services,Dallas
,,,,815.0,https://www.inc.com/profile/proximity-learning,Proximity Learning,Education,Austin
,,,,816.0,https://www.inc.com/profile/olly-pbc,Olly,Health,San Francisco
,,,,817.0,https://www.inc.com/profile/cgc-consulting,CGC Consulting,Engineering,Wilmington
,,,,818.0,https://www.inc.com/profile/fybercom,FyberCom,Telecommunications,Idaho Falls
,,,,819.0,https://www.inc.com/profile/ametros,Ametros,Health,"Wilmington, MA"
,,,,820.0,https://www.inc.com/profile/greek-house,Greek House,Consumer Products & Services,Los Angeles
,,,,821.0,https://www.inc.com/profile/the-ricciardi-group,The Ricciardi Group,Advertising & Marketing,New York
,,,,822.0,https://www.inc.com/profile/blackstone-fire-control,Blackstone Fire Control,Construction,Greensboro
,,,,823.0,https://www.inc.com/profile/levementum,Levementum,Business Products & Services,Indianapolis
,,,,824.0,https://www.inc.com/profile/key-tower,Key Tower,Telecommunications,Chicao
,,,,825.0,https://www.inc.com/profile/kids-in-the-game,Kids in the Game,Education,New York
,,,,826.0,https://www.inc.com/profile/hubb,Hubb,Business Products & Services,Washington
,,,,827.0,https://www.inc.com/profile/body-del-sol-medical-spa,Body del Sol Medical Spa,Retail,fresno
,,,,828.0,https://www.inc.com/profile/xero-shoes,Xero Shoes,Consumer Products & Services,Broomfield
,,,,829.0,https://www.inc.com/profile/bluecore,Bluecore,Advertising & Marketing,New York
,,,,830.0,https://www.inc.com/profile/valiant-residential,Valiant Residential,Real Estate,Dallas
,,,,831.0,https://www.inc.com/profile/flavors15,Flavors15,Manufacturing,Miamisburg
,,,,832.0,https://www.inc.com/profile/passport,Passport,Software,Charlotte
,,,,833.0,https://www.inc.com/profile/integrative-physiatry,Integrative Physiatry,Health,Irvine
,,,,834.0,https://www.inc.com/profile/ipfolio,IPfolio,Software,Berkeley
,,,,835.0,https://www.inc.com/profile/southern-designs,Southern Designs,Manufacturing,Vidalia
,,,,836.0,https://www.inc.com/profile/sabio-mobile,Sabio Mobile,Advertising & Marketing,Santa Monica
,,,,837.0,https://www.inc.com/profile/tellenger,Tellenger,IT System Development,Rockville
,,,,838.0,https://www.inc.com/profile/kodiak-cakes,Kodiak Cakes,Food & Beverage,Park City
,,,,839.0,https://www.inc.com/profile/us-aluminum-services,US Aluminum Services,Construction,Orlando
,,,,840.0,https://www.inc.com/profile/trellis,Trellis,IT System Development,Medford
,,,,841.0,https://www.inc.com/profile/sgt-cleans-car-wash,Sgt. Clean's Car Wash,Retail,Westlake
,,,,842.0,https://www.inc.com/profile/coschedule,CoSchedule,Software,Bismarck
,,,,843.0,https://www.inc.com/profile/merit321-launching-careers,"Merit321, Launching Careers",Business Products & Services,Rockville
,,,,844.0,https://www.inc.com/profile/freight-right-global-logistics,Freight Right Global Logistics,Logistics & Transportation,La Crescenta
,,,,845.0,https://www.inc.com/profile/hqsoftware,HQSoftware,Software,New York
,,,,846.0,https://www.inc.com/profile/bond-collective,Bond Collective,Real Estate,New York
,,,,847.0,https://www.inc.com/profile/boll-and-branch,Boll & Branch,Consumer Products & Services,Summit
,,,,848.0,https://www.inc.com/profile/applepie-capital,ApplePie Capital,Financial Services,SF
,,,,849.0,https://www.inc.com/profile/carroll-organization,Carroll Organization,Real Estate,Atlanta
,,,,850.0,https://www.inc.com/profile/teschglobal,TESCHGlobal,IT Management,Grafton
,,,,851.0,https://www.inc.com/profile/zerobounce,ZeroBounce,Business Products & Services,Boca Raton
,,,,852.0,https://www.inc.com/profile/hubstaff,Hubstaff,Software,Fishers
,,,,853.0,https://www.inc.com/profile/sei-chicago,SEI-Chicago,Business Products & Services,Chicago
,,,,854.0,https://www.inc.com/profile/greenix-holdings,Greenix Holdings,Environmental Services,Orem
,,,,855.0,https://www.inc.com/profile/flywheel,Flywheel,IT Management,Omaha
,,,,856.0,https://www.inc.com/profile/clear-touch,Clear Touch,Business Products & Services,Greenville
,,,,857.0,https://www.inc.com/profile/critical-project-services,Critical Project Services,Construction,Dallas
,,,,858.0,https://www.inc.com/profile/kaizen-media-group,Kaizen Media Group,Advertising & Marketing,New York
,,,,859.0,https://www.inc.com/profile/lyon-stahl-investment-real-estate,Lyon Stahl Investment Real Estate,Real Estate,El Segundo
,,,,860.0,https://www.inc.com/profile/wellbots,Wellbots,Consumer Products & Services,New York
,,,,861.0,https://www.inc.com/profile/homeworks-energy,HomeWorks Energy,Energy,Medford
,,,,862.0,https://www.inc.com/profile/the-agency-texas,The Agency Texas,Real Estate,Austin
,,,,863.0,https://www.inc.com/profile/hireology,Hireology,Business Products & Services,Chicago
,,,,864.0,https://www.inc.com/profile/omaze,Omaze,Advertising & Marketing,Los Angeles
,,,,865.0,https://www.inc.com/profile/billy-gene-is-marketing,Billy Gene Is Marketing,Advertising & Marketing,San Diego
,,,,866.0,https://www.inc.com/profile/baseballism,Baseballism,Retail,Portland
,,,,867.0,https://www.inc.com/profile/changeis,Changeis,Government Services,Rosslyn
,,,,868.0,https://www.inc.com/profile/f3-mfg,F3 MFG,Manufacturing,Waterville
,,,,869.0,https://www.inc.com/profile/gimbal,Gimbal,Advertising & Marketing,Los Angeles
,,,,870.0,https://www.inc.com/profile/universal-windows-direct,Universal Windows Direct,Construction,Bedford Hts
,,,,871.0,https://www.inc.com/profile/cfol-international,CFOL International,Government Services,Atlanta
,,,,872.0,https://www.inc.com/profile/vrc-metal-systems,VRC Metal Systems,Manufacturing,Rapid City
,,,,873.0,https://www.inc.com/profile/marketplace-ops,Marketplace Ops,Advertising & Marketing,Los Angeles
,,,,874.0,https://www.inc.com/profile/walk-west,Walk West,Advertising & Marketing,Raleigh
,,,,875.0,https://www.inc.com/profile/marketopia,Marketopia,Advertising & Marketing,Clearwater
,,,,876.0,https://www.inc.com/profile/bb-beverage-management,B&B Beverage Management,Food & Beverage,Auburn
,,,,877.0,https://www.inc.com/profile/zip-moving-and-storage,Zip Moving and Storage,Logistics & Transportation,Gaithersburg
,,,,878.0,https://www.inc.com/profile/website-closers,Website Closers,Business Products & Services,Tampa
,,,,879.0,https://www.inc.com/profile/conversionpoint-technologies,ConversionPoint Technologies,Software,Newport Beach
,,,,880.0,https://www.inc.com/profile/parrish-and-partners,Parrish and Partners,Engineering,Columbia
,,,,881.0,https://www.inc.com/profile/oh-partners,OH Partners,Advertising & Marketing,Phoenix
,,,,882.0,https://www.inc.com/profile/stratus-video,Stratus Video,Telecommunications,Clearwater
,,,,883.0,https://www.inc.com/profile/etegra,Etegra,Engineering,Olivette
,,,,884.0,https://www.inc.com/profile/harper-scott,Harper Scott,Manufacturing,New York
,,,,885.0,https://www.inc.com/profile/crossfire-sound-productions,Crossfire Sound Productions,Consumer Products & Services,Brooklyn
,,,,886.0,https://www.inc.com/profile/firedisc-cookers,FireDisc Cookers,Consumer Products & Services,Houston
,,,,887.0,https://www.inc.com/profile/softrams,Softrams,IT System Development,Leesburg
,,,,888.0,https://www.inc.com/profile/mdsave,MDsave,Health,Brentwood
,,,,889.0,https://www.inc.com/profile/skynet-healthcare-technologies,Skynet Healthcare Technologies,Health,Palm Harbor
,,,,890.0,https://www.inc.com/profile/peridot-solutions,Peridot Solutions,Business Products & Services,McLean
,,,,891.0,https://www.inc.com/profile/dock-street-trading,Dock Street Trading,Consumer Products & Services,Indianapolis
,,,,892.0,https://www.inc.com/profile/anchour,Anchour,Advertising & Marketing,Lewiston
,,,,893.0,https://www.inc.com/profile/hawke-media,Hawke Media,Advertising & Marketing,Los Angeles
,,,,894.0,https://www.inc.com/profile/blue-canyon-technologies,Blue Canyon Technologies,Engineering,Boulder
,,,,895.0,https://www.inc.com/profile/sojourn-solutions,Sojourn Solutions,Advertising & Marketing,Fort Worth
,,,,896.0,https://www.inc.com/profile/mzeroacom,MzeroA.com,Education,Ocala
,,,,897.0,https://www.inc.com/profile/fast-slow-motion,Fast Slow Motion,IT System Development,Birmingham
,,,,898.0,https://www.inc.com/profile/american-business-brokers,American Business Brokers,Business Products & Services,Holladay
,,,,899.0,https://www.inc.com/profile/the-retail-outsource,The Retail Outsource,Retail,Coral Gables
,,,,900.0,https://www.inc.com/profile/procureit-network,ProcureIT Network,Software,Grain Valley
,,,,901.0,https://www.inc.com/profile/orion-consulting-group,Orion Consulting Group,Government Services,Derwood
,,,,902.0,https://www.inc.com/profile/proforma-springboard-promotions,Proforma Springboard Promotions,Business Products & Services,Durham
,,,,903.0,https://www.inc.com/profile/centralreach,CentralReach,Software,Pompano Beach
,,,,903.0,https://www.inc.com/profile/lmk-clinical-research-consulting,LMK Clinical Research Consulting,Health,Huntersville
,,,,904.0,https://www.inc.com/profile/messagewrap,MessageWrap,Advertising & Marketing,Grand Rapids
,,,,905.0,https://www.inc.com/profile/the-pet-loss-center,The Pet Loss Center,Consumer Products & Services,Irving
,,,,906.0,https://www.inc.com/profile/health-union,Health Union,Health,Philadelphia
,,,,907.0,https://www.inc.com/profile/kartago-america,Kartago America,Food & Beverage,kenilworth
,,,,908.0,https://www.inc.com/profile/cardflight,CardFlight,Financial Services,New York
,,,,909.0,https://www.inc.com/profile/clientserver-technology-solutions,Clientserver Technology Solutions,IT System Development,Iselin
,,,,910.0,https://www.inc.com/profile/dlp-real-estate-capital,DLP Real Estate Capital,Real Estate,Bethlehem
,,,,911.0,https://www.inc.com/profile/friendly-home-services,Friendly Home Services,Construction,Salt Lake City
,,,,912.0,https://www.inc.com/profile/zoup-specialty-products,Zoup! Specialty Products,Consumer Products & Services,Southfield
,,,,913.0,https://www.inc.com/profile/uber-technologies,Uber Technologies,Consumer Products & Services,San Francisco
,,,,914.0,https://www.inc.com/profile/engagedin,EngagedIN,Health,FELTON
,,,,915.0,https://www.inc.com/profile/ragingbullcom,RagingBull.com,Education,LEE
,,,,916.0,https://www.inc.com/profile/holzer-resnick-contracting,Holzer Resnick Contracting,Construction,Pittsburgh
,,,,917.0,https://www.inc.com/profile/wishlist-rewards,Wishlist Rewards,Human Resources,Denver
,,,,918.0,https://www.inc.com/profile/edge-logistics,Edge Logistics,Logistics & Transportation,Chicago
,,,,919.0,https://www.inc.com/profile/visible-supply-chain-management,Visible Supply Chain Management,Logistics & Transportation,Salt Lake City
,,,,920.0,https://www.inc.com/profile/skynet-integrations,Skynet Integrations,Security,Tampa
,,,,921.0,https://www.inc.com/profile/luxe-rv,Luxe RV,Travel & Hospitality,Los Angeles
,,,,922.0,https://www.inc.com/profile/burgess-civil,Burgess Civil,Construction,Tampa
,,,,923.0,https://www.inc.com/profile/chad-t-wilson-law-firm-pllc,Chad T. Wilson Law Firm,Consumer Products & Services,Webster
,,,,924.0,https://www.inc.com/profile/flexprint-managed-print-solutions,FlexPrint Managed Print Solutions,Business Products & Services,MESA
,,,,925.0,https://www.inc.com/profile/norada-real-estate-investments,Norada Real Estate Investments,Real Estate,Laguna Niguel
,,,,926.0,https://www.inc.com/profile/excel-impact,Excel Impact,Insurance,Medina
,,,,927.0,https://www.inc.com/profile/kord-technologies,Kord Technologies,Government Services,Huntsville
,,,,928.0,https://www.inc.com/profile/eva-garland-consulting,Eva Garland Consulting,Business Products & Services,Raleigh
,,,,929.0,https://www.inc.com/profile/brivity,Brivity,Software,Bellingham
,,,,930.0,https://www.inc.com/profile/natural-force,Natural Force,Food & Beverage,Jacksonville
,,,,931.0,https://www.inc.com/profile/wright-energy-partners,Wright Energy Partners,Energy,Detroit
,,,,932.0,https://www.inc.com/profile/tech-talent-south,Tech Talent South,Education,Charlotte
,,,,933.0,https://www.inc.com/profile/fhe,FHE,Manufacturing,Fruita
,,,,934.0,https://www.inc.com/profile/beer-home-team,Beer Home Team,Real Estate,San Diego
,,,,935.0,https://www.inc.com/profile/global-soft-systems,Global Soft Systems,IT System Development,Overland Park
,,,,936.0,https://www.inc.com/profile/ecomitize,Ecomitize,IT System Development,Omaha
,,,,937.0,https://www.inc.com/profile/chenal-family-therapy,Chenal Family Therapy,Health,Little Rock
,,,,938.0,https://www.inc.com/profile/grand-canyon-gas-logs,Grand Canyon Gas Logs,Manufacturing,Phoenix
,,,,939.0,https://www.inc.com/profile/volo,VOLO,Consumer Products & Services,Baltimore
,,,,940.0,https://www.inc.com/profile/trupet,Trupet,Retail,Milford
,,,,941.0,https://www.inc.com/profile/wafts-solutions,Wafts Solutions,IT System Development,ALBANY
,,,,942.0,https://www.inc.com/profile/freedom-real-estate,Freedom Real Estate,Real Estate,Huntsville
,,,,943.0,https://www.inc.com/profile/volt-athletics,Volt Athletics,Consumer Products & Services,Seattle
,,,,944.0,https://www.inc.com/profile/bluewater-media,Bluewater Media,Advertising & Marketing,Clearwater
,,,,945.0,https://www.inc.com/profile/rkb-handyman-services,RKB Handyman Services,Retail,Hauppauge
,,,,946.0,https://www.inc.com/profile/e-contractors,E Contractors,Construction,Sugar Land
,,,,947.0,https://www.inc.com/profile/rivs,RIVS,Software,Chicago
,,,,948.0,https://www.inc.com/profile/motus,Motus,Software,Boston
,,,,949.0,https://www.inc.com/profile/mj-seats,MJ Seats,Consumer Products & Services,Arlington
,,,,950.0,https://www.inc.com/profile/inter-op,Inter-Op,IT Management,Virginia Beach
,,,,951.0,https://www.inc.com/profile/elevate-staffing,Elevate Staffing,Advertising & Marketing,Glendale
,,,,952.0,https://www.inc.com/profile/coffee-meets-bagel,Coffee Meets Bagel,Consumer Products & Services,San Francisco
,,,,953.0,https://www.inc.com/profile/streamline-marketing,Streamline Marketing,Advertising & Marketing,Seattle
,,,,954.0,https://www.inc.com/profile/gen-y-hitch,GEN-Y Hitch,Manufacturing,Nappanee
,,,,955.0,https://www.inc.com/profile/reverbcom,Reverb.com,Retail,Chicago
,,,,956.0,https://www.inc.com/profile/tipping-point-solutions,Tipping Point Solutions,Education,Centennial
,,,,957.0,https://www.inc.com/profile/needwant,Need/Want,Retail,Miami
,,,,958.0,https://www.inc.com/profile/socialfly,Socialfly,Advertising & Marketing,New York
,,,,959.0,https://www.inc.com/profile/everyware,Everyware,Software,Austin
,,,,960.0,https://www.inc.com/profile/trash-butler,Trash Butler,Environmental Services,Tampa
,,,,961.0,https://www.inc.com/profile/channel-partners-capital,Channel Partners Capital,Financial Services,Minnetonka
,,,,962.0,https://www.inc.com/profile/savan-group,Savan Group,Government Services,McLean
,,,,963.0,https://www.inc.com/profile/onit,Onit,Software,Houston
,,,,964.0,https://www.inc.com/profile/bettercom,Better.com,Financial Services,New York
,,,,965.0,https://www.inc.com/profile/skuid,Skuid,Software,Chattanooga
,,,,966.0,https://www.inc.com/profile/forcura,Forcura,Software,Jacksonville
,,,,967.0,https://www.inc.com/profile/barnallen-technologies,BarnAllen Technologies,IT Management,Rockville
,,,,968.0,https://www.inc.com/profile/dmb-financial,DMB Financial,Financial Services,Beverly
,,,,969.0,https://www.inc.com/profile/audantic,Audantic,Business Products & Services,Bothell
,,,,970.0,https://www.inc.com/profile/suite-management-franchising,Suite Management Franchising,Real Estate,Metairie
,,,,971.0,https://www.inc.com/profile/the-hoth,The Hoth,Advertising & Marketing,St Petersburg
,,,,972.0,https://www.inc.com/profile/360-energy-solutions,360 Energy Solutions,Energy,Miami
,,,,973.0,https://www.inc.com/profile/decode-digital-marketing,Decode Digital Marketing,Advertising & Marketing,Houston
,,,,974.0,https://www.inc.com/profile/apetan-consulting,Apetan Consulting,IT Management,New York city
,,,,975.0,https://www.inc.com/profile/virtue-capital-management,Virtue Capital Management,Financial Services,Brentwood
,,,,976.0,https://www.inc.com/profile/harts-servcies,Harts Servcies,Construction,TACOMA
,,,,977.0,https://www.inc.com/profile/ridge-wallet,Ridge Wallet,Retail,Los Angeles
,,,,978.0,https://www.inc.com/profile/american-print-consultants,American Print Consultants,Business Products & Services,Chambersburg
,,,,979.0,https://www.inc.com/profile/alley,Alley,Business Products & Services,New York
,,,,980.0,https://www.inc.com/profile/votto-vines-importing,Votto Vines Importing,Food & Beverage,Hamden
,,,,981.0,https://www.inc.com/profile/scott-vicknair-hair-checki,"Scott, Vicknair, Hair & Checki",Consumer Products & Services,New Orleans
,,,,982.0,https://www.inc.com/profile/3d-solar,3D Solar,Energy,Odessa
,,,,983.0,https://www.inc.com/profile/vessel-fwp,Vessel FWP,Retail,Carlsbad
,,,,984.0,https://www.inc.com/profile/advanced-computer-solutions-group,Advanced Computer Solutions Group,IT Management,Mount Laurel
,,,,985.0,https://www.inc.com/profile/choozle,Choozle,Advertising & Marketing,Denver
,,,,986.0,https://www.inc.com/profile/ease-logistics,Ease Logistics,Logistics & Transportation,Dublin
,,,,987.0,https://www.inc.com/profile/crisp-marketing,Crisp Marketing,Advertising & Marketing,memphis
,,,,988.0,https://www.inc.com/profile/darn-good-yarn,Darn Good Yarn,Retail,Halfmoon
,,,,989.0,https://www.inc.com/profile/beemac,Beemac,Logistics & Transportation,Ambridge
,,,,990.0,https://www.inc.com/profile/preferred-home-services,Preferred Home Services,Construction,North Charleston
,,,,991.0,https://www.inc.com/profile/ciconix,Ciconix,Government Services,Annapolis
,,,,992.0,https://www.inc.com/profile/atlanta-office-technologies,Atlanta Office Technologies,Business Products & Services,Norcross
,,,,993.0,https://www.inc.com/profile/seek-business-capital,Seek Business Capital,Financial Services,Los Angeles
,,,,994.0,https://www.inc.com/profile/your-business-solutions,Your Business Solutions,IT Management,The Woodlands
,,,,995.0,https://www.inc.com/profile/nomatic,Nomatic,Consumer Products & Services,Sandy
,,,,996.0,https://www.inc.com/profile/farmgirl-flowers,Farmgirl Flowers,Retail,San Francisco
,,,,997.0,https://www.inc.com/profile/bombora,Bombora,Advertising & Marketing,New York
,,,,998.0,https://www.inc.com/profile/frugal-flippers,Frugal Flippers,Retail,Jordan
,,,,999.0,https://www.inc.com/profile/sumo-communications,SUMO Communications,Telecommunications,Centerville
,,,,1000.0,https://www.inc.com/profile/home-view-technologies,Home View Technologies,Security,Orem
,,,,1001.0,https://www.inc.com/profile/cloudhesive,CloudHesive,IT Management,Fort Lauderdale
,,,,1002.0,https://www.inc.com/profile/braviant-holdings,Braviant Holdings,Financial Services,Chicago
,,,,1003.0,https://www.inc.com/profile/prosomnus-sleep-technologies,ProSomnus Sleep Technologies,Health,Pleasanton
,,,,1004.0,https://www.inc.com/profile/jp-and-associates-realtors,JP and Associates Realtors,Real Estate,Frisco
,,,,1005.0,https://www.inc.com/profile/23rd-group,23rd Group,Construction,Charlotte
,,,,1006.0,https://www.inc.com/profile/penji,Penji,Business Products & Services,Camden
,,,,1007.0,https://www.inc.com/profile/fe-international,FE International,Business Products & Services,New York
,,,,1008.0,https://www.inc.com/profile/tredence,Tredence,Business Products & Services,San Jose
,,,,1009.0,https://www.inc.com/profile/aps-building-services,APS Building Services,Business Products & Services,Houston
,,,,1010.0,https://www.inc.com/profile/courier-distribution-systems,Courier Distribution Systems,Logistics & Transportation,Duluth
,,,,1011.0,https://www.inc.com/profile/energy-toolbase,Energy Toolbase,Energy,Stuart
,,,,1012.0,https://www.inc.com/profile/pathfinder-consultants,Pathfinder Consultants,Government Services,Sterling
,,,,1013.0,https://www.inc.com/profile/mission-critical-facilities-international,Mission Critical Facilities International,IT Management,Spicewood
,,,,1014.0,https://www.inc.com/profile/xavier-creative-house,Xavier Creative House,Advertising & Marketing,Warwick
,,,,1015.0,https://www.inc.com/profile/fastexpert,FastExpert,Real Estate,San Marino
,,,,1016.0,https://www.inc.com/profile/beverly-hills-teddy-bear,Beverly Hills Teddy Bear,Consumer Products & Services,Newhall
,,,,1017.0,https://www.inc.com/profile/mod-pizza,MOD Pizza,Food & Beverage,Bellevue
,,,,1018.0,https://www.inc.com/profile/chandlee-and-sons-construction,Chandlee and Sons Construction,Construction,Alpharetta
,,,,1019.0,https://www.inc.com/profile/cherryblowdrybar,Cherry Blow Dry Bar,Consumer Products & Services,Cherry Hill
,,,,1019.0,https://www.inc.com/profile/applied-development,Applied Development,Government Services,Baltimore
,,,,1020.0,https://www.inc.com/profile/definitive-healthcare,Definitive Healthcare,Software,Framingham
,,,,1021.0,https://www.inc.com/profile/reliance-partners,Reliance Partners,Insurance,Chattanooga
,,,,1022.0,https://www.inc.com/profile/lief-labs,Lief Labs,Health,Valencia
,,,,1023.0,https://www.inc.com/profile/inseev-interactive,Inseev Interactive,Advertising & Marketing,San Diego
,,,,1024.0,https://www.inc.com/profile/leeward-business-advisors,Leeward Business Advisors,IT Management,Kenosha
,,,,1025.0,https://www.inc.com/profile/e-bouchard-company,E. Bouchard Company,Retail,Caribou
,,,,1026.0,https://www.inc.com/profile/pensionmark-financial-group,Pensionmark Financial Group,Financial Services,Santa Barbara
,,,,1027.0,https://www.inc.com/profile/shalepro-energy-services,ShalePro Energy Services,Energy,Houston
,,,,1028.0,https://www.inc.com/profile/senior-healthcare-direct,Senior Healthcare Direct,Insurance,Palm Harbor
,,,,1029.0,https://www.inc.com/profile/zippypaws,ZippyPaws,Consumer Products & Services,Chino
,,,,1030.0,https://www.inc.com/profile/stay-alfred,Stay Alfred,Travel & Hospitality,Spokane Valley
,,,,1031.0,https://www.inc.com/profile/cotn-wash,Dropps,Consumer Products & Services,Philadelphia
,,,,1032.0,https://www.inc.com/profile/fresh-consulting,Fresh Consulting,Business Products & Services,Bellevue
,,,,1033.0,https://www.inc.com/profile/nimbelink,NimbeLink,Telecommunications,plymouth
,,,,1034.0,https://www.inc.com/profile/century-support-services,Century Support Services,Financial Services,N. Huntingdon
,,,,1035.0,https://www.inc.com/profile/frontrunnerhc,FrontRunnerHC,Software,Plymouth
,,,,1036.0,https://www.inc.com/profile/united-carports,United Carports,Manufacturing,Riverside
,,,,1037.0,https://www.inc.com/profile/nexxt-gen,Nexxt Gen,Telecommunications,Irving Texas
,,,,1038.0,https://www.inc.com/profile/terradyne-engineering,Terradyne Engineering,Engineering,Euless
,,,,1039.0,https://www.inc.com/profile/utah-global-transportation-management-solutions,Utah Global Transportation Management Solutions,Logistics & Transportation,Bluffdale
,,,,1040.0,https://www.inc.com/profile/pm-consulting-group,PM Consulting Group,Business Products & Services,Towson
,,,,1041.0,https://www.inc.com/profile/greenhouse-software,Greenhouse Software,Software,New York
,,,,1042.0,https://www.inc.com/profile/amazing-lash-studio,Amazing Lash Studio,Consumer Products & Services,Scottsdale
,,,,1043.0,https://www.inc.com/profile/revolutionparts,RevolutionParts,Software,Phoenix
,,,,1044.0,https://www.inc.com/profile/metropolitan-interactive,Metropolitan interactive,Construction,Oxford
,,,,1045.0,https://www.inc.com/profile/a1-garage-door-service-and-repair,A1 Garage Door Service and Repair,Consumer Products & Services,Tempe
,,,,1046.0,https://www.inc.com/profile/triumph-construction,Triumph Construction,Construction,Baton Rouge
,,,,1047.0,https://www.inc.com/profile/verde-solutions,Verde Solutions,Energy,Chicago
,,,,1048.0,https://www.inc.com/profile/high-road-craft-ice-cream,High Road Craft Ice Cream,Food & Beverage,Marietta
,,,,1049.0,https://www.inc.com/profile/world-services,World Services,Government Services,Alexandria
,,,,1050.0,https://www.inc.com/profile/fire-brilliance,Fire & Brilliance,Retail,Santa Clara
,,,,1051.0,https://www.inc.com/profile/shockoe,Shockoe.com,Software,Richmond
,,,,1052.0,https://www.inc.com/profile/zaniboni-lighting,Zaniboni Lighting,Manufacturing,Clearwater
,,,,1053.0,https://www.inc.com/profile/swenson-he,Swenson He,Software,Culver City
,,,,1054.0,https://www.inc.com/profile/greycastle-security,GreyCastle Security,Security,Troy
,,,,1055.0,https://www.inc.com/profile/drive-social-media,Drive Social Media,Advertising & Marketing,St Louis
,,,,1056.0,https://www.inc.com/profile/phoenix-logistics,Phoenix Logistics,Manufacturing,Mesa
,,,,1057.0,https://www.inc.com/profile/trueit,TrueIT,IT Management,West Fargo
,,,,1058.0,https://www.inc.com/profile/embark,Embark,Financial Services,Dallas
,,,,1059.0,https://www.inc.com/profile/mynt-systems,Mynt Systems,Engineering,SANTA CRUZ
,,,,1060.0,https://www.inc.com/profile/breeze-it,Breeze IT,IT Management,Costa Mesa
,,,,1061.0,https://www.inc.com/profile/sustainable-comfort,Sustainable Comfort,Construction,Worcester
,,,,1062.0,https://www.inc.com/profile/tgw-company,TGW Company,Consumer Products & Services,Ann Arbor
,,,,1063.0,https://www.inc.com/profile/johnson-roofing-restoration,Johnson Roofing & Restoration,Construction,Toledo
,,,,1063.0,https://www.inc.com/profile/street-smart-transmission,Street Smart Transmission,Retail,Tampa
,,,,1064.0,https://www.inc.com/profile/bestica,Bestica,IT Management,San Antonio
,,,,1065.0,https://www.inc.com/profile/raymer-oil-company,Raymer Oil Company,Retail,Statesville
,,,,1066.0,https://www.inc.com/profile/tickpick,TickPick,Consumer Products & Services,New York
,,,,1067.0,https://www.inc.com/profile/the-kool-source,The Kool Source,Advertising & Marketing,Atlanta
,,,,1068.0,https://www.inc.com/profile/sunken-stone,Sunken Stone,Advertising & Marketing,San Diego
,,,,1069.0,https://www.inc.com/profile/camrock-oil-supply,Camrock Oil & Supply,Energy,Elk city
,,,,1070.0,https://www.inc.com/profile/spinutech,Spinutech,Advertising & Marketing,Cedar Falls
,,,,1071.0,https://www.inc.com/profile/blueprint-consulting-services,Blueprint Consulting Services,Government Services,Washington
,,,,1072.0,https://www.inc.com/profile/sante-realty-investments,Sante Realty Investments,Real Estate,Chandler
,,,,1073.0,https://www.inc.com/profile/prime-therapeutics,Prime Therapeutics,Health,Eagan
,,,,1074.0,https://www.inc.com/profile/engage3,Engage3,Software,DAVIS
,,,,1075.0,https://www.inc.com/profile/mark-sanders---alrossa,Mark Sanders - Alrossa,Retail,Brooklyn
,,,,1076.0,https://www.inc.com/profile/income-store,Income Store,Advertising & Marketing,Lancaster
,,,,1077.0,https://www.inc.com/profile/autonomous-media,Autonomous Media,Media,Red Bank
,,,,1078.0,https://www.inc.com/profile/aiir-consulting,AIIR Consulting,Business Products & Services,Bala Cynwyd
,,,,1079.0,https://www.inc.com/profile/callrail,CallRail,Software,Atlanta
,,,,1080.0,https://www.inc.com/profile/pendant-automation,Pendant Automation,Engineering,Havre de Grace
,,,,1081.0,https://www.inc.com/profile/channel-factory,Channel Factory,Advertising & Marketing,Beverly Hills
,,,,1082.0,https://www.inc.com/profile/axiom-path,Axiom Path,IT Management,Charlotte
,,,,1083.0,https://www.inc.com/profile/agape-luxury-corp,Agape Luxury Corp,Logistics & Transportation,Bronx
,,,,1084.0,https://www.inc.com/profile/tk-trailer-parts,TK Trailer Parts,Retail,Madisonville
,,,,1085.0,https://www.inc.com/profile/saasoptics,SaaSOptics,Software,Peachtree Corners
,,,,1086.0,https://www.inc.com/profile/repsly,Repsly,Software,Boston
,,,,1087.0,https://www.inc.com/profile/newmedia,Newmedia,Advertising & Marketing,Denver
,,,,1088.0,https://www.inc.com/profile/towel-tracker,Towel Tracker,Business Products & Services,Grand Rapids
,,,,1089.0,https://www.inc.com/profile/fountainhead-commercial-capital,Fountainhead Commercial Capital,Financial Services,Lake Mary
,,,,1090.0,https://www.inc.com/profile/keystone-perfusion-services-pc,"Keystone Perfusion Services, PC",Health,Mountain Top
,,,,1091.0,https://www.inc.com/profile/credit-suite,Credit Suite,Business Products & Services,Land O' Lakes
,,,,1092.0,https://www.inc.com/profile/avanti-industries,Avanti Industries,Manufacturing,Glendale
,,,,1093.0,https://www.inc.com/profile/beautique,Beautique,Retail,Brandon
,,,,1094.0,https://www.inc.com/profile/zquared,Zquared,Retail,Saint Peters
,,,,1095.0,https://www.inc.com/profile/vibe-kayaks,Vibe Kayaks,Consumer Products & Services,Woodstock
,,,,1096.0,https://www.inc.com/profile/dataclover,DataClover,Software,Atlanta
,,,,1097.0,https://www.inc.com/profile/lone-cone,Lone Cone,Retail,Boise
,,,,1098.0,https://www.inc.com/profile/fresh-prints,Fresh Prints,Consumer Products & Services,New York
,,,,1099.0,https://www.inc.com/profile/tek-leaders,Tek Leaders,IT Management,Plano
,,,,1100.0,https://www.inc.com/profile/swig,Swig,Consumer Products & Services,richmond
,,,,1101.0,https://www.inc.com/profile/lensdirectcom,LensDirect.com,Health,Garden City
,,,,1102.0,https://www.inc.com/profile/apex-air,Apex Air,Construction,Vancouver
,,,,1103.0,https://www.inc.com/profile/ignite-visibility,Ignite Visibility,Advertising & Marketing,San Diego
,,,,1104.0,https://www.inc.com/profile/snapsheet,Snapsheet,Insurance,Chicago
,,,,1105.0,https://www.inc.com/profile/freeus,Freeus,Security,Ogden
,,,,1106.0,https://www.inc.com/profile/dma-holdings,DMA Holdings,Manufacturing,Tabor CIty
,,,,1107.0,https://www.inc.com/profile/resident360,Resident360,Real Estate,San Diego
,,,,1108.0,https://www.inc.com/profile/core-living,Core Living,Real Estate,Minneapolis
,,,,1109.0,https://www.inc.com/profile/encore-search-partners,Encore Search Partners,Human Resources,Houston
,,,,1110.0,https://www.inc.com/profile/enableit,EnableIT,Security,New York
,,,,1111.0,https://www.inc.com/profile/liquid-bottles,Liquid Bottles,Business Products & Services,Bradenton
,,,,1112.0,https://www.inc.com/profile/politemail-software,PoliteMail Software,Software,Greenland
,,,,1113.0,https://www.inc.com/profile/grain-barrel-spirits,Grain & Barrel Spirits,Food & Beverage,West Palm Beach
,,,,1114.0,https://www.inc.com/profile/united-energy-services,United Energy Services,Energy,Gainesville
,,,,1115.0,https://www.inc.com/profile/taskus,TaskUs,Business Products & Services,Santa Monica
,,,,1116.0,https://www.inc.com/profile/ceros,Ceros,Software,New York
,,,,1117.0,https://www.inc.com/profile/axle-logistics,Axle Logistics,Logistics & Transportation,Knoxville
,,,,1118.0,https://www.inc.com/profile/barratt-asset-management,Barratt Asset Management,Real Estate,Indianapolis
,,,,1119.0,https://www.inc.com/profile/zivelo,Zivelo,Computer Hardware,Scottsdale
,,,,1120.0,https://www.inc.com/profile/trinity-air-medical,Trinity Air Medical,Logistics & Transportation,Tempe
,,,,1121.0,https://www.inc.com/profile/nuvolo,Nuvolo,Software,Paramus
,,,,1122.0,https://www.inc.com/profile/foundry-outdoors,Foundry Outdoors,Retail,Brooklyn
,,,,1123.0,https://www.inc.com/profile/vpak,Vpak,Advertising & Marketing,East Hampton
,,,,1124.0,https://www.inc.com/profile/buildout,Buildout,Software,Chicago
,,,,1125.0,https://www.inc.com/profile/mediacrossing,MediaCrossing,Advertising & Marketing,Stamford
,,,,1126.0,https://www.inc.com/profile/vinformatix,Vinformatix,Software,Baton Rouge
,,,,1127.0,https://www.inc.com/profile/splash,Splash,Advertising & Marketing,New York
,,,,1128.0,https://www.inc.com/profile/connect-media,Connect Media,Media,Los Angeles
,,,,1129.0,https://www.inc.com/profile/construction-cost-management,Construction Cost Management,Engineering,Fort Worth
,,,,1130.0,https://www.inc.com/profile/nextlink-internet,Nextlink Internet,Telecommunications,Hudson Oaks
,,,,1131.0,https://www.inc.com/profile/college-hunks-hauling-junk-and-moving-west-chester-pa,"College Hunks Hauling Junk and Moving (West Chester, Penn.)",Consumer Products & Services,West Chester
,,,,1132.0,https://www.inc.com/profile/verato,Verato,Software,McLean
,,,,1133.0,https://www.inc.com/profile/spilt-ink-slc,Spilt Ink SLC,Manufacturing,Salt Lake City
,,,,1134.0,https://www.inc.com/profile/southwest-site-services,Southwest Site Services,Construction,RIVERSIDE
,,,,1135.0,https://www.inc.com/profile/lever1,Lever1,Human Resources,Kansas City
,,,,1136.0,https://www.inc.com/profile/siege-media,Siege Media,Advertising & Marketing,San Diego
,,,,1137.0,https://www.inc.com/profile/quiroga-law-office-pllc,Quiroga Law Office,Government Services,Spokane Valley
,,,,1138.0,https://www.inc.com/profile/bluechip-retail,Bluechip Retail,Consumer Products & Services,Waxhaw
,,,,1139.0,https://www.inc.com/profile/avtec-homes,Avtec Homes,Construction,Palm Bay
,,,,1140.0,https://www.inc.com/profile/bloomnation,BloomNation,Software,Santa Monica
,,,,1141.0,https://www.inc.com/profile/western-peaks-logistics,Western Peaks Logistics,Logistics & Transportation,Salt Lake City
,,,,1142.0,https://www.inc.com/profile/360-risk-partners-insurance-solutions,360 Risk Partners Insurance Solutions,Insurance,Sacramento
,,,,1143.0,https://www.inc.com/profile/beauty-barrage,Beauty Barrage,Consumer Products & Services,Newport Beach
,,,,1144.0,https://www.inc.com/profile/visual-computer-solutions,Visual Computer Solutions,Software,FREEHOLD
,,,,1145.0,https://www.inc.com/profile/lexitas,Lexitas,Business Products & Services,Houston
,,,,1146.0,https://www.inc.com/profile/purchasing-platform,Purchasing Platform,Real Estate,Chicago
,,,,1147.0,https://www.inc.com/profile/javelin-group,Javelin Group,Media,Alexandria
,,,,1148.0,https://www.inc.com/profile/big-idea-technology,Big Idea Technology,IT Management,New York
,,,,1149.0,https://www.inc.com/profile/total-technology-results,Total Technology Results,Computer Hardware,San Marcos
,,,,1150.0,https://www.inc.com/profile/clearview-business-intelligence,Clearview Business Intelligence,Software,Roy
,,,,1151.0,https://www.inc.com/profile/index-analytics,Index Analytics,Government Services,Baltimore
,,,,1152.0,https://www.inc.com/profile/expedition-technology,Expedition Technology,Engineering,Dulles
,,,,1153.0,https://www.inc.com/profile/zuhne,Zuhne,Consumer Products & Services,Houston
,,,,1154.0,https://www.inc.com/profile/ledge-lounger,Ledge Lounger,Consumer Products & Services,Brookshire
,,,,1155.0,https://www.inc.com/profile/g2-ops,G2 Ops,Engineering,Virginia Beach
,,,,1156.0,https://www.inc.com/profile/wealthforge,WealthForge,Financial Services,Richmond
,,,,1157.0,https://www.inc.com/profile/logical-position,Logical Position,Advertising & Marketing,Lake Oswego
,,,,1158.0,https://www.inc.com/profile/digital-forensic-services,Digital Forensic Services,Government Services,Greenbelt
,,,,1159.0,https://www.inc.com/profile/farber-company-attorneys,Farber & Company Attorneys,Consumer Products & Services,Oakland
,,,,1160.0,https://www.inc.com/profile/catalyst-outdoor,Catalyst Outdoor,Advertising & Marketing,Newtown Square
,,,,1161.0,https://www.inc.com/profile/payer-compass,Payer Compass,Health,Plano
,,,,1162.0,https://www.inc.com/profile/local-web-leads,Local Web Leads,Advertising & Marketing,Austin
,,,,1163.0,https://www.inc.com/profile/curate-partners,Curate Partners,Human Resources,Stoneham
,,,,1164.0,https://www.inc.com/profile/ucw-logistics,UCW Logistics,Logistics & Transportation,GREENVILLE
,,,,1165.0,https://www.inc.com/profile/behavioral-health-works,Behavioral Health Works,Health,Anaheim
,,,,1166.0,https://www.inc.com/profile/scribe-x-northwest,Scribe-X Northwest,Health,Portland
,,,,1167.0,https://www.inc.com/profile/alirm,ALIRM,Consumer Products & Services,Pine Brook
,,,,1168.0,https://www.inc.com/profile/resolute-technologies,Resolute Technologies,IT System Development,Columbia
,,,,1169.0,https://www.inc.com/profile/legwork-software,Legwork Software,Software,Wenatchee
,,,,1170.0,https://www.inc.com/profile/zeel,Zeel,Consumer Products & Services,New York
,,,,1171.0,https://www.inc.com/profile/colorado-health-rehab,Colorado Health & Rehab,Health,Colorad Springs
,,,,1172.0,https://www.inc.com/profile/wellflex-energy-solutions,Wellflex Energy Solutions,Energy,Rhome
,,,,1173.0,https://www.inc.com/profile/lastline,Lastline,Security,Redwood City
,,,,1174.0,https://www.inc.com/profile/cloudbakers,Cloudbakers,IT System Development,Chicago
,,,,1175.0,https://www.inc.com/profile/ppt-solutions-oklahoma,PPT Solutions (Oklahoma),Business Products & Services,Tulsa
,,,,1176.0,https://www.inc.com/profile/northwestern-improvement-company,Northwestern Improvement Company,Real Estate,Bellevue
,,,,1177.0,https://www.inc.com/profile/ryan-geldermann,Ryan Geldermann,Media,Baltimore
,,,,1178.0,https://www.inc.com/profile/innovetive-petcare,Innovetive Petcare,Health,CEDAR PARK
,,,,1179.0,https://www.inc.com/profile/shearer,Shearer,Engineering,Huntsville
,,,,1180.0,https://www.inc.com/profile/firefly-computers,FireFly Computers,Computer Hardware,Saint Paul
,,,,1181.0,https://www.inc.com/profile/thin-air-brands,Thin Air Brands,Consumer Products & Services,Parker
,,,,1182.0,https://www.inc.com/profile/soho-dragon,SoHo Dragon,IT System Development,New York
,,,,1183.0,https://www.inc.com/profile/southwest-geotechnical,Southwest Geotechnical,Engineering,Las Vegas
,,,,1184.0,https://www.inc.com/profile/the-aspire-software-company,The Aspire Software Company,Software,Chesterfield
,,,,1185.0,https://www.inc.com/profile/eyekor,EyeKor,Health,Madison
,,,,1186.0,https://www.inc.com/profile/stretch-shapes,Stretch Shapes,Business Products & Services,Eugene
,,,,1187.0,https://www.inc.com/profile/premier-remodeling,Premier Remodeling,Construction,Layton
,,,,1188.0,https://www.inc.com/profile/power-digital-marketing,Power Digital Marketing,Advertising & Marketing,San Diego
,,,,1189.0,https://www.inc.com/profile/ueno,Ueno,Advertising & Marketing,San Francisco
,,,,1190.0,https://www.inc.com/profile/industry-dive,Industry Dive,Media,Washington
,,,,1191.0,https://www.inc.com/profile/hideit-mounts,HIDEit Mounts,Consumer Products & Services,Reno
,,,,1192.0,https://www.inc.com/profile/ammd,AMMD,Health,Bee Caves
,,,,1193.0,https://www.inc.com/profile/pegasus-technology-solutions,Pegasus Technology Solutions,IT Management,Frisco
,,,,1194.0,https://www.inc.com/profile/jacaruso-enterprises,Jacaruso Enterprises,Travel & Hospitality,Round Rock
,,,,1195.0,https://www.inc.com/profile/eventellect,Eventellect,Business Products & Services,Houston
,,,,1196.0,https://www.inc.com/profile/tipalti,Tipalti,Software,San Mateo
,,,,1197.0,https://www.inc.com/profile/aevex-aerospace,Aevex Aerospace,Government Services,Solana Beach
,,,,1198.0,https://www.inc.com/profile/ncontracts,Ncontracts,Software,Brentwood
,,,,1199.0,https://www.inc.com/profile/stone-glacier,Stone Glacier,Consumer Products & Services,Bozeman
,,,,1200.0,https://www.inc.com/profile/thrive-internet-marketing-agency,Thrive Internet Marketing Agency,Advertising & Marketing,Arlignton
,,,,1201.0,https://www.inc.com/profile/eff-creative-group,Eff Creative Group,Advertising & Marketing,New York
,,,,1202.0,https://www.inc.com/profile/strike-visuals,Strike Visuals,Business Products & Services,Woods Cross
,,,,1203.0,https://www.inc.com/profile/bkm-capital-partners,BKM Capital Partners,Real Estate,Newport Beach
,,,,1204.0,https://www.inc.com/profile/federal-strategies,Federal Strategies,Government Services,Fredericksburg
,,,,1205.0,https://www.inc.com/profile/gentech-associates,GenTech Associates,Government Services,Avon
,,,,1206.0,https://www.inc.com/profile/lima-one-capital,Lima One Capital,Financial Services,Greenville
,,,,1207.0,https://www.inc.com/profile/matterhackers,MatterHackers,Retail,Foothill Ranch
,,,,1208.0,https://www.inc.com/profile/iclick,iClick,Business Products & Services,Seattle
,,,,1209.0,https://www.inc.com/profile/jda-worldwide,JDA Worldwide,Advertising & Marketing,CARMEL
,,,,1210.0,https://www.inc.com/profile/battery-recyclers-of-america,Battery Recyclers of America,Environmental Services,Dallas
,,,,1211.0,https://www.inc.com/profile/oklahoma-led,Oklahoma LED,Construction,Tulsa
,,,,1212.0,https://www.inc.com/profile/creamistry,Creamistry,Food & Beverage,Yorba Linda
,,,,1213.0,https://www.inc.com/profile/corkcicle,Corkcicle,Consumer Products & Services,Orlando
,,,,1214.0,https://www.inc.com/profile/team-solutions-dental,Team Solutions Dental,Manufacturing,sanford
,,,,1215.0,https://www.inc.com/profile/dome-headwear-company,Dome Headwear,Consumer Products & Services,Jacksonville Beach
,,,,1216.0,https://www.inc.com/profile/fix-it-people,Fix It People,Real Estate,Chicago
,,,,1217.0,https://www.inc.com/profile/maxgen-energy-services,MaxGen Energy Services,Energy,Costa Mesa
,,,,1218.0,https://www.inc.com/profile/ben-kinney-real-estate-team,Ben Kinney Real Estate Team,Software,Bellingham
,,,,1219.0,https://www.inc.com/profile/liberty-home-mortgage-corporation,Liberty Home Mortgage Corporation,Financial Services,Independence
,,,,1220.0,https://www.inc.com/profile/kbmax,KBMax,Software,Austin
,,,,1221.0,https://www.inc.com/profile/observepoint,ObservePoint,Software,Provo
,,,,1222.0,https://www.inc.com/profile/thrive,Thrive,Engineering,Foxborough
,,,,1223.0,https://www.inc.com/profile/what-if-holdings,What If Holdings,Advertising & Marketing,Fort Lee
,,,,1224.0,https://www.inc.com/profile/gonled,GonLED,Energy,Costa Mesa
,,,,1225.0,https://www.inc.com/profile/digital-relativity,Digital Relativity,Advertising & Marketing,fayetteville
,,,,1226.0,https://www.inc.com/profile/mavrck,Mavrck,Advertising & Marketing,Boston
,,,,1227.0,https://www.inc.com/profile/home-perfect-carpet-tile-cleaning,Home Perfect Carpet & Tile Cleaning,Construction,Temecula
,,,,1228.0,https://www.inc.com/profile/field-industries,Field Industries,Energy,Houston
,,,,1229.0,https://www.inc.com/profile/pure-incubation,Pure Incubation,Advertising & Marketing,Topsfield
,,,,1230.0,https://www.inc.com/profile/touchupdirect,TouchUpDirect,Consumer Products & Services,Van Nuys
,,,,1231.0,https://www.inc.com/profile/right-at-school,Right at School,Education,Evanston
,,,,1232.0,https://www.inc.com/profile/sorry-robots,Sorry Robots,Consumer Products & Services,Novato
,,,,1233.0,https://www.inc.com/profile/central-point-partners,Central Point Partners,IT Management,Westerville
,,,,1234.0,https://www.inc.com/profile/ventive,Ventive,Software,Boise
,,,,1235.0,https://www.inc.com/profile/carrot,Carrot,Software,Roseburg
,,,,1236.0,https://www.inc.com/profile/amplio-digital,Amplio Digital,Advertising & Marketing,Boulder
,,,,1237.0,https://www.inc.com/profile/dirt-wurx-excavation,Dirt Wurx Excavation,Construction,wagoner
,,,,1238.0,https://www.inc.com/profile/sayva-solutions,Sayva Solutions,Business Products & Services,San Diego
,,,,1239.0,https://www.inc.com/profile/c-squared-social,C Squared Social,Advertising & Marketing,Carlsbad
,,,,1240.0,https://www.inc.com/profile/U-Group,U.Group,IT System Development,Arlington
,,,,1241.0,https://www.inc.com/profile/rwd-consulting,RWD Consulting,Government Services,Washington
,,,,1242.0,https://www.inc.com/profile/agb-investigative-services,AGB Investigative Services,Business Products & Services,Chicago
,,,,1243.0,https://www.inc.com/profile/denken-solutions,Denken Solutions,IT Management,Irvine
,,,,1244.0,https://www.inc.com/profile/silotech-group,Silotech Group,Government Services,San Antonio
,,,,1245.0,https://www.inc.com/profile/moonglow-jewelry,Moonglow Jewelry,Retail,Miami
,,,,1246.0,https://www.inc.com/profile/decision-sciences-research-associates,Decision Sciences Research Associates,Advertising & Marketing,PASADENA
,,,,1247.0,https://www.inc.com/profile/twelve-consulting-group,Twelve Consulting Group,IT Management,Minneapolis
,,,,1248.0,https://www.inc.com/profile/iarch-solutions,iArch Solutions,IT Management,Monroe
,,,,1249.0,https://www.inc.com/profile/seawater-seafood-company,Seawater Seafood Company,Food & Beverage,NEWPORT
,,,,1250.0,https://www.inc.com/profile/vert-digital,Vert Digital,Advertising & Marketing,Atlanta
,,,,1251.0,https://www.inc.com/profile/ct-assist,CT Assist,Health,Harrisonburg
,,,,1252.0,https://www.inc.com/profile/fit-body-boot-camp,Fit Body Boot Camp,Health,Chino Hills
,,,,1253.0,https://www.inc.com/profile/nekteck,Nekteck,Consumer Products & Services,ANAHEIM
,,,,1254.0,https://www.inc.com/profile/expression-networks,Expression Networks,Government Services,Washington D.C.
,,,,1255.0,https://www.inc.com/profile/modern-message,Modern Message,Software,Dallas
,,,,1256.0,https://www.inc.com/profile/1-call-staffing,1-Call Staffing,Human Resources,Kingman
,,,,1257.0,https://www.inc.com/profile/pediatric-therapy,Pediatric Therapy,Education,Lafayette
,,,,1258.0,https://www.inc.com/profile/crimson-agility,Crimson Agility,IT System Development,Mesa
,,,,1259.0,https://www.inc.com/profile/keystone-funding,Keystone Funding,Real Estate,Dover
,,,,1260.0,https://www.inc.com/profile/slidebelts,SlideBelts,Retail,El Dorado Hills
,,,,1261.0,https://www.inc.com/profile/credit-service-intl,Credit Service Intl.,Health,Hudson
,,,,1262.0,https://www.inc.com/profile/the-roman-guy,The Roman Guy,Travel & Hospitality,Philadelphia
,,,,1263.0,https://www.inc.com/profile/fyzical,Fyzical,Health,Sarasota
,,,,1264.0,https://www.inc.com/profile/green-bay-remodeling,Green Bay Remodeling,Construction,concord
,,,,1265.0,https://www.inc.com/profile/nebulaworks,Nebulaworks,Software,Irvine
,,,,1266.0,https://www.inc.com/profile/trinity-logistics-usa,Trinity Logistics USA,Logistics & Transportation,Valley Stream
,,,,1267.0,https://www.inc.com/profile/pdqcom-corporation,PDQ.com Corporation,Software,Salt Lake City
,,,,1268.0,https://www.inc.com/profile/bighorn-design-studio,Bighorn Design Studio,Consumer Products & Services,Sheridan
,,,,1269.0,https://www.inc.com/profile/elevation-solar,Elevation Solar,Energy,Gilbert
,,,,1270.0,https://www.inc.com/profile/watterson,Watterson,Business Products & Services,Schaumberg
,,,,1271.0,https://www.inc.com/profile/arch-systems,Arch Systems,Government Services,Baltimore
,,,,1272.0,https://www.inc.com/profile/the-social-lights,The Social Lights,Advertising & Marketing,Minneapolis
,,,,1273.0,https://www.inc.com/profile/doceo-office-solutions,Doceo Office Solutions,Business Products & Services,York
,,,,1274.0,https://www.inc.com/profile/signscom,Signs.com,Business Products & Services,Salt Lake City
,,,,1275.0,https://www.inc.com/profile/disability-planners,Disability Planners,Insurance,Murray
,,,,1276.0,https://www.inc.com/profile/blue-label-labs,Blue Label Labs,Software,Redmond
,,,,1277.0,https://www.inc.com/profile/commercial-services,Commercial Services,Construction,Morrisville
,,,,1278.0,https://www.inc.com/profile/1st-choice-construction-management,1st Choice Construction Management,Construction,Mooresville
,,,,1279.0,https://www.inc.com/profile/alderson-loop,Alderson Loop,Business Products & Services,Sykesville
,,,,1280.0,https://www.inc.com/profile/legacy-toys,Legacy Toys,Retail,Ely
,,,,1281.0,https://www.inc.com/profile/outsource-consultants,Outsource Consultants,Business Products & Services,Plymouth
,,,,1282.0,https://www.inc.com/profile/mrl-promotions,MRL Promotions,Advertising & Marketing,Fort Lauderdale
,,,,1283.0,https://www.inc.com/profile/arc-risk-and-compliance,ARC Risk and Compliance,Financial Services,Hamilton
,,,,1284.0,https://www.inc.com/profile/829-studios,829 Studios,Advertising & Marketing,Boston
,,,,1285.0,https://www.inc.com/profile/doctorlogic,DoctorLogic,Advertising & Marketing,Plano
,,,,1286.0,https://www.inc.com/profile/curlkit,Curlkit,Advertising & Marketing,EWING
,,,,1287.0,https://www.inc.com/profile/strategic-solution-partners,STRATEGIC SOLUTION PARTNERS,Travel & Hospitality,Drexel Hill
,,,,1288.0,https://www.inc.com/profile/tellus,Tellus,Health,Deerfield Beach
,,,,1289.0,https://www.inc.com/profile/international-ceramic-construction,International Ceramic Construction,Construction,Charlotte
,,,,1290.0,https://www.inc.com/profile/banyan-hills-technologies,Banyan Hills Technologies,Software,Duluth
,,,,1291.0,https://www.inc.com/profile/peddle,Peddle,Consumer Products & Services,Austin
,,,,1292.0,https://www.inc.com/profile/dibsies-personalization-station,Dibsies Personalization Station,Retail,Fairfield
,,,,1293.0,https://www.inc.com/profile/massie-rd-tax-credits,Massie R&D Tax Credits,Business Products & Services,Alpharetta
,,,,1294.0,https://www.inc.com/profile/verdia,Verdia,Manufacturing,Conroe
,,,,1295.0,https://www.inc.com/profile/cetechs,Cetechs,Government Services,Mesa
,,,,1296.0,https://www.inc.com/profile/investor-grit,Investor Grit,Education,South Jordan
,,,,1297.0,https://www.inc.com/profile/triple-e-equipment,Triple E Equipment,Retail,Pompano Beach
,,,,1298.0,https://www.inc.com/profile/prairie-tickets,Prairie Tickets,Retail,Sioux Falls
,,,,1299.0,https://www.inc.com/profile/crystal-clear-digital-marketing,Crystal Clear Digital Marketing,Health,Orlando
,,,,1300.0,https://www.inc.com/profile/broadjump,BroadJump,Health,Dallas
,,,,1301.0,https://www.inc.com/profile/homestar-remodeling,HomeStar Remodeling,Construction,Wilmington
,,,,1302.0,https://www.inc.com/profile/lms-logistics-made-simple,LMS (Logistics Made Simple),Logistics & Transportation,Chattanooga
,,,,1303.0,https://www.inc.com/profile/jbloom,jBloom,Retail,Saint Peters
,,,,1304.0,https://www.inc.com/profile/reltio,Reltio,Software,Redwood Shores
,,,,1305.0,https://www.inc.com/profile/g2s,G2S,Government Services,San Antonio
,,,,1306.0,https://www.inc.com/profile/the-revenue-optimization-companies,The Revenue Optimization Companies,Business Products & Services,Coral Gables
,,,,1307.0,https://www.inc.com/profile/the-exterior-company,The Exterior Company,Construction,Lancaster
,,,,1308.0,https://www.inc.com/profile/jennaration-boutique,Jennaration Boutique,Retail,Tuscaloosa
,,,,1309.0,https://www.inc.com/profile/Tinuiti,Tinuiti,Advertising & Marketing,New York
,,,,1310.0,https://www.inc.com/profile/dkp-express,DKP Express,Logistics & Transportation,Crystal
,,,,1311.0,https://www.inc.com/profile/flexfunds-etp,FlexFunds ETP,Financial Services,Miami
,,,,1312.0,https://www.inc.com/profile/rapidops,RapidOps,Software,Charlotte
,,,,1313.0,https://www.inc.com/profile/waiakea,Waiakea,Food & Beverage,Culver City
,,,,1314.0,https://www.inc.com/profile/nolan-transportation-group,Nolan Transportation Group,Logistics & Transportation,Atlanta
,,,,1315.0,https://www.inc.com/profile/tapresearch,TapResearch,Business Products & Services,San Carlos
,,,,1316.0,https://www.inc.com/profile/custom-decks,Custom Decks,Construction,Centennial
,,,,1317.0,https://www.inc.com/profile/rent-ready,Rent Ready,Real Estate,Charlotte
,,,,1318.0,https://www.inc.com/profile/30-lines,30 Lines,Advertising & Marketing,Columbus
,,,,1319.0,https://www.inc.com/profile/magmod,MagMod,Consumer Products & Services,Tucson
,,,,1320.0,https://www.inc.com/profile/the-idea-box---powered-by-proforma,The Idea Box - Powered by Proforma,Business Products & Services,Ft. Lauderdale
,,,,1321.0,https://www.inc.com/profile/sei-dallas,SEI-Dallas,Business Products & Services,Dallas
,,,,1322.0,https://www.inc.com/profile/under30experiences,Under30Experiences,Travel & Hospitality,Austin
,,,,1323.0,https://www.inc.com/profile/calyx,Calyx,IT Management,Westlake
,,,,1324.0,https://www.inc.com/profile/mobile-posse,Mobile Posse,Advertising & Marketing,Arlington
,,,,1325.0,https://www.inc.com/profile/intelligent-waves,Intelligent Waves,IT System Development,Reston
,,,,1326.0,https://www.inc.com/profile/kpg-healthcare,KPG Healthcare,Health,El Segundo
,,,,1327.0,https://www.inc.com/profile/jeff-shipley-enterprises,Jeff Shipley Enterprises,Real Estate,Fargo
,,,,1328.0,https://www.inc.com/profile/verified-first,Verified First,Human Resources,Meridian
,,,,1329.0,https://www.inc.com/profile/macstadium,MacStadium,IT System Development,Atlanta
,,,,1330.0,https://www.inc.com/profile/yapta,Yapta,Travel & Hospitality,Seattle
,,,,1331.0,https://www.inc.com/profile/the-jenny-maraghy-team,The Jenny Maraghy Team,Real Estate,Richmond
,,,,1332.0,https://www.inc.com/profile/proforma-think-ink,Proforma Think Ink,Business Products & Services,Apollo Beach
,,,,1333.0,https://www.inc.com/profile/circustrix,CircusTrix,Advertising & Marketing,Provo
,,,,1334.0,https://www.inc.com/profile/washington-capital-partners,Washington Capital Partners,Financial Services,Falls Church
,,,,1335.0,https://www.inc.com/profile/waste-away-systems,Waste Away Systems,Logistics & Transportation,Heath
,,,,1336.0,https://www.inc.com/profile/audley-travel,Audley Travel,Travel & Hospitality,Boston
,,,,1337.0,https://www.inc.com/profile/your-home-sold-guaranteed-realty,Your Home Sold Guaranteed Realty,Real Estate,ROSEMEAD
,,,,1338.0,https://www.inc.com/profile/a-lign,A-Lign,Business Products & Services,Tampa
,,,,1339.0,https://www.inc.com/profile/taimen-transport,Taimen Transport,Logistics & Transportation,Chattanooga
,,,,1340.0,https://www.inc.com/profile/calldrip,Calldrip,Software,Farmington
,,,,1341.0,https://www.inc.com/profile/triton-commerce,Triton Commerce,Advertising & Marketing,Minneapolis
,,,,1341.0,https://www.inc.com/profile/eassist-dental-solutions,eAssist Dental Solutions,Health,Syracuse
,,,,1342.0,https://www.inc.com/profile/big-leap,Big Leap,Advertising & Marketing,Lehi
,,,,1343.0,https://www.inc.com/profile/housing-trust-group,Housing Trust Group,Real Estate,Coconut Grove
,,,,1344.0,https://www.inc.com/profile/suite-experience-group,Suite Experience Group,Travel & Hospitality,San Mateo
,,,,1345.0,https://www.inc.com/profile/wheelhouse-it,WheelHouse IT,IT Management,Fort Lauderdale
,,,,1346.0,https://www.inc.com/profile/cap-venture-group,CAP Venture Group,Real Estate,Louisville
,,,,1347.0,https://www.inc.com/profile/tokenex,TokenEx,Software,EDMOND
,,,,1348.0,https://www.inc.com/profile/asb-resources,ASB Resources,IT Management,Princeton
,,,,1349.0,https://www.inc.com/profile/old-dominion-mechanical,Old Dominion Mechanical,Construction,Richmond
,,,,1350.0,https://www.inc.com/profile/managed-energy-systems,Managed Energy Systems,Energy,Leawood
,,,,1351.0,https://www.inc.com/profile/trinity3-technology,Trinity3 Technology,Computer Hardware,Saint Paul
,,,,1352.0,https://www.inc.com/profile/kureiji,Kureiji,Retail,South El Monte
,,,,1353.0,https://www.inc.com/profile/wellex,Wellex,Health,St. Louis
,,,,1354.0,https://www.inc.com/profile/connoils,Connoils,Food & Beverage,Waukesha
,,,,1355.0,https://www.inc.com/profile/advantage-media-group,Advantage Media Group,Media,Charleston
,,,,1356.0,https://www.inc.com/profile/dmd-products,DMD Products,Consumer Products & Services,Rosharon
,,,,1357.0,https://www.inc.com/profile/triplemint,Triplemint,Real Estate,New York
,,,,1358.0,https://www.inc.com/profile/matrix-4,Matrix 4,Manufacturing,Woodstock
,,,,1359.0,https://www.inc.com/profile/vantage-point-logistics,Vantage Point Logistics,Logistics & Transportation,Columbus
,,,,1360.0,https://www.inc.com/profile/telco-connection,Telco Connection,Telecommunications,Coto de Caza
,,,,1361.0,https://www.inc.com/profile/binary-defense,Binary Defense,Security,Stow
,,,,1362.0,https://www.inc.com/profile/pinnacle-dermatology,Pinnacle Dermatology,Health,Lombard
,,,,1363.0,https://www.inc.com/profile/tista-science-and-technology,TISTA Science and Technology,Government Services,Rockville
,,,,1364.0,https://www.inc.com/profile/schweiger-dermatology-group,Schweiger Dermatology Group,Health,Long Island City
,,,,1365.0,https://www.inc.com/profile/10th-magnitude,10th Magnitude,IT Management,Chicago
,,,,1366.0,https://www.inc.com/profile/rankingsio,Rankings.io,Advertising & Marketing,O'Fallon
,,,,1367.0,https://www.inc.com/profile/complete-recovery-corp,Complete Recovery Corp,Consumer Products & Services,Taylorsville
,,,,1368.0,https://www.inc.com/profile/aerospace-asset-trading,Aerospace Asset Trading,Business Products & Services,Miami
,,,,1369.0,https://www.inc.com/profile/select-communications,Select Communications,Telecommunications,Austin
,,,,1370.0,https://www.inc.com/profile/djb-hospitality-holding-cosedona-taphouse-restaurants,DJB Hospitality Holding Co/Sedona Taphouse Restaurants,Food & Beverage,Richmond
,,,,1371.0,https://www.inc.com/profile/aya-healthcare,Aya Healthcare,Health,San Diego
,,,,1372.0,https://www.inc.com/profile/novuhealth,NovuHealth,Health,Minneapolis
,,,,1373.0,https://www.inc.com/profile/bookkeeper360,Bookkeeper360,Financial Services,Woodbury
,,,,1374.0,https://www.inc.com/profile/guaba,Guaba,Advertising & Marketing,Los Angeles
,,,,1375.0,https://www.inc.com/profile/gasket-guy,Gasket Guy,Construction,Norcross
,,,,1376.0,https://www.inc.com/profile/industrial-security-integrators,Industrial Security Integrators,Government Services,Herndon
,,,,1377.0,https://www.inc.com/profile/advanced-care-partners,Advanced Care Partners,Health,Atlanta
,,,,1378.0,https://www.inc.com/profile/greentek-energy-systems,Greentek Energy Systems,Energy,Atlanta
,,,,1379.0,https://www.inc.com/profile/advanced-technological-solutions,Advanced Technological Solutions,IT System Development,Prattville
,,,,1380.0,https://www.inc.com/profile/lentech,Lentech,Government Services,ALBUQUERQUE
,,,,1381.0,https://www.inc.com/profile/triplepoint-environmental,Triplepoint Environmental,Environmental Services,Oak Park
,,,,1382.0,https://www.inc.com/profile/tango-card,Tango Card,Software,Seattle
,,,,1383.0,https://www.inc.com/profile/assure,Assure,Financial Services,Salt Lake City
,,,,1384.0,https://www.inc.com/profile/index-exchange,Index Exchange,Advertising & Marketing,New York
,,,,1385.0,https://www.inc.com/profile/beddys,Beddy's,Consumer Products & Services,West Jordan
,,,,1386.0,https://www.inc.com/profile/capital-wealth-advisors,Capital Wealth Advisors,Financial Services,Naples
,,,,1387.0,https://www.inc.com/profile/purecars-automotive,PureCars Automotive,Advertising & Marketing,Atlanta
,,,,1388.0,https://www.inc.com/profile/savilinx,SaviLinx,Business Products & Services,Brunswick
,,,,1389.0,https://www.inc.com/profile/closeriq,CloserIQ,Business Products & Services,New York
,,,,1390.0,https://www.inc.com/profile/kamind-it,Kamind IT,IT Management,Lake Oswego
,,,,1391.0,https://www.inc.com/profile/ascent-innovations,Ascent Innovations,IT System Development,Schaumberg
,,,,1392.0,https://www.inc.com/profile/itprotv,ITProTV,Education,Gainesville
,,,,1393.0,https://www.inc.com/profile/lynker-technologies,Lynker Technologies,Government Services,Leesburg
,,,,1394.0,https://www.inc.com/profile/motifworks,Motifworks,Software,TOWSON
,,,,1395.0,https://www.inc.com/profile/symmetry-financial-group,Symmetry Financial Group,Insurance,Swannnanoa
,,,,1396.0,https://www.inc.com/profile/zilker-technology,Zilker Technology,IT System Development,Austin
,,,,1397.0,https://www.inc.com/profile/struxure-outdoor,StruXure Outdoor,Manufacturing,Dahlonega
,,,,1398.0,https://www.inc.com/profile/tiger-analytics,Tiger Analytics,Software,Santa Clara
,,,,1399.0,https://www.inc.com/profile/brandywine-homes,Brandywine Homes,Real Estate,Irvine
,,,,1400.0,https://www.inc.com/profile/paragon-payroll,Paragon Payroll,Business Products & Services,Midlothian
,,,,1401.0,https://www.inc.com/profile/fluentstream-technologies,FluentStream Technologies,Telecommunications,Denver
,,,,1402.0,https://www.inc.com/profile/youtech,Youtech,Advertising & Marketing,Naperville
,,,,1403.0,https://www.inc.com/profile/kentech,Kentech,Security,Chicago
,,,,1404.0,https://www.inc.com/profile/pixability,Pixability,Advertising & Marketing,Boston
,,,,1405.0,https://www.inc.com/profile/osprey-management,Osprey Management,Construction,Marietta
,,,,1406.0,https://www.inc.com/profile/medical-guardian,Medical Guardian,Health,Philadelphia
,,,,1407.0,https://www.inc.com/profile/fastmore-logistics,Fastmore Logistics,Logistics & Transportation,Elk Grove Village
,,,,1408.0,https://www.inc.com/profile/matt-curtis-real-estate,Matt Curtis Real Estate,Real Estate,Madison
,,,,1409.0,https://www.inc.com/profile/petwell-partners,PetWell Partners,Health,Houston
,,,,1410.0,https://www.inc.com/profile/ventech-solutions,Ventech Solutions,IT Management,Columbus
,,,,1411.0,https://www.inc.com/profile/unitas-global,Unitas Global,IT Management,Los Angeles
,,,,1412.0,https://www.inc.com/profile/powerschool,PowerSchool,Education,Folsom
,,,,1413.0,https://www.inc.com/profile/vantage-payments,Vantage Payments,Financial Services,Scottsdale
,,,,1414.0,https://www.inc.com/profile/staffing-specifix,Staffing Specifix,Human Resources,Miami
,,,,1415.0,https://www.inc.com/profile/restoration-1,Restoration 1,Construction,Waco
,,,,1416.0,https://www.inc.com/profile/acorio,Acorio,Business Products & Services,Boston
,,,,1417.0,https://www.inc.com/profile/veterinary-practice-partners,Veterinary Practice Partners,Business Products & Services,King of Prussia
,,,,1418.0,https://www.inc.com/profile/research-america,Research America,Advertising & Marketing,Newtown Square
,,,,1419.0,https://www.inc.com/profile/amicus-enterprises,Amicus Enterprises,Media,Carlsbad
,,,,1420.0,https://www.inc.com/profile/opex-analytics,Opex Analytics,Business Products & Services,Evanston
,,,,1421.0,https://www.inc.com/profile/marijuana-business-daily,Marijuana Business Daily,Media,Lakewood
,,,,1422.0,https://www.inc.com/profile/xtreme-park-adventures,Xtreme Park Adventures,Consumer Products & Services,durham
,,,,1423.0,https://www.inc.com/profile/adonis-auto-group,Adonis Auto Group,Logistics & Transportation,Grand Prairie
,,,,1424.0,https://www.inc.com/profile/prescient-company,Prescient Company,Construction,Durham
,,,,1425.0,https://www.inc.com/profile/home-pride-construction,Home Pride Construction,Construction,Pacifica
,,,,1426.0,https://www.inc.com/profile/sigma-software,SIGMA SOFTWARE,IT System Development,Dallas
,,,,1427.0,https://www.inc.com/profile/no-limit-agency,No Limit Agency,Software,Chicago
,,,,1428.0,https://www.inc.com/profile/p2binvestor,P2Binvestor,Financial Services,Denver
,,,,1429.0,https://www.inc.com/profile/infinite-pool-finishes,Infinite Pool Finishes,Construction,Fort Myers
,,,,1430.0,https://www.inc.com/profile/cofc-logistics,COFC Logistics,Logistics & Transportation,Holland
,,,,1431.0,https://www.inc.com/profile/blackstone-medical-services,Blackstone Medical Services,Health,Tampa
,,,,1432.0,https://www.inc.com/profile/formulafolio-investments,FormulaFolio Investments,Financial Services,Grand Rapids
,,,,1433.0,https://www.inc.com/profile/advance-your-reach,Advance Your Reach,Business Products & Services,Colorado Springs
,,,,1434.0,https://www.inc.com/profile/fundrise,Fundrise,Financial Services,Washington
,,,,1435.0,https://www.inc.com/profile/3-gis,3-GIS,Engineering,Decatur
,,,,1436.0,https://www.inc.com/profile/digitalspec,Digitalspec,Government Services,Fairfax
,,,,1437.0,https://www.inc.com/profile/leaffilter-gutter-protection,LeafFilter Gutter Protection,Consumer Products & Services,Hudson
,,,,1438.0,https://www.inc.com/profile/united-wall-systems,United Wall Systems,Construction,Winter Garden
,,,,1439.0,https://www.inc.com/profile/sleeping-giant-brewing-company,Sleeping Giant Brewing Company,Food & Beverage,Denver
,,,,1440.0,https://www.inc.com/profile/anemoi,Anemoi,Energy,Morgantown
,,,,1441.0,https://www.inc.com/profile/center-for-social-dynamics,Center for Social Dynamics,Health,Alameda
,,,,1442.0,https://www.inc.com/profile/yamibuy,Yamibuy,Retail,Brea
,,,,1443.0,https://www.inc.com/profile/ordermygear,OrderMyGear,Software,Dallas
,,,,1444.0,https://www.inc.com/profile/criterion-systems,Criterion Systems,Government Services,Vienna
,,,,1445.0,https://www.inc.com/profile/optimum-rv,Optimum RV,Retail,Ocala
,,,,1446.0,https://www.inc.com/profile/thompson-healthcare-sports-medicine,Thompson Healthcare & Sports Medicine,Health,Forked River
,,,,1447.0,https://www.inc.com/profile/proplogix,PropLogix,Real Estate,Sarasota
,,,,1448.0,https://www.inc.com/profile/e-network-supply,E Network Supply,Telecommunications,skokie
,,,,1449.0,https://www.inc.com/profile/riva-solutions,Riva Solutions,Government Services,McLean
,,,,1450.0,https://www.inc.com/profile/the-hilb-group,The Hilb Group,Insurance,Richmond
,,,,1451.0,https://www.inc.com/profile/perceptive-recruiting,Perceptive Recruiting,Business Products & Services,Travelers Rest
,,,,1452.0,https://www.inc.com/profile/ui-global-brands,UI Global Brands,Consumer Products & Services,Frisco
,,,,1453.0,https://www.inc.com/profile/house-advantage,House Advantage,Software,Las Vegas
,,,,1454.0,https://www.inc.com/profile/primal-life-organics,Primal Life Organics,Consumer Products & Services,Copley
,,,,1455.0,https://www.inc.com/profile/living-wellness-partners,Living Wellness Partners,Food & Beverage,Carlsbad
,,,,1456.0,https://www.inc.com/profile/millhouse-logistics,Millhouse Logistics,Logistics & Transportation,Fletcher
,,,,1457.0,https://www.inc.com/profile/agamerica-lending,AgAmerica Lending,Financial Services,Lakeland
,,,,1458.0,https://www.inc.com/profile/medbridge,MedBridge,Health,Seattle
,,,,1459.0,https://www.inc.com/profile/autosource-motors,AutoSource Motors,Business Products & Services,Woods Cross
,,,,1460.0,https://www.inc.com/profile/fulcrum-construction-group,Fulcrum Construction Group,Construction,DAPHNE
,,,,1461.0,https://www.inc.com/profile/red-river,Red River,Manufacturing,Gillette
,,,,1462.0,https://www.inc.com/profile/bluedog,BlueDog,Business Products & Services,Vero Beach
,,,,1463.0,https://www.inc.com/profile/kontrol,Kontrol,Financial Services,Severna Park
,,,,1464.0,https://www.inc.com/profile/dockyard,DockYard,Software,Hingham
,,,,1465.0,https://www.inc.com/profile/midpoint-technology-group,MidPoint Technology Group,IT Management,Hanover
,,,,1466.0,https://www.inc.com/profile/porcaro-stolarek-mete-partners,Porcaro Stolarek Mete Partners,IT Management,Chicago
,,,,1467.0,https://www.inc.com/profile/national-energy-light,National Energy & Light,Manufacturing,Nashua
,,,,1468.0,https://www.inc.com/profile/ciscom-solutions,CisCom Solutions,IT Management,Louisville
,,,,1469.0,https://www.inc.com/profile/biotrans,Biotrans,Logistics & Transportation,Brockton
,,,,1470.0,https://www.inc.com/profile/jb-office,JB Office,Business Products & Services,Chatsworth
,,,,1471.0,https://www.inc.com/profile/jcw-search,JCW Search,Human Resources,New York
,,,,1472.0,https://www.inc.com/profile/star-lab-corp,Star Lab Corp.,Software,Washington
,,,,1473.0,https://www.inc.com/profile/expero,Expero,Software,Houston
,,,,1474.0,https://www.inc.com/profile/endurance,Endurance,Consumer Products & Services,Northbrook
,,,,1475.0,https://www.inc.com/profile/Spiceology,Spiceology,Food & Beverage,Spokane
,,,,1476.0,https://www.inc.com/profile/chewse,Chewse,Food & Beverage,San Francisco
,,,,1477.0,https://www.inc.com/profile/apex-appraisal-service,Apex Appraisal Service,Real Estate,Roseville
,,,,1478.0,https://www.inc.com/profile/boomset,Boomset,Software,New York
,,,,1479.0,https://www.inc.com/profile/shipsound,ShipSound,Retail,Wilmington
,,,,1480.0,https://www.inc.com/profile/infinite-leap,Infinite Leap,IT Management,Fargo
,,,,1481.0,https://www.inc.com/profile/douglas-realty,Douglas Realty,Real Estate,Pasadena
,,,,1482.0,https://www.inc.com/profile/b3-medical,B3 Medical,Health,Lutz
,,,,1483.0,https://www.inc.com/profile/self-publishing-school,Self-Publishing School,Education,Venice
,,,,1484.0,https://www.inc.com/profile/torrent-consulting,Torrent Consulting,Business Products & Services,Charlotte
,,,,1485.0,https://www.inc.com/profile/atlas-medstaff,Atlas MedStaff,Health,Omaha
,,,,1486.0,https://www.inc.com/profile/jb-software-and-consulting,JB Software and Consulting,Business Products & Services,Allen
,,,,1487.0,https://www.inc.com/profile/atredis-partners,Atredis Partners,IT Management,Saint Louis
,,,,1488.0,https://www.inc.com/profile/2a-consulting,2A Consulting,Advertising & Marketing,Seattle
,,,,1489.0,https://www.inc.com/profile/flux7,Flux7,IT System Development,Austin
,,,,1490.0,https://www.inc.com/profile/famous-toastery,Famous Toastery,Food & Beverage,Davidson
,,,,1491.0,https://www.inc.com/profile/vac2go,Vac2Go,Business Products & Services,LaGrange
,,,,1492.0,https://www.inc.com/profile/ita-international,ITA International,Government Services,YORKTOWN
,,,,1493.0,https://www.inc.com/profile/raw-sugar-living,Raw Sugar Living,Consumer Products & Services,Sherman Oaks
,,,,1494.0,https://www.inc.com/profile/devbridge,Devbridge,Software,Chicago
,,,,1495.0,https://www.inc.com/profile/aml-rightsource,AML RightSource,Financial Services,Cleveland
,,,,1496.0,https://www.inc.com/profile/rozalado,Rozalado,Business Products & Services,Chicago
,,,,1497.0,https://www.inc.com/profile/hayes-healthcare,Hayes Healthcare,Health,Ft. Lauderdale
,,,,1498.0,https://www.inc.com/profile/grant-enterprises,Grant Enterprises,Retail,Minneapolis
,,,,1499.0,https://www.inc.com/profile/disruptive-advertising,Disruptive Advertising,Advertising & Marketing,Lindon
,,,,1500.0,https://www.inc.com/profile/proforma-angelini-diamond-solutions,Proforma Angelini + Diamond Solutions,Business Products & Services,Cypress
,,,,1501.0,https://www.inc.com/profile/softeq-development,Softeq Development,Software,Houston
,,,,1502.0,https://www.inc.com/profile/dream-finders-homes,Dream Finders Homes,Construction,Jacksonville
,,,,1503.0,https://www.inc.com/profile/proequity-asset-management,ProEquity Asset Management,Real Estate,El Dorado Hills
,,,,1504.0,https://www.inc.com/profile/rise-brands,Rise Brands,Advertising & Marketing,Columbus
,,,,1505.0,https://www.inc.com/profile/idealfurniturekozyfurniture,iDealFurniture/KozyFurniture,Retail,Las Vegas
,,,,1506.0,https://www.inc.com/profile/generx-generators,GenerX Generators,Consumer Products & Services,Oldsmar
,,,,1507.0,https://www.inc.com/profile/team-si,Team SI,Advertising & Marketing,Little Rock
,,,,1508.0,https://www.inc.com/profile/picardie-timber-frame,Picardie Timber Frame,Construction,New Orleans
,,,,1509.0,https://www.inc.com/profile/tarmac,Tarmac,Software,Shoreview
,,,,1510.0,https://www.inc.com/profile/whirlwind-technologies,WhirlWind Technologies,IT Management,Largo
,,,,1511.0,https://www.inc.com/profile/geo-owl,Geo Owl,Government Services,Wilmington
,,,,1512.0,https://www.inc.com/profile/flexisales,Flexisales,Advertising & Marketing,Las Vegas
,,,,1513.0,https://www.inc.com/profile/bleacher-restorators-of-colorado,Bleacher Restorators of Colorado,Construction,Littleton
,,,,1514.0,https://www.inc.com/profile/black-tie-moving,Black Tie Moving,Logistics & Transportation,Nashville
,,,,1515.0,https://www.inc.com/profile/maven-wave,Maven Wave,Business Products & Services,Chicago
,,,,1516.0,https://www.inc.com/profile/mountain-state-software-solutions,Mountain State Software Solutions,IT System Development,Ranson
,,,,1517.0,https://www.inc.com/profile/gateway-multifamily,Gateway Multifamily,Real Estate,O'Fallon
,,,,1518.0,https://www.inc.com/profile/venture-rei,Venture REI,Real Estate,Scottsdale
,,,,1519.0,https://www.inc.com/profile/autopets,AutoPets,Consumer Products & Services,Auburn Hills
,,,,1520.0,https://www.inc.com/profile/flocknote,Flocknote,Software,Spring
,,,,1521.0,https://www.inc.com/profile/lowers-risk-group,Lowers Risk Group,Business Products & Services,Purcellville
,,,,1522.0,https://www.inc.com/profile/escapology,Escapology,Travel & Hospitality,Orlando
,,,,1523.0,https://www.inc.com/profile/aero-accessories,Aero Accessories,Manufacturing,MIRAMAR
,,,,1524.0,https://www.inc.com/profile/magnolia-innovation,Magnolia Innovation,Business Products & Services,HOBOKEN
,,,,1525.0,https://www.inc.com/profile/national-design-build-services,National Design Build Services,Engineering,St. Louis
,,,,1526.0,https://www.inc.com/profile/tekcom-resources,TekCom Resources,Telecommunications,King of Prussia
,,,,1527.0,https://www.inc.com/profile/rx-savings-solutions,Rx Savings Solutions,Software,Overland Park
,,,,1528.0,https://www.inc.com/profile/ag-consulting-partners,AG Consulting Partners,Business Products & Services,Redmond
,,,,1529.0,https://www.inc.com/profile/eck-services,Eck Services,Construction,Kingman
,,,,1530.0,https://www.inc.com/profile/legacy-service,Legacy Service,Construction,Southampton
,,,,1531.0,https://www.inc.com/profile/strong-together-fitness,Strong Together Fitness,Consumer Products & Services,Hackettstown
,,,,1532.0,https://www.inc.com/profile/moxie-solar,Moxie Solar,Energy,North Liberty
,,,,1533.0,https://www.inc.com/profile/veyo,Veyo,Health,San Diego
,,,,1534.0,https://www.inc.com/profile/world-insurance-associates,World Insurance Associates,Insurance,Tinton Falls
,,,,1535.0,https://www.inc.com/profile/saviynt,Saviynt,Software,El Segundo
,,,,1536.0,https://www.inc.com/profile/wana-brands,Wana Brands,Food & Beverage,Boulder
,,,,1537.0,https://www.inc.com/profile/cookie-cutters-haircuts-for-kids,Cookie Cutters Haircuts for Kids,Consumer Products & Services,Salt Lake City
,,,,1538.0,https://www.inc.com/profile/wavefly-powered-by-jmf-solutions,WaveFly Powered by JMF Solutions,Telecommunications,Daphne
,,,,1539.0,https://www.inc.com/profile/n2grate,n2grate,Government Services,Greenbelt
,,,,1540.0,https://www.inc.com/profile/fullcontact,FullContact,Business Products & Services,Denver
,,,,1541.0,https://www.inc.com/profile/thycotic,Thycotic,Software,"Washington, D.C."
,,,,1542.0,https://www.inc.com/profile/spring-dental,Spring Dental,Health,Jenks
,,,,1543.0,https://www.inc.com/profile/healthcaps,HealthCaps,Health,Miami Lakes
,,,,1544.0,https://www.inc.com/profile/boss-retirement-solutions,B.O.S.S. Retirement Solutions,Financial Services,Lehi
,,,,1545.0,https://www.inc.com/profile/teamson-design-corp,Teamson Design Corp.,Consumer Products & Services,bay shore
,,,,1546.0,https://www.inc.com/profile/total-server-solutions,Total Server Solutions,IT Management,Atlanta
,,,,1547.0,https://www.inc.com/profile/the-mix-group,The Mix Group,Media,Weston
,,,,1548.0,https://www.inc.com/profile/mpact-strategic-consulting,Mpact Strategic Consulting,Business Products & Services,Houston
,,,,1549.0,https://www.inc.com/profile/erp-maestro,ERP Maestro,Software,Plantation
,,,,1550.0,https://www.inc.com/profile/magnolia-boutique,Magnolia Boutique,Retail,Franklin
,,,,1551.0,https://www.inc.com/profile/landsouth-construction,LandSouth Construction,Construction,Jacksonville
,,,,1552.0,https://www.inc.com/profile/the-vested-group,The Vested Group,Business Products & Services,Plano
,,,,1553.0,https://www.inc.com/profile/cortina-solutions,Cortina Solutions,Government Services,Huntsville
,,,,1554.0,https://www.inc.com/profile/lafayette-metal-glass-company,Lafayette Metal & Glass Company,Construction,Hauppauge
,,,,1555.0,https://www.inc.com/profile/ops-tech-alliance,Ops Tech Alliance,Security,Bowie
,,,,1556.0,https://www.inc.com/profile/time-systems,TIME Systems,Government Services,Dumfries
,,,,1557.0,https://www.inc.com/profile/lighter-capital,Lighter Capital,Financial Services,Seattle
,,,,1558.0,https://www.inc.com/profile/intuitive-web-solutions,Intuitive Web Solutions,Software,Springfield
,,,,1559.0,https://www.inc.com/profile/ardent-eagle-solutions,Ardent Eagle Solutions,Government Services,Tampa
,,,,1560.0,https://www.inc.com/profile/boutique-recruiting,Boutique Recruiting,Human Resources,San Diego
,,,,1561.0,https://www.inc.com/profile/perkspot,PerkSpot,Human Resources,Chicago
,,,,1562.0,https://www.inc.com/profile/wambam-fence,WamBam Fence,Consumer Products & Services,Charlotte
,,,,1563.0,https://www.inc.com/profile/smr-holdings,SMR Holdings,IT Management,Statesville
,,,,1564.0,https://www.inc.com/profile/brown-fox-pllc,Brown Fox PLLC,Business Products & Services,Dallas
,,,,1565.0,https://www.inc.com/profile/ruckus-marketing,Ruckus Marketing,Advertising & Marketing,New York
,,,,1566.0,https://www.inc.com/profile/pacifica-consulting-services,Pacifica Consulting Services,IT System Development,St. Louis
,,,,1567.0,https://www.inc.com/profile/zerto,Zerto,IT Management,Boston
,,,,1568.0,https://www.inc.com/profile/garland-technology,Garland Technology,Computer Hardware,Buffalo
,,,,1569.0,https://www.inc.com/profile/cirruslabs,CirrusLabs,IT Services,ALPHARETTA
,,,,1570.0,https://www.inc.com/profile/northwest-healthcare,Northwest Healthcare,Health,Vancouver
,,,,1571.0,https://www.inc.com/profile/vividfront,VividFront,Advertising & Marketing,Cleveland
,,,,1572.0,https://www.inc.com/profile/auditmacs,Auditmacs,Telecommunications,Jacksonville
,,,,1573.0,https://www.inc.com/profile/nationwide-it-services,Nationwide IT Services,IT Management,Fairfax
,,,,1574.0,https://www.inc.com/profile/bespoke-sports-entertainment,Bespoke Sports & Entertainment,Advertising & Marketing,Charlotte
,,,,1575.0,https://www.inc.com/profile/hero-digital,Hero Digital,Advertising & Marketing,San Francisco
,,,,1576.0,https://www.inc.com/profile/diversified,Diversified,Business Products & Services,Kenilworth
,,,,1577.0,https://www.inc.com/profile/credence-management-solutions,Credence Management Solutions,Government Services,Vienna
,,,,1578.0,https://www.inc.com/profile/viewsport-international,ViewSport International,Manufacturing,Rochester
,,,,1579.0,https://www.inc.com/profile/stack-construction-technologies,Stack Construction Technologies,Software,Cincinnati
,,,,1580.0,https://www.inc.com/profile/mequilibriumnew-life-solution,meQuilibrium/New Life Solution,Human Resources,Boston
,,,,1581.0,https://www.inc.com/profile/myles-apparel,Myles Apparel,Consumer Products & Services,San Francisco
,,,,1582.0,https://www.inc.com/profile/malka,Malka,Media,Jersey City
,,,,1583.0,https://www.inc.com/profile/bigbinary,BigBinary,Software,San Francisco
,,,,1584.0,https://www.inc.com/profile/epic-property-management,Epic Property Management,Real Estate,Southgate
,,,,1585.0,https://www.inc.com/profile/goldfish-swim-school-franchising,Goldfish Swim School Franchising,Education,Troy
,,,,1586.0,https://www.inc.com/profile/projectmanagercom,ProjectManager.com,Software,Austin
,,,,1587.0,https://www.inc.com/profile/terra-exports,Terra Exports,Food & Beverage,Las Vegas
,,,,1588.0,https://www.inc.com/profile/purchasing-group,Purchasing Group,Consumer Products & Services,Pompano Beach
,,,,1589.0,https://www.inc.com/profile/cloudticity,Cloudticity,IT Management,Seattle
,,,,1590.0,https://www.inc.com/profile/a-prentice-ray,A. Prentice Ray,IT Management,Wash
,,,,1591.0,https://www.inc.com/profile/martinfederal,MartinFederal,Government Services,Huntsville
,,,,1592.0,https://www.inc.com/profile/qfs,QFS,Environmental Services,Brooklyn
,,,,1593.0,https://www.inc.com/profile/heaton-dainard-real-estate,Heaton Dainard Real Estate,Real Estate,Bellevue
,,,,1594.0,https://www.inc.com/profile/five-doors-network,Five Doors Network,Real Estate,Baltimore
,,,,1595.0,https://www.inc.com/profile/greenworks-service-company,GreenWorks Service Company,Business Products & Services,Dallas
,,,,1596.0,https://www.inc.com/profile/becker-logistics,Becker Logistics,Logistics & Transportation,Glendale Heights
,,,,1597.0,https://www.inc.com/profile/gis-surveyors,GIS Surveyors,Engineering,Poway
,,,,1598.0,https://www.inc.com/profile/taulia,Taulia,Software,San Francisco
,,,,1599.0,https://www.inc.com/profile/kensiemae,KensieMae,Software,Eden
,,,,1600.0,https://www.inc.com/profile/advanced-technology-logistics,Advanced Technology Logistics,Government Services,Newnan
,,,,1601.0,https://www.inc.com/profile/kingsmen-software,Kingsmen Software,Software,Charlotte
,,,,1602.0,https://www.inc.com/profile/hologenix,Hologenix,Health,Santa Monica
,,,,1603.0,https://www.inc.com/profile/franklin-media,Franklin Media,Retail,Irving
,,,,1604.0,https://www.inc.com/profile/instinct-dog-behavior-training,Instinct Dog Behavior & Training,Consumer Products & Services,New York
,,,,1605.0,https://www.inc.com/profile/fulton-grace-realty,Fulton Grace Realty,Real Estate,Chicago
,,,,1606.0,https://www.inc.com/profile/innovatemap,Innovatemap,Business Products & Services,Indianapolis
,,,,1607.0,https://www.inc.com/profile/ramsey-walker,Ramsey & Walker,Construction,Navarre
,,,,1608.0,https://www.inc.com/profile/trufusion,TruFusion,Consumer Products & Services,Henderson
,,,,1609.0,https://www.inc.com/profile/precise-software-solutions,Precise Software Solutions,IT System Development,Rockville
,,,,1610.0,https://www.inc.com/profile/zoco-design,ZoCo Design,Advertising & Marketing,Columbus
,,,,1611.0,https://www.inc.com/profile/geolinks,GeoLinks,Telecommunications,Camarillo
,,,,1612.0,https://www.inc.com/profile/formassembly,FormAssembly,Software,Bloomington
,,,,1613.0,https://www.inc.com/profile/uber-bazaar,Uber Bazaar,Retail,Germantown
,,,,1614.0,https://www.inc.com/profile/kiki-larue,Kiki LaRue,Retail,Roanoke
,,,,1615.0,https://www.inc.com/profile/proforma-brandcentric-solutions,Proforma BrandCentric Solutions,Business Products & Services,Raleigh
,,,,1616.0,https://www.inc.com/profile/popshorts,PopShorts,Advertising & Marketing,Newport Beach
,,,,1617.0,https://www.inc.com/profile/allied-universal,Allied Universal,Security,Santa Ana
,,,,1618.0,https://www.inc.com/profile/infinisource-consulting-solutions,InfiniSource Consulting Solutions,Government Services,Reston
,,,,1619.0,https://www.inc.com/profile/540co,540.co,Government Services,Arlington
,,,,1620.0,https://www.inc.com/profile/sauce-labs,Sauce Labs,Software,San Francisco
,,,,1621.0,https://www.inc.com/profile/renaissance-windows-doors,Renaissance Windows & Doors,Construction,Houston
,,,,1622.0,https://www.inc.com/profile/barbee-jackson-insurance,Barbee Jackson Insurance,Insurance,Crestview
,,,,1623.0,https://www.inc.com/profile/whitestone-branding,Whitestone Branding,Advertising & Marketing,New York
,,,,1624.0,https://www.inc.com/profile/einstein-peo,Einstein PEO,Human Resources,Duluth
,,,,1625.0,https://www.inc.com/profile/axe-prime,Axe Prime,Health,Mt Laurel
,,,,1626.0,https://www.inc.com/profile/optmyzr,Optmyzr,Advertising & Marketing,Foster City
,,,,1627.0,https://www.inc.com/profile/well-told,Well Told,Retail,West Newbury
,,,,1628.0,https://www.inc.com/profile/camp-gladiator,Camp Gladiator,Consumer Products & Services,Austin
,,,,1629.0,https://www.inc.com/profile/mfrg-icon-construction,Mfrg-Icon Construction,Construction,Scottsdale
,,,,1630.0,https://www.inc.com/profile/metis-solutions,Metis Solutions,Government Services,Arlington
,,,,1631.0,https://www.inc.com/profile/rainmaker-ad-ventures,Rainmaker Ad Ventures,Advertising & Marketing,Los Angeles
,,,,1632.0,https://www.inc.com/profile/tattersall-companies,Tattersall Companies,Food & Beverage,MINNEAPOLIS
,,,,1633.0,https://www.inc.com/profile/the-gfb-gluten-free-bar,The GFB: Gluten Free Bar,Food & Beverage,Grand Rapids
,,,,1634.0,https://www.inc.com/profile/accelerate-solar,Accelerate Solar,Construction,Charlotte
,,,,1635.0,https://www.inc.com/profile/callibrity-solutions,Callibrity Solutions,Software,Blue Ash
,,,,1636.0,https://www.inc.com/profile/construction-plus,Construction Plus,Construction,Knoxville
,,,,1637.0,https://www.inc.com/profile/big-hammer-wines,Big Hammer Wines,Food & Beverage,Buellton
,,,,1638.0,https://www.inc.com/profile/tfm-truckload,TFM Truckload,Logistics & Transportation,Pittsburgh
,,,,1639.0,https://www.inc.com/profile/mortgage-financial-services,Mortgage Financial Services,Financial Services,San Antonio
,,,,1640.0,https://www.inc.com/profile/the-participation-agency,The Participation Agency,Advertising & Marketing,New York
,,,,1641.0,https://www.inc.com/profile/salesloft,SalesLoft,Software,Atlanta
,,,,1642.0,https://www.inc.com/profile/kaizen-technology-partners,Kaizen Technology Partners,IT Management,San Francisco
,,,,1643.0,https://www.inc.com/profile/oppgenetix,OppGenetix,Advertising & Marketing,Worthington
,,,,1644.0,https://www.inc.com/profile/ecogistics,Ecogistics,Logistics & Transportation,Rock Island
,,,,1645.0,https://www.inc.com/profile/staffrehab,StaffRehab,Education,Newport Beach
,,,,1646.0,https://www.inc.com/profile/alkemy-partners-instruction-and-design,Alkemy Partners Instruction and Design,Health,Amherst
,,,,1647.0,https://www.inc.com/profile/explotrain,Explotrain,Manufacturing,Fort Walton Beach
,,,,1648.0,https://www.inc.com/profile/healthcare-solutions-direct,Healthcare Solutions Direct,Insurance,Tampa
,,,,1649.0,https://www.inc.com/profile/eaglestone,Eaglestone,Manufacturing,Saint Charles
,,,,1650.0,https://www.inc.com/profile/floodbreak,FloodBreak,Manufacturing,Houston
,,,,1651.0,https://www.inc.com/profile/r2c,R2C,Government Services,Huntsville
,,,,1652.0,https://www.inc.com/profile/triad,Triad,Construction,Blue Springs
,,,,1653.0,https://www.inc.com/profile/kerberos-international,Kerberos International,Government Services,Temple
,,,,1654.0,https://www.inc.com/profile/priority-ambulance,Priority Ambulance,Health,Knoxville
,,,,1655.0,https://www.inc.com/profile/corporate-tax-advisors,Corporate Tax Advisors,Financial Services,Huntsville
,,,,1656.0,https://www.inc.com/profile/stride-consulting,Stride Consulting,Software,New York
,,,,1657.0,https://www.inc.com/profile/eso-solutions,ESO,Software,Austin
,,,,1658.0,https://www.inc.com/profile/origami-risk,Origami Risk,Software,Chicago
,,,,1659.0,https://www.inc.com/profile/westview-productions,Westview Productions,Construction,Arvada
,,,,1660.0,https://www.inc.com/profile/3blue-media,3Blue Media,Media,West Palm Beach
,,,,1661.0,https://www.inc.com/profile/signature-analytics,Signature Analytics,Financial Services,San Diego
,,,,1662.0,https://www.inc.com/profile/seriously,Seriously,Media,Venice Beach
,,,,1663.0,https://www.inc.com/profile/chefman,Chefman,Consumer Products & Services,Mahwah
,,,,1664.0,https://www.inc.com/profile/twelve-nyc,twelve NYC,Business Products & Services,Brooklyn
,,,,1665.0,https://www.inc.com/profile/scorpion,Scorpion,Advertising & Marketing,Valencia
,,,,1666.0,https://www.inc.com/profile/overdrive-brands,Overdrive Brands,Retail,FAYETTEVILLE
,,,,1667.0,https://www.inc.com/profile/it-authorities,IT Authorities,IT Management,Tampa
,,,,1668.0,https://www.inc.com/profile/macs-ltc-pharmacy-solutions,Mac's LTC Pharmacy Solutions,Health,Powell
,,,,1669.0,https://www.inc.com/profile/123wscom,123ws.com,Software,Alpharetta
,,,,1670.0,https://www.inc.com/profile/greenlink-financial,Greenlink Financial,Financial Services,SANTA ANA
,,,,1671.0,https://www.inc.com/profile/direct-components,Direct Components,Computer Hardware,Tampa
,,,,1672.0,https://www.inc.com/profile/seller-labs,Seller Labs,Software,Athens
,,,,1673.0,https://www.inc.com/profile/jd-precision-plumbing-services,JD Precision Plumbing Services,Construction,Conroe
,,,,1674.0,https://www.inc.com/profile/nearshore-technology,Nearshore Technology,IT System Development,Canton
,,,,1675.0,https://www.inc.com/profile/weris,Weris,Government Services,Sterling
,,,,1676.0,https://www.inc.com/profile/willowtree,WillowTree,Software,Charlottesville
,,,,1677.0,https://www.inc.com/profile/the-dvi-group,The DVI Group,Advertising & Marketing,Atlanta
,,,,1678.0,https://www.inc.com/profile/rational-interaction,Rational Interaction,Advertising & Marketing,Seattle
,,,,1679.0,https://www.inc.com/profile/peak-dental-services,Peak Dental Services,Health,Colorado Springs
,,,,1680.0,https://www.inc.com/profile/obsidian-solutions-group,Obsidian Solutions Group,Government Services,Fredericksburg
,,,,1681.0,https://www.inc.com/profile/fairbridge-partners,Fairbridge Partners,Real Estate,Skillman
,,,,1682.0,https://www.inc.com/profile/livewell-clinic,Livewell Clinic,Health,Clive
,,,,1683.0,https://www.inc.com/profile/digital-brew,Digital Brew,Advertising & Marketing,Orlando
,,,,1684.0,https://www.inc.com/profile/5by5,5by5,Advertising & Marketing,Brentwood
,,,,1685.0,https://www.inc.com/profile/punch-bowl-social,Punch Bowl Social,Food & Beverage,Denver
,,,,1686.0,https://www.inc.com/profile/consumeraffairs,ConsumerAffairs,Media,Tulsa
,,,,1687.0,https://www.inc.com/profile/mars-services,Mars Services,Construction,Haltom City
,,,,1688.0,https://www.inc.com/profile/mas-global-consulting,MAS Global Consulting,Software,PALM HARBOR
,,,,1689.0,https://www.inc.com/profile/statgear,StatGear,Retail,Brooklyn
,,,,1690.0,https://www.inc.com/profile/source-1-solutions,Source 1 Solutions,IT Management,Clearwater
,,,,1691.0,https://www.inc.com/profile/artemis-consulting,Artemis Consulting,IT Management,McLean
,,,,1692.0,https://www.inc.com/profile/rebellion-photonics,Rebellion Photonics,Energy,Houston
,,,,1693.0,https://www.inc.com/profile/innovateed,InnovateEd,Education,Riverside
,,,,1694.0,https://www.inc.com/profile/intlx-solutions,intlx Solutions,Telecommunications,Norwood
,,,,1695.0,https://www.inc.com/profile/seal-software,Seal Software,Software,Walnut Creek
,,,,1696.0,https://www.inc.com/profile/integrity-express-logistics,Integrity Express Logistics,Logistics & Transportation,Cincinnati
,,,,1697.0,https://www.inc.com/profile/mission-field,Mission Field,Business Products & Services,Denver
,,,,1698.0,https://www.inc.com/profile/cambay-consulting,Cambay Consulting,Software,Katy
,,,,1699.0,https://www.inc.com/profile/sourcetoad,Sourcetoad,Software,Tampa
,,,,1700.0,https://www.inc.com/profile/corlife,CorLife,Health,Green Bay
,,,,1701.0,https://www.inc.com/profile/passio-technologies,Passio Technologies,Software,Atlanta
,,,,1702.0,https://www.inc.com/profile/silverback-strategies,Silverback Strategies,Advertising & Marketing,Alexandria
,,,,1703.0,https://www.inc.com/profile/nextgen-federal-systems,NextGen Federal Systems,IT System Development,Morgantown
,,,,1704.0,https://www.inc.com/profile/tripleseat,Tripleseat,Software,Concord
,,,,1705.0,https://www.inc.com/profile/sonatype,Sonatype,Software,Fulton
,,,,1706.0,https://www.inc.com/profile/itechart-group,iTechArt Group,Software,New York
,,,,1707.0,https://www.inc.com/profile/flexton,Flexton,Software,San Jose
,,,,1708.0,https://www.inc.com/profile/xtenfer-consulting,Xtenfer Consulting,Business Products & Services,Tampa
,,,,1709.0,https://www.inc.com/profile/tenfold,Tenfold,Advertising & Marketing,Columbus
,,,,1710.0,https://www.inc.com/profile/avant-healthcare-professionals,Avant Healthcare Professionals,Health,Casselberry
,,,,1711.0,https://www.inc.com/profile/need-supply-co,Need Supply Co.,Retail,Richmond
,,,,1712.0,https://www.inc.com/profile/grow-op-farms,Grow Op Farms,Consumer Products & Services,Spokane
,,,,1713.0,https://www.inc.com/profile/advent-health-partners,Advent Health Partners,Health,Nashville
,,,,1714.0,https://www.inc.com/profile/copasat,CopaSAT,Government Services,Tampa
,,,,1715.0,https://www.inc.com/profile/reservationscom,Reservations.com,Travel & Hospitality,Orlando
,,,,1716.0,https://www.inc.com/profile/global-lending-services,Global Lending Services,Financial Services,Greenville
,,,,1717.0,https://www.inc.com/profile/broad-sky-networks,Broad Sky Networks,Telecommunications,Bend
,,,,1718.0,https://www.inc.com/profile/sawtst,Sawtst,Government Services,Newnan
,,,,1719.0,https://www.inc.com/profile/open-lending,Open Lending,Financial Services,Austin
,,,,1720.0,https://www.inc.com/profile/wilson-shaw-information-technology,Wilson Shaw Information Technology,IT Management,Montgomery
,,,,1721.0,https://www.inc.com/profile/brand-bureau,Brand Bureau,Advertising & Marketing,New York
,,,,1722.0,https://www.inc.com/profile/travlucom-dhd-hospetality-services,Travlu.com : DHD Hospetality Services,Travel & Hospitality,orlando
,,,,1723.0,https://www.inc.com/profile/ivy-lane,Ivy Lane,Retail,West Des Moines
,,,,1724.0,https://www.inc.com/profile/klymit,Klymit,Consumer Products & Services,Kaysville
,,,,1725.0,https://www.inc.com/profile/american-hartford-gold-group,American Hartford Gold Group,Financial Services,Los Angeles
,,,,1726.0,https://www.inc.com/profile/poseidon-systems,Poseidon Systems,Business Products & Services,Rochester
,,,,1727.0,https://www.inc.com/profile/lemonlight,Lemonlight,Media,Los Angeles
,,,,1728.0,https://www.inc.com/profile/zentra,Zentra,Retail,Indian Trail
,,,,1729.0,https://www.inc.com/profile/tresata,Tresata,Software,Charlotte
,,,,1730.0,https://www.inc.com/profile/70e-solutions,70E Solutions,Construction,Butler
,,,,1731.0,https://www.inc.com/profile/national-coatings,National Coatings,Construction,Raleigh
,,,,1732.0,https://www.inc.com/profile/one-source-companies,One Source Companies,Real Estate,Wallingford
,,,,1733.0,https://www.inc.com/profile/reliable-relamping,Reliable Relamping,Business Products & Services,Saranac
,,,,1734.0,https://www.inc.com/profile/k3-solutions,K3 Solutions,IT System Development,Luray
,,,,1735.0,https://www.inc.com/profile/trendsformers,Trendsformers,Consumer Products & Services,New York
,,,,1736.0,https://www.inc.com/profile/accountfully,Accountfully,Financial Services,Charleston
,,,,1737.0,https://www.inc.com/profile/worth-clark-realty,Worth Clark Realty,Real Estate,St. Charles
,,,,1738.0,https://www.inc.com/profile/piedmont-payment-services,Piedmont Payment Services,Financial Services,Columbus
,,,,1739.0,https://www.inc.com/profile/endeavor-schools,Endeavor Schools,Education,Miami
,,,,1740.0,https://www.inc.com/profile/science-and-medicine-group,Science and Medicine Group,Media,Arlington
,,,,1741.0,https://www.inc.com/profile/gigsalad,GigSalad,Consumer Products & Services,Springfield
,,,,1742.0,https://www.inc.com/profile/turo,Turo,Travel & Hospitality,San Francisco
,,,,1743.0,https://www.inc.com/profile/golden-gate-bpo-solutions,Golden Gate BPO Solutions,Business Products & Services,Weston
,,,,1744.0,https://www.inc.com/profile/beyond-codes,Beyond Codes,Advertising & Marketing,Simi Valley
,,,,1745.0,https://www.inc.com/profile/greg-norman-associates,Greg Norman & Associates,Construction,Largo
,,,,1746.0,https://www.inc.com/profile/freedom-healthcare-staffing,Freedom Healthcare Staffing,Health,Aurora
,,,,1747.0,https://www.inc.com/profile/priority-title-escrow,Priority Title & Escrow,Real Estate,Virginia Beach
,,,,1748.0,https://www.inc.com/profile/spice-jungle,Spice Jungle,Food & Beverage,Rockford
,,,,1749.0,https://www.inc.com/profile/discoverorg,DiscoverOrg,Software,Vancouver
,,,,1750.0,https://www.inc.com/profile/firebird-analytical-solutions-and-technologies,Firebird Analytical Solutions and Technologies,Government Services,Arlington
,,,,1751.0,https://www.inc.com/profile/windy-city-equipment-wce,Windy City Equipment (WCE),Business Products & Services,Gilbert
,,,,1752.0,https://www.inc.com/profile/acertus,Acertus,Logistics & Transportation,St. Louis
,,,,1753.0,https://www.inc.com/profile/electrostar-electronics-recovery-solutions,Electrostar Electronics Recovery Solutions,Business Products & Services,Houston
,,,,1754.0,https://www.inc.com/profile/technical-assurance,Technical Assurance,Business Products & Services,Willoughby
,,,,1755.0,https://www.inc.com/profile/the-ceres-group,The Ceres Group,Human Resources,Boston
,,,,1756.0,https://www.inc.com/profile/neo-prism-solutions,Neo Prism Solutions,IT System Development,Charlotte
,,,,1757.0,https://www.inc.com/profile/impact-branding-design,Impact Branding & Design,Advertising & Marketing,New Haven
,,,,1758.0,https://www.inc.com/profile/alpha-structural,Alpha Structural,Construction,Los Angeles
,,,,1759.0,https://www.inc.com/profile/gulf-coast-crating,Gulf Coast Crating,Business Products & Services,Houston
,,,,1760.0,https://www.inc.com/profile/petra-coach,Petra Coach,Business Products & Services,Franklin
,,,,1761.0,https://www.inc.com/profile/studio-iii-marketing,Studio III Marketing,Advertising & Marketing,Glendale
,,,,1762.0,https://www.inc.com/profile/fusion-medical-staffing,Fusion Medical Staffing,Health,Omaha
,,,,1763.0,https://www.inc.com/profile/trinity-packaging-supply,Trinity Packaging Supply,Logistics & Transportation,Voorhees Township
,,,,1764.0,https://www.inc.com/profile/scotto,Scotto,Financial Services,Islandia
,,,,1765.0,https://www.inc.com/profile/equiscript,Equiscript,Health,North Charleston
,,,,1766.0,https://www.inc.com/profile/argus-merchant-services,Argus Merchant Services,Financial Services,New York
,,,,1767.0,https://www.inc.com/profile/creative-systems-and-consulting,Creative Systems and Consulting,Government Services,Mclean
,,,,1768.0,https://www.inc.com/profile/picore-international,Picore International,Security,Calabasas
,,,,1769.0,https://www.inc.com/profile/pierce-education-properties,Pierce Education Properties,Real Estate,San Diego
,,,,1770.0,https://www.inc.com/profile/pirs-capital,PIRS Capital,Financial Services,New York
,,,,1771.0,https://www.inc.com/profile/ftk-constructions-services,FTK Constructions Services,Construction,Allen
,,,,1772.0,https://www.inc.com/profile/nelson,Nelson,Construction,Minneapolis
,,,,1773.0,https://www.inc.com/profile/tilson-technology-management,Tilson Technology Management,Telecommunications,Portland
,,,,1774.0,https://www.inc.com/profile/new-signature,New Signature,IT Management,Washington
,,,,1775.0,https://www.inc.com/profile/skyhop-global,SkyHop Global,Logistics & Transportation,Fort Lauderdale
,,,,1776.0,https://www.inc.com/profile/sage-millimeter,Sage Millimeter,Engineering,Torrance
,,,,1777.0,https://www.inc.com/profile/vitality-bowls-enterprise,Vitality Bowls Enterprise,Food & Beverage,Danville
,,,,1778.0,https://www.inc.com/profile/keller-williams-legacy,Keller Williams Legacy,Real Estate,Pikesville
,,,,1779.0,https://www.inc.com/profile/it-works-recruitment,I.T. Works Recruitment,Business Products & Services,Atlanta
,,,,1780.0,https://www.inc.com/profile/cardiva-medical,Cardiva Medical,Health,Santa Clara
,,,,1781.0,https://www.inc.com/profile/three-ts-properties,Three T's Properties,Real Estate,Williamston
,,,,1782.0,https://www.inc.com/profile/tier4-advisors,Tier4 Advisors,IT Management,Alpharetta
,,,,1783.0,https://www.inc.com/profile/sobe-promos,SoBe Promos,Advertising & Marketing,Miami
,,,,1784.0,https://www.inc.com/profile/cosolutions,CoSolutions,IT Management,Sterling
,,,,1785.0,https://www.inc.com/profile/strait,Strait,Financial Services,Dallas
,,,,1786.0,https://www.inc.com/profile/bolton-remote,Bolton Remote,Business Products & Services,Santa Clara
,,,,1787.0,https://www.inc.com/profile/noblecom,Noble.com,Government Services,Boston
,,,,1788.0,https://www.inc.com/profile/source-ortho,Source Ortho,Retail,Mount Pleasant
,,,,1789.0,https://www.inc.com/profile/halo-maritime-defense-systems,Halo Maritime Defense Systems,Security,Newton
,,,,1790.0,https://www.inc.com/profile/netimpact-strategies,NetImpact Strategies,Government Services,Chantilly
,,,,1791.0,https://www.inc.com/profile/dave-burgess-consulting,Dave Burgess Consulting,Education,San Diego
,,,,1792.0,https://www.inc.com/profile/red-oak-compliance-solutions-holdings,Red Oak Compliance Solutions Holdings,Software,CEDAR PARK
,,,,1793.0,https://www.inc.com/profile/polaris-logistics-group,Polaris Logistics Group,Logistics & Transportation,Toledo
,,,,1794.0,https://www.inc.com/profile/erp-advisors-group,ERP Advisors Group,Business Products & Services,Lakewood
,,,,1795.0,https://www.inc.com/profile/go-fish-digital,Go Fish Digital,Advertising & Marketing,Raleigh
,,,,1796.0,https://www.inc.com/profile/whoice-usa,Whoice USA,Construction,Hot Springs
,,,,1797.0,https://www.inc.com/profile/3b-medical,3B Medical,Health,Winter Haven
,,,,1798.0,https://www.inc.com/profile/semihandmade,Semihandmade,Consumer Products & Services,Duarte
,,,,1799.0,https://www.inc.com/profile/venza,Venza,Security,Roswell
,,,,1800.0,https://www.inc.com/profile/affinity-dental-management,Affinity Dental Management,Health,West Springfield
,,,,1801.0,https://www.inc.com/profile/nationwide-transport-services,Nationwide Transport Services,Logistics & Transportation,Fort Lauderdale
,,,,1802.0,https://www.inc.com/profile/altaworx,Altaworx,Telecommunications,Fairhope
,,,,1803.0,https://www.inc.com/profile/spear-physical-therapy,Spear Physical Therapy,Health,New York
,,,,1804.0,https://www.inc.com/profile/bioluz-led,Bioluz LED,Consumer Products & Services,Woodland Hills
,,,,1805.0,https://www.inc.com/profile/saltwater-collective,Saltwater Collective,Advertising & Marketing,Portsmouth
,,,,1806.0,https://www.inc.com/profile/baldwin-risk-partners,Baldwin Risk Partners,Insurance,Tampa
,,,,1807.0,https://www.inc.com/profile/lightbeam-health,Lightbeam Health,Health,Irving
,,,,1808.0,https://www.inc.com/profile/filescom,Files.com,Software,Las Vegas
,,,,1809.0,https://www.inc.com/profile/silvercloud,SilverCloud,Software,Portsmouth
,,,,1810.0,https://www.inc.com/profile/utility-concierge,Utility Concierge,Consumer Products & Services,Farmers Branch
,,,,1811.0,https://www.inc.com/profile/mplt-healthcare,MPLT Healthcare,Health,Coral Springs
,,,,1812.0,https://www.inc.com/profile/fab-glass-and-mirror,Fab Glass and Mirror,Manufacturing,Hilliard
,,,,1813.0,https://www.inc.com/profile/sparkle-in-pink,Sparkle In Pink,Retail,Draper
,,,,1814.0,https://www.inc.com/profile/katz-capital,Katz Capital,Financial Services,Tampa
,,,,1815.0,https://www.inc.com/profile/spears-consulting-group,Spears Consulting Group,Advertising & Marketing,New Orleans
,,,,1816.0,https://www.inc.com/profile/bahfed,BahFed,Government Services,Portland
,,,,1817.0,https://www.inc.com/profile/assisted-living-locators,Assisted Living Locators,Health,Scottsdale
,,,,1818.0,https://www.inc.com/profile/pneo,pNeo,Manufacturing,Denton
,,,,1819.0,https://www.inc.com/profile/kopis-mobile,Kopis Mobile,Government Services,Flowood
,,,,1820.0,https://www.inc.com/profile/the-institute-for-wealth-management,The Institute for Wealth Management,Financial Services,Denver
,,,,1821.0,https://www.inc.com/profile/phoenix-financial-services,Phoenix Financial Services,Financial Services,Indianapolis
,,,,1822.0,https://www.inc.com/profile/fortress-credit-professionals,Fortress Credit Professionals,Financial Services,Clovis
,,,,1823.0,https://www.inc.com/profile/apex-infinite-solutions,Apex Infinite Solutions,IT Management,Indianapolis
,,,,1824.0,https://www.inc.com/profile/traditions-health,Traditions Health,Health,College Station
,,,,1825.0,https://www.inc.com/profile/navigate-power,Navigate Power,Energy,Chicago
,,,,1826.0,https://www.inc.com/profile/oscar-orduno,Oscar Orduno,Construction,IRVING
,,,,1827.0,https://www.inc.com/profile/senior-solutions-home-care,Senior Solutions Home Care,Health,Brentwood
,,,,1828.0,https://www.inc.com/profile/mindgruve,Mindgruve,Advertising & Marketing,San Diego
,,,,1829.0,https://www.inc.com/profile/perfect-snacks,Perfect Snacks,Food & Beverage,San Diego
,,,,1830.0,https://www.inc.com/profile/orangetheory-fitness,Orangetheory Fitness,Health,Boca Raton
,,,,1831.0,https://www.inc.com/profile/doublemap,DoubleMap,Logistics & Transportation,Indianapolis
,,,,1832.0,https://www.inc.com/profile/kldiscovery,KLDiscovery,IT Management,McLean
,,,,1833.0,https://www.inc.com/profile/grapetree-medical-staffing,GrapeTree Medical Staffing,Health,Milford
,,,,1834.0,https://www.inc.com/profile/innovative-collaboration,Innovative Collaboration,Business Products & Services,Winter Park
,,,,1835.0,https://www.inc.com/profile/22nd-century-technologies,22nd Century Technologies,Government Services,McLean
,,,,1836.0,https://www.inc.com/profile/healthmark-group,HealthMark Group,Health,Dallas
,,,,1837.0,https://www.inc.com/profile/countrywide-realty-partners,Countrywide Realty Partners,Real Estate,Orlando
,,,,1838.0,https://www.inc.com/profile/longneck-thunderfoot,Longneck & Thunderfoot,Advertising & Marketing,New York
,,,,1839.0,https://www.inc.com/profile/hjr-global,HJR Global,Business Products & Services,Mesa
,,,,1840.0,https://www.inc.com/profile/fuse3-solutions,Fuse3 Solutions,Human Resources,Oklahoma City
,,,,1841.0,https://www.inc.com/profile/jwb-real-estate-capital,JWB Real Estate Capital,Real Estate,Jacksonville
,,,,1842.0,https://www.inc.com/profile/kobie-marketing,Kobie Marketing,Advertising & Marketing,St Petersburg
,,,,1843.0,https://www.inc.com/profile/plutora,Plutora,Software,Santa Clara
,,,,1844.0,https://www.inc.com/profile/adeptus-solutions,Adeptus Solutions,IT Management,Leesburg
,,,,1845.0,https://www.inc.com/profile/bluesnap,BlueSnap,Business Products & Services,Waltham
,,,,1846.0,https://www.inc.com/profile/zero-gravity-marketing,Zero Gravity Marketing,Advertising & Marketing,Madison
,,,,1847.0,https://www.inc.com/profile/base4,Base4,Engineering,Boca Raton
,,,,1848.0,https://www.inc.com/profile/onetrust-home-loans,OneTrust Home Loans,Financial Services,San Diego
,,,,1849.0,https://www.inc.com/profile/joshs-frogs,Josh's Frogs,Retail,OWOSSO
,,,,1850.0,https://www.inc.com/profile/applied-resource-group,Applied Resource Group,IT Management,Alpharetta
,,,,1851.0,https://www.inc.com/profile/advance-financial,Advance Financial,Financial Services,Nashville
,,,,1852.0,https://www.inc.com/profile/executive-placements,Executive Placements,Human Resources,Richmond
,,,,1853.0,https://www.inc.com/profile/credit-repair-cloud,Credit Repair Cloud,Software,Los Angeles
,,,,1854.0,https://www.inc.com/profile/BDI,BDI,Advertising & Marketing,New York
,,,,1855.0,https://www.inc.com/profile/infotrust,InfoTrust,Advertising & Marketing,Blue Ash
,,,,1856.0,https://www.inc.com/profile/hyperquake,Hyperquake,Advertising & Marketing,Cincinnati
,,,,1857.0,https://www.inc.com/profile/tender-loving-empire,Tender Loving Empire,Retail,Portland
,,,,1858.0,https://www.inc.com/profile/avanti-systems-usa,Avanti Systems USA,Construction,Greenwich
,,,,1859.0,https://www.inc.com/profile/vetsource,Vetsource,Health,Portland
,,,,1860.0,https://www.inc.com/profile/intelliforce-it-solutions-group,Intelliforce-IT Solutions Group,Government Services,ELLICOTT CITY
,,,,1861.0,https://www.inc.com/profile/geraci-law-firm,Geraci Law Firm,Business Products & Services,Irvine
,,,,1862.0,https://www.inc.com/profile/whistle-sports,Whistle Sports,Media,New York
,,,,1863.0,https://www.inc.com/profile/mycomputercareer,MyComputerCareer,Education,Raleigh
,,,,1864.0,https://www.inc.com/profile/welltok,Welltok,Health,Denver
,,,,1865.0,https://www.inc.com/profile/vesta-preferred,Vesta Preferred,Real Estate,Chicago
,,,,1866.0,https://www.inc.com/profile/userful,Userful,IT Management,San Ramon
,,,,1867.0,https://www.inc.com/profile/rootstrap,Rootstrap,Software,West Hollywood
,,,,1868.0,https://www.inc.com/profile/green-cloud-technologies,Green Cloud Technologies,IT Management,Greenville
,,,,1869.0,https://www.inc.com/profile/bluepeak-technology-solutions,BluePeak Technology Solutions,IT Management,RENO
,,,,1870.0,https://www.inc.com/profile/tiesta-tea-company,Tiesta Tea Company,Food & Beverage,Chicago
,,,,1871.0,https://www.inc.com/profile/beneficial-blends-dba-kelapo,Beneficial Blends dba Kelapo,Food & Beverage,Tampa
,,,,1872.0,https://www.inc.com/profile/sunset-healthcare-solutions,Sunset Healthcare Solutions,Health,Chicago
,,,,1873.0,https://www.inc.com/profile/agilisium-consulting,Agilisium Consulting,IT System Development,STEVENSON RANCH
,,,,1874.0,https://www.inc.com/profile/spot-freight,Spot Freight,Logistics & Transportation,Indianapolis
,,,,1875.0,https://www.inc.com/profile/big-block-realty,Big Block Realty,Real Estate,San Diego
,,,,1876.0,https://www.inc.com/profile/p2sample,P2sample,Advertising & Marketing,Alpharetta
,,,,1877.0,https://www.inc.com/profile/crunch-fitness-west-florida-and-atlanta-cr-fitness,Crunch Fitness West Florida and Atlanta (CR Fitness),Consumer Products & Services,Brandon
,,,,1878.0,https://www.inc.com/profile/signature-transportation-group,Signature Transportation Group,Travel & Hospitality,Arlington Heights
,,,,1879.0,https://www.inc.com/profile/black-button-distilling,Black Button Distilling,Food & Beverage,Rochester
,,,,1880.0,https://www.inc.com/profile/opex-technologies,Opex Technologies,IT Management,Raleigh
,,,,1881.0,https://www.inc.com/profile/secunetics,Secunetics,Government Services,Reston
,,,,1882.0,https://www.inc.com/profile/elevate,Elevate,Business Products & Services,Washington
,,,,1883.0,https://www.inc.com/profile/telarus,Telarus,Telecommunications,Sandy
,,,,1884.0,https://www.inc.com/profile/g-fuel,G Fuel,Health,West Babylon
,,,,1885.0,https://www.inc.com/profile/national-land-realty,National Land Realty,Real Estate,Greenville
,,,,1886.0,https://www.inc.com/profile/skg,SKG,Business Products & Services,Austin
,,,,1887.0,https://www.inc.com/profile/health-products-for-you,Health Products For You,Health,Brookfield
,,,,1888.0,https://www.inc.com/profile/facilities-maintenance-management,Facilities Maintenance Management,Construction,Baton Rouge
,,,,1889.0,https://www.inc.com/profile/banquest-payment-systems,Banquest Payment Systems,Financial Services,LAKEWOOD
,,,,1890.0,https://www.inc.com/profile/lumber-one-services,Lumber One Services,Construction,Scottsdale
,,,,1891.0,https://www.inc.com/profile/align-technical-resources,Align Technical Resources,Human Resources,SAN JOSE
,,,,1893.0,https://www.inc.com/profile/caliber-corporate-advisers,Caliber Corporate Advisers,Advertising & Marketing,New York
,,,,1894.0,https://www.inc.com/profile/adpearance,Adpearance,Advertising & Marketing,Portland
,,,,1895.0,https://www.inc.com/profile/boomerang-dm,Boomerang DM,Advertising & Marketing,Centennial
,,,,1896.0,https://www.inc.com/profile/steam-logistics,Steam Logistics,Logistics & Transportation,Chattanooga
,,,,1897.0,https://www.inc.com/profile/nexthome,NextHome,Real Estate,Pleasanton
,,,,1898.0,https://www.inc.com/profile/ndvor-solutions,ndVOR Solutions,IT Management,Lawrenceville
,,,,1899.0,https://www.inc.com/profile/clearcompany,ClearCompany,Software,Boston
,,,,1900.0,https://www.inc.com/profile/premier-coil-solutions,Premier Coil Solutions,Manufacturing,Waller
,,,,1901.0,https://www.inc.com/profile/inside-ventures,Inside Ventures,Advertising & Marketing,Overland Park
,,,,1902.0,https://www.inc.com/profile/summus-group,Summus Group,Business Products & Services,Charlotte
,,,,1903.0,https://www.inc.com/profile/central-vapors,Central Vapors,Retail,McKinney
,,,,1904.0,https://www.inc.com/profile/nam-technologies,Nam Technologies,Software,Alpharetta
,,,,1905.0,https://www.inc.com/profile/done-right-merchandising,Done Right Merchandising,Retail,Mooresville
,,,,1906.0,https://www.inc.com/profile/restaurant-partners-procurement,Restaurant Partners Procurement,Business Products & Services,Orlando
,,,,1907.0,https://www.inc.com/profile/fieldstone-homes,Fieldstone Homes,Construction,Draper
,,,,1908.0,https://www.inc.com/profile/pointe-pest-control-id,Pointe Pest Control-ID,Consumer Products & Services,LIBERTY LAKE
,,,,1909.0,https://www.inc.com/profile/unosquare,Unosquare,Software,Vancouver
,,,,1910.0,https://www.inc.com/profile/modern-market-master,Modern Market Master,Logistics & Transportation,winder
,,,,1911.0,https://www.inc.com/profile/strategywise,StrategyWise,Business Products & Services,Birmingham
,,,,1912.0,https://www.inc.com/profile/rhino-fleet-tracking,Rhino Fleet Tracking,Software,Argyle
,,,,1913.0,https://www.inc.com/profile/united-installs,United Installs,Construction,Erlanger
,,,,1914.0,https://www.inc.com/profile/lightspeed-voice,Lightspeed Voice,Telecommunications,North Venice
,,,,1915.0,https://www.inc.com/profile/magneti,Magneti,Advertising & Marketing,Colorado Springs
,,,,1916.0,https://www.inc.com/profile/pharmapacks,Pharmapacks,Retail,Islandia
,,,,1917.0,https://www.inc.com/profile/higher-logic,Higher Logic,Software,Arlington
,,,,1918.0,https://www.inc.com/profile/stewardship,Stewardship,Financial Services,Gilbert
,,,,1919.0,https://www.inc.com/profile/inrhythm,InRhythm,Software,New York
,,,,1920.0,https://www.inc.com/profile/roundtower-technologies,RoundTower Technologies,IT System Development,Cincinnati
,,,,1921.0,https://www.inc.com/profile/brandlive,Brandlive,Software,Portland
,,,,1922.0,https://www.inc.com/profile/reliant-vision-group,Reliant Vision Group,IT System Development,Iselin
,,,,1923.0,https://www.inc.com/profile/meredith-lodging,Meredith Lodging,Real Estate,Lincoln City
,,,,1924.0,https://www.inc.com/profile/energy-lighting-services,Energy Lighting Services,Energy,Hendersonville
,,,,1925.0,https://www.inc.com/profile/felix-media-solutions,Felix Media Solutions,Business Products & Services,Austin
,,,,1926.0,https://www.inc.com/profile/pye-barker-fire,Pye-Barker Fire,Business Products & Services,Alpharetta
,,,,1927.0,https://www.inc.com/profile/connxus,ConnXus,Software,Mason
,,,,1928.0,https://www.inc.com/profile/vea-foods,VEA Foods,Food & Beverage,Chicago
,,,,1929.0,https://www.inc.com/profile/cantor-property-services,Cantor Property Services,Consumer Products & Services,Memphis
,,,,1930.0,https://www.inc.com/profile/trade-ideas,Trade Ideas,Software,Encinitas
,,,,1931.0,https://www.inc.com/profile/dovel-technologies,Dovel Technologies,IT System Development,McLean
,,,,1932.0,https://www.inc.com/profile/profitoptics,ProfitOptics,Software,Glen Allen
,,,,1933.0,https://www.inc.com/profile/ironarch-technology,IronArch Technology,IT System Development,McLean
,,,,1934.0,https://www.inc.com/profile/it-veterans,IT Veterans,Government Services,Herndon
,,,,1935.0,https://www.inc.com/profile/brothers-mechanical,Brother's Mechanical,Construction,Lorton
,,,,1936.0,https://www.inc.com/profile/allturna,Allturna,Advertising & Marketing,Doylestown
,,,,1937.0,https://www.inc.com/profile/ryan-insurance-services,Ryan Insurance Services,Human Resources,Pasadena
,,,,1938.0,https://www.inc.com/profile/cpr1,CPR1,Health,Oceanside
,,,,1939.0,https://www.inc.com/profile/noury-construction,Noury Construction,Construction,Coral Springs
,,,,1940.0,https://www.inc.com/profile/leading-edge-aviation,Leading Edge Aviation,Education,BEND
,,,,1941.0,https://www.inc.com/profile/sor-technology,SOR Technology,Travel & Hospitality,Carlsbad
,,,,1942.0,https://www.inc.com/profile/stake-center-locating,Stake Center Locating,Construction,Kernersville
,,,,1943.0,https://www.inc.com/profile/conversica,Conversica,Software,Foster City
,,,,1944.0,https://www.inc.com/profile/skyrun-vacation-rentals,SkyRun Vacation Rentals,Security,Boulder
,,,,1945.0,https://www.inc.com/profile/g-squared-partners,G-Squared Partners,Financial Services,Fort Washington
,,,,1946.0,https://www.inc.com/profile/benzer-pharmacy,Benzer Pharmacy,Health,Tampa
,,,,1947.0,https://www.inc.com/profile/cultiva,Cultiva,Manufacturing,Las Vegas
,,,,1948.0,https://www.inc.com/profile/srp-environmental,SRP Environmental,Environmental Services,Louisiana
,,,,1949.0,https://www.inc.com/profile/entouch-controls,EnTouch Controls,Energy,Richardson
,,,,1950.0,https://www.inc.com/profile/little-sunshines-playhouse,Little Sunshine's Playhouse,Education,Springfield
,,,,1951.0,https://www.inc.com/profile/mark-spain-real-estate,Mark Spain Real Estate,Real Estate,Alpharetta
,,,,1952.0,https://www.inc.com/profile/coast-medical-service,Coast Medical Service,Health,Los Angeles
,,,,1953.0,https://www.inc.com/profile/the-salas-team,The Salas Team,Real Estate,Killeen
,,,,1954.0,https://www.inc.com/profile/mcclure,McClure,Engineering,Clive
,,,,1955.0,https://www.inc.com/profile/singlepoint-global,SinglePoint Global,IT Management,Ashburn
,,,,1956.0,https://www.inc.com/profile/bubbies-homemade-ice-cream-and-desserts,Bubbies Homemade Ice Cream and Desserts,Food & Beverage,Chandler
,,,,1957.0,https://www.inc.com/profile/dayblink-consulting,DayBlink Consulting,Business Products & Services,Vienna
,,,,1958.0,https://www.inc.com/profile/scanco-software,Scanco Software,Software,Nokomis
,,,,1959.0,https://www.inc.com/profile/bematrix-usa,beMatrix USA,Advertising & Marketing,Norcross
,,,,1960.0,https://www.inc.com/profile/hindsight-software-solutions,Hindsight Software Solutions,Software,Frisco
,,,,1961.0,https://www.inc.com/profile/otters-chicken,Otter's Chicken,Food & Beverage,Marietta
,,,,1962.0,https://www.inc.com/profile/reputationcom,Reputation.com,Software,Redwood City
,,,,1963.0,https://www.inc.com/profile/tbx,TBX,Human Resources,Dallas
,,,,1964.0,https://www.inc.com/profile/ivalua,Ivalua,Software,Redwood City
,,,,1965.0,https://www.inc.com/profile/gold-medal-pools,Gold Medal Pools,Construction,Frisco
,,,,1966.0,https://www.inc.com/profile/carnivore-meat-company,Carnivore Meat Company,Retail,Green Bay
,,,,1967.0,https://www.inc.com/profile/denver-design-build,Denver Design Build,Construction,Denver
,,,,1968.0,https://www.inc.com/profile/bioagilytix,BioAgilytix,Health,Durham
,,,,1969.0,https://www.inc.com/profile/eight-oh-two-marketing,Eight Oh Two Marketing,Advertising & Marketing,Bennington
,,,,1970.0,https://www.inc.com/profile/synapse-business-systems,Synapse Business Systems,IT Management,Fairfax
,,,,1971.0,https://www.inc.com/profile/within-interior-design,Within Interior Design,Business Products & Services,Norfolk
,,,,1972.0,https://www.inc.com/profile/sigma-tax-pro,Sigma Tax Pro,Software,Delray Beach
,,,,1973.0,https://www.inc.com/profile/ccd,CC&D,Construction,Houston
,,,,1974.0,https://www.inc.com/profile/the-hci-group,The HCI Group,Health,Jacksonville
,,,,1975.0,https://www.inc.com/profile/texan-allergy-and-sinus-center,Texan Allergy and Sinus Center,Health,Austin
,,,,1976.0,https://www.inc.com/profile/newhere,NEwhere,Consumer Products & Services,chatsworth
,,,,1977.0,https://www.inc.com/profile/televoips,TeleVoIPs,Telecommunications,Brandon
,,,,1978.0,https://www.inc.com/profile/furniture-clinic,Furniture Clinic,Retail,Plainview
,,,,1979.0,https://www.inc.com/profile/kline-home-exteriors,Kline Home Exteriors,Construction,Dundee
,,,,1980.0,https://www.inc.com/profile/gp-transco,GP Transco,Logistics & Transportation,Darien
,,,,1981.0,https://www.inc.com/profile/legalpeoplethe-partners-group,Legalpeople/The Partners Group,Business Products & Services,Chicago
,,,,1982.0,https://www.inc.com/profile/fountainheadme,FountainheadME,Advertising & Marketing,Los Angeles
,,,,1983.0,https://www.inc.com/profile/blue-sky-it-partners,Blue Sky IT Partners,IT Management,Houston
,,,,1984.0,https://www.inc.com/profile/wizard-labels,Wizard Labels,Business Products & Services,Golden
,,,,1985.0,https://www.inc.com/profile/trust-security-services,Trust Security Services,Security,Fort Washington
,,,,1986.0,https://www.inc.com/profile/baby-bling,Baby Bling,Consumer Products & Services,Lehi
,,,,1987.0,https://www.inc.com/profile/directdefense,DirectDefense,Security,Englewood
,,,,1988.0,https://www.inc.com/profile/crosscountry-mortgage,CrossCountry Mortgage,Financial Services,Brecksville
,,,,1989.0,https://www.inc.com/profile/lgcy-power,LGCY Power,Consumer Products & Services,Lehi
,,,,1990.0,https://www.inc.com/profile/seneca-resources,Seneca Resources,Human Resources,Reston
,,,,1991.0,https://www.inc.com/profile/prolink-staffing,ProLink Staffing,Human Resources,"Cincinnati, OH"
,,,,1992.0,https://www.inc.com/profile/pinnacle-furnished-suites,Pinnacle Furnished Suites,Real Estate,Chicago
,,,,1993.0,https://www.inc.com/profile/sportsdigita,Sportsdigita,Software,Minneapolis
,,,,1994.0,https://www.inc.com/profile/nationwide-logistics,Nationwide Logistics,Logistics & Transportation,Cincinnati
,,,,1995.0,https://www.inc.com/profile/teleradiology-specialists,Teleradiology Specialists,Health,Scottsdale
,,,,1996.0,https://www.inc.com/profile/owenby-law,Owenby Law,Consumer Products & Services,Orange Park
,,,,1997.0,https://www.inc.com/profile/121-usa,121 USA,Advertising & Marketing,Bethesda
,,,,1998.0,https://www.inc.com/profile/honest-abe-roofing,Honest Abe Roofing,Construction,Terre Haute
,,,,1999.0,https://www.inc.com/profile/moore-solar-heating-cooling,Moore Solar / Heating / Cooling,Construction,Santa Rosa
,,,,2000.0,https://www.inc.com/profile/the-k-company-realty,The K Company Realty,Real Estate,Pompano Beach
,,,,2001.0,https://www.inc.com/profile/perpetual,Perpetual:,Human Resources,Darien
,,,,2002.0,https://www.inc.com/profile/eglentowicz-demoliiton,Eglentowicz Demoliiton,Construction,Kearny
,,,,2003.0,https://www.inc.com/profile/southern-striping-solutions,Southern Striping Solutions,Construction,Naples
,,,,2004.0,https://www.inc.com/profile/provision-insurnace-group,Provision Insurnace Group,Insurance,bingham farms
,,,,2005.0,https://www.inc.com/profile/rethink-autism,Rethink Autism,Health,New York
,,,,2006.0,https://www.inc.com/profile/westerntechsystems,WesternTechSystems,Computer Hardware,Coppell
,,,,2007.0,https://www.inc.com/profile/alliance-family-of-companies,Alliance Family of Companies,Health,Irving
,,,,2008.0,https://www.inc.com/profile/rkc-products,RKC Products,Health,Broomfield
,,,,2009.0,https://www.inc.com/profile/hilgers-graben,Hilgers Graben,Business Products & Services,Lincoln
,,,,2010.0,https://www.inc.com/profile/paradise-exteriors,Paradise Exteriors,Construction,Boynton Beach
,,,,2011.0,https://www.inc.com/profile/big-elk-energy-systems,Big Elk Energy Systems,Manufacturing,Tulsa
,,,,2011.0,https://www.inc.com/profile/potenza,POTENZA,Advertising & Marketing,Lafayette
,,,,2012.0,https://www.inc.com/profile/proscribe,ProScribe,Health,San Antonio
,,,,2013.0,https://www.inc.com/profile/superior-print-and-exhibit,Superior Print and Exhibit,Advertising & Marketing,San Diego
,,,,2014.0,https://www.inc.com/profile/sidebench,Sidebench,Business Products & Services,Los Angeles
,,,,2015.0,https://www.inc.com/profile/skin-by-lovely,Skin by Lovely,Consumer Products & Services,Santa Monica
,,,,2016.0,https://www.inc.com/profile/custom-pro-logistics,Custom Pro Logistics,Logistics & Transportation,Cincinnati
,,,,2017.0,https://www.inc.com/profile/orange-tree-staffing,Orange Tree Staffing,Human Resources,Winter Park
,,,,2018.0,https://www.inc.com/profile/northwest-career-college,Northwest Career College,Education,Las Vegas
,,,,2019.0,https://www.inc.com/profile/apto,Apto,Software,Denver
,,,,2020.0,https://www.inc.com/profile/opus-agency,Opus Agency,Advertising & Marketing,Beaverton
,,,,2021.0,https://www.inc.com/profile/all-in-one-custom-renovations,All In One Custom Renovations,Construction,Howell
,,,,2022.0,https://www.inc.com/profile/cloudsmartz,CloudSmartz,IT Management,Rochester
,,,,2023.0,https://www.inc.com/profile/premier-logistics-partners,Premier Logistics Partners,Logistics & Transportation,Johns Creek
,,,,2024.0,https://www.inc.com/profile/infoverity,Infoverity,IT Management,Dublin
,,,,2025.0,https://www.inc.com/profile/centralized-service,Centralized Service,Food & Beverage,Highlands Ranch
,,,,2026.0,https://www.inc.com/profile/capstone-fire-safety,Capstone Fire & Safety,Business Products & Services,Escondido
,,,,2027.0,https://www.inc.com/profile/retail-cloud-technologies,Retail Cloud Technologies,Software,Clearwater
,,,,2028.0,https://www.inc.com/profile/maui-resort-rentals,Maui Resort Rentals,Travel & Hospitality,Lahaina
,,,,2029.0,https://www.inc.com/profile/simplepart,SimplePart,Software,Atlanta
,,,,2030.0,https://www.inc.com/profile/mfi-medical-equipment,MFI Medical Equipment,Health,San Diego
,,,,2031.0,https://www.inc.com/profile/back-at-you,Back at You,Software,Los Angeles
,,,,2032.0,https://www.inc.com/profile/futuri-media,Futuri Media,Software,Seven Hills
,,,,2033.0,https://www.inc.com/profile/scotlynn-usa-division,Scotlynn USA Division,Logistics & Transportation,Fort Myers
,,,,2034.0,https://www.inc.com/profile/millennium-trust-company,Millennium Trust Company,Financial Services,Oak Brook
,,,,2035.0,https://www.inc.com/profile/capgrow-partners,CapGrow Partners,Real Estate,Chicago
,,,,2036.0,https://www.inc.com/profile/marathon-strategies,Marathon Strategies,Advertising & Marketing,New York
,,,,2037.0,https://www.inc.com/profile/marketing-genome,Marketing Genome,Advertising & Marketing,Asbury Park
,,,,2038.0,https://www.inc.com/profile/rsb-environmental,RSB Environmental,Environmental Services,Houston
,,,,2039.0,https://www.inc.com/profile/swiss-american-cdmo,Swiss American CDMO,Manufacturing,Carrollton
,,,,2040.0,https://www.inc.com/profile/jw-logistics,J.W. Logistics,Logistics & Transportation,Frisco
,,,,2041.0,https://www.inc.com/profile/peak-properties-group,Peak Properties Group,Real Estate,Aurora
,,,,2042.0,https://www.inc.com/profile/the-ventus-network,The Ventus Network,Education,Ewa Beach
,,,,2043.0,https://www.inc.com/profile/biggerpockets,BiggerPockets,Education,Denver
,,,,2044.0,https://www.inc.com/profile/oasys,Oasys,Government Services,Washington
,,,,2045.0,https://www.inc.com/profile/williamsburg-enterprises,Williamsburg Enterprises,Real Estate,Houston
,,,,2046.0,https://www.inc.com/profile/elite-events-rentals,Elite Events & Rentals,Consumer Products & Services,Tampa
,,,,2047.0,https://www.inc.com/profile/estrella-franchising,Estrella Franchising,Insurance,Miami
,,,,2048.0,https://www.inc.com/profile/merit-financial-group,Merit Financial Group,Financial Services,Alpharetta
,,,,2049.0,https://www.inc.com/profile/luxury-living-chicago-realty,Luxury Living Chicago Realty,Real Estate,Chicago
,,,,2050.0,https://www.inc.com/profile/benton-roofing,Benton Roofing,Construction,East Flat Rock
,,,,2051.0,https://www.inc.com/profile/graham-technologies,Graham Technologies,IT System Development,Largo
,,,,2052.0,https://www.inc.com/profile/cognitus-consulting,Cognitus Consulting,IT System Development,Dallas
,,,,2053.0,https://www.inc.com/profile/data-canopy-colocation,Data Canopy Colocation,IT System Development,Columbia
,,,,2054.0,https://www.inc.com/profile/farwell,Farwell,Business Products & Services,Madison
,,,,2055.0,https://www.inc.com/profile/sunpro-solar,Sunpro Solar,Energy,Mandeville
,,,,2056.0,https://www.inc.com/profile/denny-cherry-associates-consulting,Denny Cherry & Associates Consulting,IT Management,Oceanside
,,,,2057.0,https://www.inc.com/profile/challas-group,Challas Group,Financial Services,NORTHBROOK
,,,,2058.0,https://www.inc.com/profile/vertex-global-solutions,Vertex Global Solutions,Human Resources,New York
,,,,2059.0,https://www.inc.com/profile/rewardstyle,rewardStyle,Business Products & Services,Dallas
,,,,2060.0,https://www.inc.com/profile/austin-capital-bank,Austin Capital Bank,Financial Services,Austin
,,,,2061.0,https://www.inc.com/profile/culprit-creative,Culprit Creative,Advertising & Marketing,West Hollywood
,,,,2062.0,https://www.inc.com/profile/doing-good-works,Doing Good Works,Advertising & Marketing,Santa Ana
,,,,2063.0,https://www.inc.com/profile/universal-language-service,Universal Language Service,Business Products & Services,Bellevue
,,,,2064.0,https://www.inc.com/profile/una,UNA,Business Products & Services,Kansas City
,,,,2065.0,https://www.inc.com/profile/isenberg-bath-corporation,Isenberg Bath Corporation,Manufacturing,Dallas
,,,,2066.0,https://www.inc.com/profile/mightily,Mightily,Advertising & Marketing,Louisville
,,,,2067.0,https://www.inc.com/profile/quantum-dynamics,Quantum Dynamics,IT Management,Lake Forest
,,,,2068.0,https://www.inc.com/profile/greasecycle,Greasecycle,Environmental Services,Raleigh
,,,,2069.0,https://www.inc.com/profile/dizzion,Dizzion,IT Management,Denver
,,,,2070.0,https://www.inc.com/profile/huss-brewing,Huss Brewing,Food & Beverage,Tempe
,,,,2071.0,https://www.inc.com/profile/graymatter,GrayMatter,Business Products & Services,Warrendale
,,,,2072.0,https://www.inc.com/profile/j2-solutions,J2 Solutions,Construction,Venice
,,,,2073.0,https://www.inc.com/profile/providertrust,ProviderTrust,Software,Nashville
,,,,2074.0,https://www.inc.com/profile/diversified-conveyors-international,Diversified Conveyors International,Business Products & Services,Memphis
,,,,2075.0,https://www.inc.com/profile/structure-ventures,Structure Ventures,Construction,New York
,,,,2076.0,https://www.inc.com/profile/inbenta-holdings,Inbenta Holdings,Software,Foster City
,,,,2077.0,https://www.inc.com/profile/spartan-value-investors,Spartan Value Investors,Real Estate,Birmingham
,,,,2078.0,https://www.inc.com/profile/flexible-staffing-of-georgia,Flexible Staffing of Georgia,Human Resources,Lawrenceville
,,,,2079.0,https://www.inc.com/profile/chicken-salad-chick,Chicken Salad Chick,Food & Beverage,Auburn
,,,,2080.0,https://www.inc.com/profile/double-a-labs,Double A Labs,Advertising & Marketing,Austin
,,,,2081.0,https://www.inc.com/profile/qc-manufacturing,QC Manufacturing,Manufacturing,Temecula
,,,,2082.0,https://www.inc.com/profile/heartcore-women,Heartcore Women,Business Products & Services,Solana Beach
,,,,2083.0,https://www.inc.com/profile/nou-systems,Nou Systems,Government Services,HUNTSVILLE
,,,,2084.0,https://www.inc.com/profile/the-bachrach-group-ltd,The Bachrach Group,Human Resources,New York
,,,,2085.0,https://www.inc.com/profile/madwire,Madwire,Advertising & Marketing,Fort Collins
,,,,2086.0,https://www.inc.com/profile/macgregor-partners,MacGregor Partners,Logistics & Transportation,Raleigh
,,,,2087.0,https://www.inc.com/profile/taktik-logistics-group,Taktik Logistics Group,Logistics & Transportation,Pleasanton
,,,,2088.0,https://www.inc.com/profile/americord-registry,Americord Registry,Health,New York
,,,,2089.0,https://www.inc.com/profile/z-transportation,Z Transportation,Logistics & Transportation,Wharton
,,,,2090.0,https://www.inc.com/profile/accelerated-growth-advisors,Accelerated Growth Advisors,Financial Services,Chicago
,,,,2091.0,https://www.inc.com/profile/orthofi,OrthoFi,Software,Denver
,,,,2092.0,https://www.inc.com/profile/savewize-wholesale-distribution,Savewize Wholesale Distribution,Consumer Products & Services,HOWELL
,,,,2093.0,https://www.inc.com/profile/smarsh,Smarsh,Software,Portland
,,,,2094.0,https://www.inc.com/profile/the-flyway-companies,The Flyway Companies,Real Estate,Charleston
,,,,2095.0,https://www.inc.com/profile/smartbug-media,SmartBug Media,Advertising & Marketing,Newport Beach
,,,,2096.0,https://www.inc.com/profile/open-influence,Open Influence,Advertising & Marketing,Los Angeles
,,,,2097.0,https://www.inc.com/profile/seo-werkz,SEO Werkz,Advertising & Marketing,Riverton
,,,,2098.0,https://www.inc.com/profile/yellowtelescopeseoversiteiscreamsocialmedia,YellowTelescope/SEOversite/iScreamSocialMedia,Business Products & Services,Miami Beach
,,,,2099.0,https://www.inc.com/profile/conserva-irrigation-franchising,Conserva Irrigation Franchising,Construction,Richmond
,,,,2100.0,https://www.inc.com/profile/2nd-family,2nd Family,Health,ELDERSBURG
,,,,2101.0,https://www.inc.com/profile/beatbox-beverages,BeatBox Beverages,Food & Beverage,Austin
,,,,2102.0,https://www.inc.com/profile/apex-energy-solutions-georgia,Apex Energy Solutions Georgia,Construction,Alpharetta
,,,,2102.0,https://www.inc.com/profile/cava-companies,Cava Companies,Real Estate,Richmond
,,,,2103.0,https://www.inc.com/profile/dribbble,Dribbble,Software,San Francisco
,,,,2104.0,https://www.inc.com/profile/incredible-technologies,Incredible Technologies,Manufacturing,Vernon Hills
,,,,2105.0,https://www.inc.com/profile/hawkers-asian-street-fare,Hawkers Asian Street Fare,Food & Beverage,Orlando
,,,,2106.0,https://www.inc.com/profile/noetic-strategies,Noetic Strategies,IT Management,Huntsville
,,,,2107.0,https://www.inc.com/profile/acmetek-global-solutions,Acmetek Global Solutions,Security,Frisco
,,,,2108.0,https://www.inc.com/profile/niha-technologies,Niha Technologies,IT Management,Herndon
,,,,2109.0,https://www.inc.com/profile/f-h-cann-associates,F. H. Cann & Associates,Government Services,North Andover
,,,,2110.0,https://www.inc.com/profile/ceterus,Ceterus,Software,Charleston
,,,,2111.0,https://www.inc.com/profile/srt-group,SRT Group,Government Services,Davie
,,,,2112.0,https://www.inc.com/profile/trendhr,TrendHR,Human Resources,Rockwall
,,,,2113.0,https://www.inc.com/profile/first-help-financial,First Help Financial,Financial Services,Newton
,,,,2114.0,https://www.inc.com/profile/dynamic-pricing-partners,Dynamic Pricing Partners,Business Products & Services,Long Island City
,,,,2115.0,https://www.inc.com/profile/stracon-services-group,StraCon Services Group,Government Services,Fort Worth
,,,,2116.0,https://www.inc.com/profile/topstep,Topstep,Financial Services,Chicago
,,,,2117.0,https://www.inc.com/profile/defi-solutions,defi solutions,Software,Westlake
,,,,2118.0,https://www.inc.com/profile/praxent,Praxent,Software,Austin
,,,,2119.0,https://www.inc.com/profile/thinklite,ThinkLite,Manufacturing,Natick
,,,,2120.0,https://www.inc.com/profile/pacific-packaging-products,Pacific Packaging Products,Business Products & Services,City of Industry
,,,,2121.0,https://www.inc.com/profile/your-location-lubrication,Your Location Lubrication,Business Products & Services,Orlando
,,,,2122.0,https://www.inc.com/profile/socialseo,SocialSEO,Advertising & Marketing,Colorado Springs
,,,,2123.0,https://www.inc.com/profile/lrap-association,LRAP Association,Financial Services,Bloomington
,,,,2124.0,https://www.inc.com/profile/imaginuity,Imaginuity,Advertising & Marketing,Dallas
,,,,2125.0,https://www.inc.com/profile/level-3-audio-visual,Level 3 Audio Visual,Business Products & Services,Mesa
,,,,2126.0,https://www.inc.com/profile/guidepoint-security,GuidePoint Security,Security,Herndon
,,,,2127.0,https://www.inc.com/profile/agency-ea,Agency EA,Advertising & Marketing,Chicago
,,,,2128.0,https://www.inc.com/profile/funding-merchant-source,Funding Merchant Source,Financial Services,Manhattan Beach
,,,,2129.0,https://www.inc.com/profile/quid,Quid,Software,San Francisco
,,,,2130.0,https://www.inc.com/profile/lodging-access-systems,Lodging Access Systems,Business Products & Services,Lake Mary
,,,,2131.0,https://www.inc.com/profile/brillient-corporation,Brillient Corporation,Government Services,Reston
,,,,2132.0,https://www.inc.com/profile/cti-taylorville-il,"CTI (Taylorville, IL)",Telecommunications,Taylorville
,,,,2133.0,https://www.inc.com/profile/nutronics,Nutronics,Engineering,Longmont
,,,,2134.0,https://www.inc.com/profile/digital-media-solutions,Digital Media Solutions,Advertising & Marketing,clearwater
,,,,2135.0,https://www.inc.com/profile/rescue-one-financial,Rescue One Financial,Financial Services,Irvine
,,,,2136.0,https://www.inc.com/profile/buffalo-computer-graphics,Buffalo Computer Graphics,Software,Blasdell
,,,,2137.0,https://www.inc.com/profile/bright-power,Bright Power,Energy,New York
,,,,2138.0,https://www.inc.com/profile/stone-tower-winery,Stone Tower Winery,Food & Beverage,Leesburg
,,,,2139.0,https://www.inc.com/profile/retail-security-services,Retail Security Services,Security,Medford
,,,,2140.0,https://www.inc.com/profile/everybodyfights,Everybodyfights,Consumer Products & Services,Boston
,,,,2141.0,https://www.inc.com/profile/blossom-ridge-home-health,Blossom Ridge Home Health,Health,Sacramento
,,,,2142.0,https://www.inc.com/profile/star-building-services,Star Building Services,Business Products & Services,Houston
,,,,2143.0,https://www.inc.com/profile/aureus-techsystems,Aureus Techsystems,Software,Centennial
,,,,2144.0,https://www.inc.com/profile/bridge-marketing,Bridge Marketing,Advertising & Marketing,Fort Lee
,,,,2145.0,https://www.inc.com/profile/tx3-services,Tx3 Services,IT System Development,Blue Bell
,,,,2146.0,https://www.inc.com/profile/q4launch,Q4Launch,Advertising & Marketing,Mt Pleasant
,,,,2147.0,https://www.inc.com/profile/goettl-air-conditioning,Goettl Air Conditioning,Construction,Las Vegas
,,,,2148.0,https://www.inc.com/profile/isn,ISN,Government Services,Bethesda
,,,,2149.0,https://www.inc.com/profile/inspirix-technologies,Inspirix Technologies,IT System Development,St Peters
,,,,2150.0,https://www.inc.com/profile/cnc-machines,CNC Machines,Retail,SANFORD
,,,,2151.0,https://www.inc.com/profile/denair-hvac,Denair HVAC,Construction,Brooklyn
,,,,2152.0,https://www.inc.com/profile/abt-plumbing-electric-heat,ABT Plumbing Electric Heat,Construction,Grass Valley
,,,,2153.0,https://www.inc.com/profile/ycharts,YCharts,Software,Chicago
,,,,2154.0,https://www.inc.com/profile/max-trans-logistics-of-chattanooga,Max Trans Logistics of Chattanooga,Logistics & Transportation,Chattanooga
,,,,2155.0,https://www.inc.com/profile/storm-smart,Storm Smart,Manufacturing,Fort Myers
,,,,2156.0,https://www.inc.com/profile/wpromote,Wpromote,Advertising & Marketing,El Segundo
,,,,2157.0,https://www.inc.com/profile/prismhr,PrismHR,Software,Hopkinton
,,,,2158.0,https://www.inc.com/profile/vivaldi-music-academy,Vivaldi Music Academy,Education,Houston
,,,,2159.0,https://www.inc.com/profile/energy-1,Energy 1,Construction,Bozeman
,,,,2160.0,https://www.inc.com/profile/ripple-effect,Ripple Effect,Government Services,Rockville
,,,,2161.0,https://www.inc.com/profile/qwinix-technologies,Qwinix Technologies,Software,Centennial
,,,,2162.0,https://www.inc.com/profile/flix-brewhouse,Flix Brewhouse,Food & Beverage,Round Rock
,,,,2163.0,https://www.inc.com/profile/high-five-events,High Five Events,Business Products & Services,Austin
,,,,2164.0,https://www.inc.com/profile/fundgrow,Fund&Grow,Financial Services,Cheyenne
,,,,2165.0,https://www.inc.com/profile/parts-town,Parts Town,Business Products & Services,Addison
,,,,2166.0,https://www.inc.com/profile/circa-interactive,Circa Interactive,Education,San Diego
,,,,2167.0,https://www.inc.com/profile/holmberg-mechanical,Holmberg Mechanical,Consumer Products & Services,Bellevue
,,,,2168.0,https://www.inc.com/profile/espee-biopharma-finechem,Espee Biopharma & Finechem,Health,Schaumberg
,,,,2169.0,https://www.inc.com/profile/automotive-avenues,Automotive Avenues,Retail,wall
,,,,2170.0,https://www.inc.com/profile/hill-technical-solutions,Hill Technical Solutions,Government Services,Huntsville
,,,,2171.0,https://www.inc.com/profile/mj-freeway,MJ Freeway,Software,Denver
,,,,2172.0,https://www.inc.com/profile/yellowstone-health-rehab,Yellowstone Health & Rehab,Health,Billings
,,,,2173.0,https://www.inc.com/profile/precision-staffing-services,Precision Staffing Services,Human Resources,Cincinnati
,,,,2174.0,https://www.inc.com/profile/skuvault,SkuVault,Software,Louisville KY
,,,,2175.0,https://www.inc.com/profile/cloudnexa,Cloudnexa,IT Management,Philadelphia
,,,,2176.0,https://www.inc.com/profile/global-water-technology,Global Water Technology,Environmental Services,South Holland
,,,,2177.0,https://www.inc.com/profile/remarkable-liquids,Remarkable Liquids,Food & Beverage,Guilderland Center
,,,,2178.0,https://www.inc.com/profile/capstone-title,Capstone Title,Real Estate,Austin
,,,,2179.0,https://www.inc.com/profile/innovecs,Innovecs,Software,New York
,,,,2180.0,https://www.inc.com/profile/landmark-properties,Landmark Properties,Real Estate,Athens
,,,,2181.0,https://www.inc.com/profile/cynergy-professional-systems,Cynergy Professional Systems,Government Services,Laguna Hills
,,,,2182.0,https://www.inc.com/profile/optiline-enterprises,Optiline Enterprises,Construction,Nashua
,,,,2183.0,https://www.inc.com/profile/spectra360,Spectra360,Human Resources,Burlingame
,,,,2184.0,https://www.inc.com/profile/threshold,Threshold,Advertising & Marketing,Austin
,,,,2185.0,https://www.inc.com/profile/sagerider,SageRider,Energy,Stafford
,,,,2186.0,https://www.inc.com/profile/ss-equipment-holdings,SS Equipment Holdings,Retail,GREEN BROOK
,,,,2187.0,https://www.inc.com/profile/network-builders-it,Network Builders IT,IT Management,Modesto
,,,,2188.0,https://www.inc.com/profile/creative-homes,Creative Homes,Construction,Woodbury
,,,,2189.0,https://www.inc.com/profile/eagle-point-solar,Eagle Point Solar,Energy,Dubuque
,,,,2190.0,https://www.inc.com/profile/berlin-motors---efendos-global,Berlin Motors - Efendos Global,Logistics & Transportation,Fort Lauderdale
,,,,2191.0,https://www.inc.com/profile/frictionless-solutions,Frictionless Solutions,Health,Arlington Heights
,,,,2192.0,https://www.inc.com/profile/techaspect-solutions,TechAspect Solutions,IT System Development,Newark
,,,,2193.0,https://www.inc.com/profile/smilepoint-pllc,Smilepoint PLLC,Health,Houston
,,,,2194.0,https://www.inc.com/profile/new-project,New Project,Manufacturing,Brooklyn
,,,,2195.0,https://www.inc.com/profile/dogtown-media,Dogtown Media,Software,Venice
,,,,2196.0,https://www.inc.com/profile/cali-bamboo,Cali Bamboo,Manufacturing,San Diego
,,,,2197.0,https://www.inc.com/profile/boardroom-salon-for-men,Boardroom Salon for Men,Consumer Products & Services,Southlake
,,,,2198.0,https://www.inc.com/profile/absolute-web-services,Absolute Web Services,Advertising & Marketing,Miami
,,,,2199.0,https://www.inc.com/profile/coconstruct,CoConstruct,Software,Charlottesville
,,,,2200.0,https://www.inc.com/profile/maryland-addiction-recovery-center,Maryland Addiction Recovery Center,Health,Towson
,,,,2201.0,https://www.inc.com/profile/arnolds-office-furniture,Arnold's Office Furniture,Business Products & Services,Bridgeport
,,,,2202.0,https://www.inc.com/profile/9round,9Round,Consumer Products & Services,Simpsonville
,,,,2203.0,https://www.inc.com/profile/onestaff-medical,Onestaff Medical,Health,Omaha
,,,,2204.0,https://www.inc.com/profile/transportation-one,Transportation One,Logistics & Transportation,Chicago
,,,,2205.0,https://www.inc.com/profile/dfpg-investments,DFPG Investments,Financial Services,Sandy
,,,,2206.0,https://www.inc.com/profile/versatech,VersaTech,IT Management,Columbia
,,,,2207.0,https://www.inc.com/profile/entire-productions,Entire Productions,Business Products & Services,San Francisco
,,,,2208.0,https://www.inc.com/profile/book4time,Book4Time,Software,Buffalo
,,,,2209.0,https://www.inc.com/profile/hmd-transport,HMD Transport,Logistics & Transportation,Chicago
,,,,2210.0,https://www.inc.com/profile/artlin-consulting,Artlin Consulting,Government Services,Fairfax
,,,,2211.0,https://www.inc.com/profile/mst-solutions,MST Solutions,IT System Development,Chandler
,,,,2212.0,https://www.inc.com/profile/contigo-technology,Contigo Technology,IT Management,Austin
,,,,2213.0,https://www.inc.com/profile/issquared,Issquared,IT Management,Westlake Village
,,,,2214.0,https://www.inc.com/profile/branded-online,Branded Online,Business Products & Services,Costa Mesa
,,,,2215.0,https://www.inc.com/profile/mediaalpha,MediaAlpha,Software,Los Angeles
,,,,2216.0,https://www.inc.com/profile/travel-exclusive,TRAVEL EXCLUSIVE,Travel & Hospitality,New York
,,,,2217.0,https://www.inc.com/profile/strategus,Strategus,Advertising & Marketing,Englewood
,,,,2218.0,https://www.inc.com/profile/reorg,Reorg,Media,New York
,,,,2219.0,https://www.inc.com/profile/grit-technologies,Grit Technologies,IT Management,Clinton Township
,,,,2220.0,https://www.inc.com/profile/nix-companies,Nix Companies,Manufacturing,Poseyville
,,,,2221.0,https://www.inc.com/profile/mdscripts,MDScripts,Health,Boulder
,,,,2222.0,https://www.inc.com/profile/toro-taxes,Toro Taxes,Financial Services,Las Vegas
,,,,2223.0,https://www.inc.com/profile/pinnacle-solutions,Pinnacle Solutions,Government Services,Huntsville
,,,,2224.0,https://www.inc.com/profile/webspec-design,Webspec Design,Software,Urbandale
,,,,2225.0,https://www.inc.com/profile/regal-pools,Regal Pools,Construction,tomball
,,,,2226.0,https://www.inc.com/profile/logistic-dynamics,Logistic Dynamics,Logistics & Transportation,Amherst
,,,,2227.0,https://www.inc.com/profile/groundworks,GroundWorks,Construction,Virginia Beach
,,,,2228.0,https://www.inc.com/profile/bemarketing,beMarketing,Advertising & Marketing,Blue Bell
,,,,2229.0,https://www.inc.com/profile/valintry,Valintry,IT Management,Winter Park
,,,,2230.0,https://www.inc.com/profile/revenue-river,Revenue River,Advertising & Marketing,Golden
,,,,2231.0,https://www.inc.com/profile/liquid-audio,Liquid Audio,Retail,Turnersville
,,,,2232.0,https://www.inc.com/profile/ops-security-group,OPS Security Group,Security,Philadelphia
,,,,2233.0,https://www.inc.com/profile/artisan-media-group,Artisan Media Group,Advertising & Marketing,Miami
,,,,2234.0,https://www.inc.com/profile/rastaclat,Rastaclat,Consumer Products & Services,Lakewood
,,,,2235.0,https://www.inc.com/profile/jaguar-fueling-services,Jaguar Fueling Services,Energy,Humble
,,,,2236.0,https://www.inc.com/profile/resonance,Resonance,Business Products & Services,Burlington
,,,,2237.0,https://www.inc.com/profile/jd-brush,J&D Brush,Consumer Products & Services,Hauppauge
,,,,2238.0,https://www.inc.com/profile/langford-allergy,Langford Allergy,Health,Warner Robins
,,,,2239.0,https://www.inc.com/profile/weby-corp,Weby Corp,Retail,Arlington
,,,,2240.0,https://www.inc.com/profile/gatherup,GatherUp,Business Products & Services,San Jose
,,,,2241.0,https://www.inc.com/profile/akshaya,Akshaya,Software,Pleasanton
,,,,2242.0,https://www.inc.com/profile/propharma-sales,ProPharma Sales,Advertising & Marketing,Saint Louis
,,,,2243.0,https://www.inc.com/profile/avidxchange,AvidXchange,Software,Charlotte
,,,,2244.0,https://www.inc.com/profile/becker-wright-consultants,Becker Wright Consultants,Human Resources,Austin
,,,,2245.0,https://www.inc.com/profile/gem-manufacturing,GEM Manufacturing,Manufacturing,Kenosha
,,,,2246.0,https://www.inc.com/profile/plum-creek-environmental-technologies,Plum Creek Environmental Technologies,Environmental Services,West Point
,,,,2247.0,https://www.inc.com/profile/skull-shaver,Skull Shaver,Retail,Moorestown
,,,,2248.0,https://www.inc.com/profile/the-arbinger-institute,The Arbinger Institute,Business Products & Services,Farmington
,,,,2249.0,https://www.inc.com/profile/omniprint-international,OmniPrint International,Manufacturing,Costa Mesa
,,,,2250.0,https://www.inc.com/profile/ceo-coaching-international,CEO Coaching International,Business Products & Services,Newport Beach
,,,,2251.0,https://www.inc.com/profile/growth-institute,Growth Institute,Education,Austin
,,,,2252.0,https://www.inc.com/profile/intelligent-video-solutions,Intelligent Video Solutions,Software,Waukesha
,,,,2253.0,https://www.inc.com/profile/adaptibar,AdaptiBar,Education,Chicago
,,,,2254.0,https://www.inc.com/profile/praetorian,Praetorian,Security,Austin
,,,,2255.0,https://www.inc.com/profile/trudigital-signage,truDigital Signage,Software,Sandy
,,,,2256.0,https://www.inc.com/profile/la-colombe-coffee-roaster,La Colombe Coffee Roaster,Food & Beverage,Philadelphia
,,,,2257.0,https://www.inc.com/profile/magnolia-river-services,Magnolia River Services,Engineering,Hartselle
,,,,2258.0,https://www.inc.com/profile/lenora-systems,Lenora Systems,IT System Development,Redmond
,,,,2259.0,https://www.inc.com/profile/novasyte,Novasyte,Health,Carlsbad
,,,,2260.0,https://www.inc.com/profile/skyline-scaffold,SkyLine Scaffold,Construction,Sacramento
,,,,2261.0,https://www.inc.com/profile/milltown-plumbing-heating-ac-and-drain-cleaning,"MillTown Plumbing, Heating, AC, and Drain Cleaning",Construction,Chelmsford
,,,,2262.0,https://www.inc.com/profile/eventsphere,EventSphere,Travel & Hospitality,Atlanta
,,,,2263.0,https://www.inc.com/profile/renters-warehouse-houston,Renters Warehouse Houston,Real Estate,Houston
,,,,2264.0,https://www.inc.com/profile/veritas-prime,Veritas Prime,Software,Portland
,,,,2265.0,https://www.inc.com/profile/iti-communications,ITI Communications,IT System Development,Charlotte
,,,,2266.0,https://www.inc.com/profile/casino-cash-trac,Casino Cash Trac,Software,tulsa
,,,,2267.0,https://www.inc.com/profile/clearplan,ClearPlan,Business Products & Services,Westborough
,,,,2268.0,https://www.inc.com/profile/murphy-door,Murphy Door,Manufacturing,West Haven
,,,,2269.0,https://www.inc.com/profile/raneys,Raney's,Retail,Ocala
,,,,2270.0,https://www.inc.com/profile/modernizing-medicine,Modernizing Medicine,Software,Boca Raton
,,,,2271.0,https://www.inc.com/profile/omegaquant,OmegaQuant,Health,Sioux Falls
,,,,2272.0,https://www.inc.com/profile/cloudnexion,Cloudnexion,Business Products & Services,Littleton
,,,,2273.0,https://www.inc.com/profile/the-nutrition-corners,The Nutrition Corners,Health,Vienna
,,,,2274.0,https://www.inc.com/profile/show-imaging,Show Imaging,Travel & Hospitality,Vista
,,,,2275.0,https://www.inc.com/profile/pioneer-bank,Pioneer Bank,Financial Services,Austin
,,,,2276.0,https://www.inc.com/profile/capacity,Capacity,Logistics & Transportation,North Brunswick
,,,,2277.0,https://www.inc.com/profile/ecutopia,ecUtopia,Software,San Diego
,,,,2278.0,https://www.inc.com/profile/lsp-technologies,LSP Technologies,Manufacturing,Dublin
,,,,2279.0,https://www.inc.com/profile/manhattanhomedesigncom,ManhattanHomeDesign.com,Retail,New York
,,,,2280.0,https://www.inc.com/profile/jahnel-group,Jahnel Group,Software,Schenectady
,,,,2281.0,https://www.inc.com/profile/pipaya-partners,Pipaya Partners,Financial Services,Vienna
,,,,2282.0,https://www.inc.com/profile/teeming-vacation-rentals,Teeming Vacation Rentals,Travel & Hospitality,Winter Park
,,,,2283.0,https://www.inc.com/profile/jns-media-specialists,JNS Media Specialists,Advertising & Marketing,La Quinta
,,,,2284.0,https://www.inc.com/profile/emergency-restoration-xperts,Emergency Restoration Xperts,Construction,Charlotte
,,,,2285.0,https://www.inc.com/profile/medevoke,MedEvoke,Health,High Bridge
,,,,2286.0,https://www.inc.com/profile/onpar-technologies,OnPar Technologies,IT Management,Durham
,,,,2287.0,https://www.inc.com/profile/medirevv,MediRevv,Health,Coralville
,,,,2288.0,https://www.inc.com/profile/oakman-aerospace,Oakman Aerospace,Engineering,Littleton
,,,,2289.0,https://www.inc.com/profile/azalea-health-innovations,Azalea Health Innovations,Health,Atlanta
,,,,2290.0,https://www.inc.com/profile/esquared-communication-consulting,eSquared Communication Consulting,Telecommunications,Tempe
,,,,2291.0,https://www.inc.com/profile/cubbys,Cubby's,Food & Beverage,American Fork
,,,,2292.0,https://www.inc.com/profile/squaremouth,Squaremouth,Insurance,St. Petersburg
,,,,2293.0,https://www.inc.com/profile/nri-usa,NRI USA,Logistics & Transportation,Los Angeles
,,,,2294.0,https://www.inc.com/profile/rising-sun-farms,Rising Sun Farms,Food & Beverage,Phoenix
,,,,2295.0,https://www.inc.com/profile/adopt-technologies,Adopt Technologies,IT Management,Phoenix
,,,,2296.0,https://www.inc.com/profile/bigspeak-speakers-bureau,BigSpeak Speakers Bureau,Business Products & Services,Santa Barbara
,,,,2297.0,https://www.inc.com/profile/lsinc,LSINC,Government Services,Huntsville
,,,,2298.0,https://www.inc.com/profile/redeemers-group,Redeemers Group,Construction,Memphis
,,,,2299.0,https://www.inc.com/profile/defender-screens-international-dba-progressive-screens,Progressive Screens,Manufacturing,Sarasota
,,,,2300.0,https://www.inc.com/profile/client-command,Client Command,Advertising & Marketing,Cumming
,,,,2301.0,https://www.inc.com/profile/health-catalyst,Health Catalyst,Health,Salt Lake City
,,,,2302.0,https://www.inc.com/profile/db-elite-construction-group,D&B Elite Construction Group,Construction,Sinking Spring
,,,,2303.0,https://www.inc.com/profile/host-healthcare,Host Healthcare,Health,La Jolla
,,,,2304.0,https://www.inc.com/profile/teriyaki-madness,Teriyaki Madness,Food & Beverage,Denver
,,,,2305.0,https://www.inc.com/profile/achieveit,AchieveIt,Software,Atlanta
,,,,2306.0,https://www.inc.com/profile/gg-led-lighting,G&G LED Lighting,Manufacturing,Clifton Park
,,,,2307.0,https://www.inc.com/profile/argotrak,Argotrak,Business Products & Services,Naples
,,,,2308.0,https://www.inc.com/profile/the-ranger-group,The Ranger Group,Human Resources,Frisco
,,,,2309.0,https://www.inc.com/profile/ad-results-media,Ad Results Media,Advertising & Marketing,Houston
,,,,2310.0,https://www.inc.com/profile/studio-11-design,Studio 11 Design,Travel & Hospitality,Dallas
,,,,2310.0,https://www.inc.com/profile/a-staffing,A+ Staffing,Advertising & Marketing,Dallas
,,,,2311.0,https://www.inc.com/profile/jcm-capital-investments,JCM Capital Investments,Real Estate,GLENDALE
,,,,2312.0,https://www.inc.com/profile/real-social-dynamics,Real Social Dynamics,Consumer Products & Services,Las Vegas
,,,,2313.0,https://www.inc.com/profile/talent-framework,Talent Framework,Human Resources,Reno
,,,,2314.0,https://www.inc.com/profile/mis-solutions,MIS Solutions,IT Management,Suwanee
,,,,2315.0,https://www.inc.com/profile/tripack,Tripack,Manufacturing,Milford
,,,,2316.0,https://www.inc.com/profile/amicon-management,Amicon Management,Real Estate,Miami
,,,,2317.0,https://www.inc.com/profile/medisouth,Medisouth,Business Products & Services,Houston
,,,,2318.0,https://www.inc.com/profile/gpstrackit,GPS Trackit,Software,Roswell
,,,,2319.0,https://www.inc.com/profile/window-nation,Window Nation,Construction,Fulton
,,,,2320.0,https://www.inc.com/profile/smarthouse-heating-cooling,SmartHouse Heating & Cooling,Construction,St. Louis
,,,,2321.0,https://www.inc.com/profile/plus-group,Plus Group,Engineering,Cincinnati
,,,,2322.0,https://www.inc.com/profile/levelset,Levelset,Software,New Orleans
,,,,2323.0,https://www.inc.com/profile/captive-alternatives,Captive Alternatives,Insurance,Atlanta
,,,,2324.0,https://www.inc.com/profile/agilis-systems,Agilis Systems,Software,Chesterfield
,,,,2325.0,https://www.inc.com/profile/smp-pharmacy-solutions,SMP Pharmacy Solutions,Health,Miami
,,,,2326.0,https://www.inc.com/profile/usconnect,USConnect,Food & Beverage,Greensboro
,,,,2327.0,https://www.inc.com/profile/brandnexcom,BrandNex.com,Business Products & Services,Sugar Land
,,,,2328.0,https://www.inc.com/profile/bodyhealth,BodyHealth,Health,Clearwater
,,,,2329.0,https://www.inc.com/profile/jenis-splendid-ice-creams,Jeni's Splendid Ice Creams,Food & Beverage,Columbus
,,,,2330.0,https://www.inc.com/profile/fortified-data,Fortified Data,IT Management,Fort Mill
,,,,2331.0,https://www.inc.com/profile/grand-river-aseptic-manufacturing,Grand River Aseptic Manufacturing,Health,Grand Rapids
,,,,2332.0,https://www.inc.com/profile/sada-systems,SADA Systems,IT Management,North Hollywood
,,,,2333.0,https://www.inc.com/profile/los-angeles-distributing-company,Los Angeles Distributing Company,Food & Beverage,Commerce
,,,,2334.0,https://www.inc.com/profile/boa-logistics,Boa Logistics,Logistics & Transportation,Culver City
,,,,2335.0,https://www.inc.com/profile/mediasmack,MediaSmack,Advertising & Marketing,Austin
,,,,2336.0,https://www.inc.com/profile/data-storage-science,Data Storage Science,IT Management,Ashburn
,,,,2337.0,https://www.inc.com/profile/peersource,PeerSource,Human Resources,Englewood
,,,,2338.0,https://www.inc.com/profile/integrated-biometrics,Integrated Biometrics,Security,Spartanburg
,,,,2339.0,https://www.inc.com/profile/airosmith-development,Airosmith Development,Telecommunications,Saratoga Springs
,,,,2340.0,https://www.inc.com/profile/trio,Trio,Business Products & Services,Denver
,,,,2341.0,https://www.inc.com/profile/coldwell-banker-distinctive-properties,Coldwell Banker Distinctive Properties,Real Estate,Grand Junction
,,,,2342.0,https://www.inc.com/profile/collateral-management,Collateral Management,Financial Services,Fort Lauderdale
,,,,2343.0,https://www.inc.com/profile/schadler-industrial,Schadler Industrial,Construction,Kutztown
,,,,2344.0,https://www.inc.com/profile/ssdm,SSDM,Advertising & Marketing,Troy
,,,,2345.0,https://www.inc.com/profile/spangler-restoration,Spangler Restoration,Construction,Indian Trail
,,,,2346.0,https://www.inc.com/profile/bpo-usa,BPO USA,Advertising & Marketing,New Port Richey
,,,,2347.0,https://www.inc.com/profile/egen-solutions,EGen Solutions,IT System Development,Naperville
,,,,2348.0,https://www.inc.com/profile/golden-financial-services-debt-settlement-corp,Golden Financial Services Debt Settlement Corp.,Financial Services,Boynton Beach
,,,,2349.0,https://www.inc.com/profile/superior-restoration,Superior Restoration,Construction,Lake Elsinore
,,,,2350.0,https://www.inc.com/profile/level-2-legal-solutions,Level 2 Legal Solutions,Business Products & Services,Tyler
,,,,2351.0,https://www.inc.com/profile/the-autumn-group,The Autumn Group,IT Management,"Windham, NH"
,,,,2352.0,https://www.inc.com/profile/hawksearch,Hawksearch,Software,Des Plaines
,,,,2353.0,https://www.inc.com/profile/sales-xceleration,Sales Xceleration,Business Products & Services,Indianapolis
,,,,2354.0,https://www.inc.com/profile/athletx-sports-group,Athletx Sports Group,Consumer Products & Services,Louisville
,,,,2355.0,https://www.inc.com/profile/pc-age,PC Age,Education,Jersey City
,,,,2356.0,https://www.inc.com/profile/uncomn,Uncomn,IT System Development,Scott AFB
,,,,2357.0,https://www.inc.com/profile/intelpath,Intelpath,Telecommunications,Hinsdale
,,,,2358.0,https://www.inc.com/profile/triad-rf-systems,Triad RF Systems,Telecommunications,East Brunswick
,,,,2359.0,https://www.inc.com/profile/katalyst-group,Katalyst Group,Human Resources,Bell Canyon
,,,,2360.0,https://www.inc.com/profile/onsite-oilfield-service,OnSite Oilfield Service,Energy,Abilene
,,,,2361.0,https://www.inc.com/profile/national-petroleum,National Petroleum,Energy,Newark
,,,,2362.0,https://www.inc.com/profile/simply-dental-management,Simply Dental Management,Health,Hopkinton
,,,,2363.0,https://www.inc.com/profile/poppin,Poppin,Business Products & Services,New York
,,,,2364.0,https://www.inc.com/profile/phaidon-international,Phaidon International,Human Resources,New York
,,,,2365.0,https://www.inc.com/profile/tallwave,Tallwave,Business Products & Services,Scottsdale
,,,,2366.0,https://www.inc.com/profile/wellbiz-brands,WellBiz Brands,Health,Englewood
,,,,2367.0,https://www.inc.com/profile/agency672,Agency672,Advertising & Marketing,Atlanta
,,,,2368.0,https://www.inc.com/profile/isi-professional-services,ISI Professional Services,Government Services,Fairfax
,,,,2369.0,https://www.inc.com/profile/onedigital-health-and-benefits,OneDigital Health and Benefits,Insurance,Atlanta
,,,,2370.0,https://www.inc.com/profile/method-architecture,Method Architecture,Construction,Houston
,,,,2371.0,https://www.inc.com/profile/strolid,Strolid,Business Products & Services,Salem
,,,,2372.0,https://www.inc.com/profile/edge-business-systems,Edge Business Systems,Business Products & Services,Roswell
,,,,2373.0,https://www.inc.com/profile/consumer-acquisition,Consumer Acquisition,Advertising & Marketing,San Francisco
,,,,2374.0,https://www.inc.com/profile/propeller,Propeller,Business Products & Services,Portland
,,,,2375.0,https://www.inc.com/profile/millennium-alliance,Millennium Alliance,Business Products & Services,New York
,,,,2376.0,https://www.inc.com/profile/pros-corporate-housing,P.R.O.S. Corporate Housing,Travel & Hospitality,Phoenix
,,,,2377.0,https://www.inc.com/profile/athena-technology-group,Athena Technology Group,Government Services,Herndon
,,,,2378.0,https://www.inc.com/profile/battlbox,BattlBox,Consumer Products & Services,Milledgeville
,,,,2379.0,https://www.inc.com/profile/converge-consulting,Converge Consulting,Advertising & Marketing,Cedar Rapids
,,,,2380.0,https://www.inc.com/profile/british-swim-school,British Swim School,Education,Fort Lauderdale
,,,,2381.0,https://www.inc.com/profile/abstrakt-marketing-group,Abstrakt Marketing Group,Advertising & Marketing,Saint Louis
,,,,2382.0,https://www.inc.com/profile/engineerai,Engineer.ai,IT System Development,Culver City
,,,,2383.0,https://www.inc.com/profile/homespire-mortgage,Homespire Mortgage,Financial Services,Gaithersburg
,,,,2384.0,https://www.inc.com/profile/abode-luxury-rentals,Abode Luxury Rentals,Travel & Hospitality,Park City
,,,,2385.0,https://www.inc.com/profile/arixa-capital-advisors,Arixa Capital Advisors,Financial Services,Los Angeles
,,,,2386.0,https://www.inc.com/profile/fathom-realty,Fathom Realty,Real Estate,Cary
,,,,2387.0,https://www.inc.com/profile/caldera-medical,Caldera Medical,Health,Agoura Hills
,,,,2388.0,https://www.inc.com/profile/acuity-technologies,Acuity Technologies,IT Management,Tampa
,,,,2389.0,https://www.inc.com/profile/symplr,Symplr,Health,Houston
,,,,2390.0,https://www.inc.com/profile/stokes-company-cpas-pc,"Stokes & Company, CPAs",Financial Services,Greenville
,,,,2391.0,https://www.inc.com/profile/metric-theory,Metric Theory,Advertising & Marketing,San Francisco
,,,,2392.0,https://www.inc.com/profile/enviro-master-international-franchise,Enviro-Master International Franchise,Business Products & Services,Charlotte
,,,,2393.0,https://www.inc.com/profile/enseo,Enseo,Media,Richardson
,,,,2394.0,https://www.inc.com/profile/equipment-management-group,Equipment Management Group,Logistics & Transportation,Atlanta
,,,,2395.0,https://www.inc.com/profile/edlogical-group-corp,Edlogical Group Corp,Education,Long Beach
,,,,2396.0,https://www.inc.com/profile/dane-manufacturing,Dane Manufacturing,Manufacturing,Dane
,,,,2397.0,https://www.inc.com/profile/annleo,annLeo,Health,Milford
,,,,2398.0,https://www.inc.com/profile/connexa,Connexa,Energy,Comfort
,,,,2399.0,https://www.inc.com/profile/sour-fish-events,Sour Fish Events,Consumer Products & Services,Chicago
,,,,2400.0,https://www.inc.com/profile/prime-tsr,Prime TSR,IT Management,Chicago
,,,,2401.0,https://www.inc.com/profile/practice-promotions,Practice Promotions,Advertising & Marketing,Chesterfield
,,,,2402.0,https://www.inc.com/profile/net-conversion,Net Conversion,Advertising & Marketing,Orlando
,,,,2403.0,https://www.inc.com/profile/vee-technologies,Vee Technologies,Business Products & Services,New York
,,,,2404.0,https://www.inc.com/profile/amijag,Amijag,Retail,Houston
,,,,2405.0,https://www.inc.com/profile/priority-lighting,Priority Lighting,Construction,Palm Desert
,,,,2406.0,https://www.inc.com/profile/sameday-insurance-services,Sameday Insurance Services,Insurance,La Mirada
,,,,2407.0,https://www.inc.com/profile/einstein-moving-company,Einstein Moving Company,Logistics & Transportation,Austin
,,,,2408.0,https://www.inc.com/profile/alight-analytics,Alight Analytics,Software,Kansas City
,,,,2409.0,https://www.inc.com/profile/storebound,Storebound,Consumer Products & Services,New York
,,,,2410.0,https://www.inc.com/profile/january-digital,January Digital,Advertising & Marketing,Fort Worth
,,,,2411.0,https://www.inc.com/profile/enterprise-knowledge,Enterprise Knowledge,Business Products & Services,Arlington
,,,,2412.0,https://www.inc.com/profile/proozy,Proozy,Retail,eagan
,,,,2413.0,https://www.inc.com/profile/atlas-research,Atlas Research,Government Services,Washington
,,,,2414.0,https://www.inc.com/profile/nomad-financial,Nomad Financial,Financial Services,New York
,,,,2415.0,https://www.inc.com/profile/aerodyne-industries,Aerodyne Industries,Government Services,Cape Canaveral
,,,,2416.0,https://www.inc.com/profile/omg-commerce,OMG Commerce,Advertising & Marketing,Springfield
,,,,2417.0,https://www.inc.com/profile/cs-communications,C&S Communications,Telecommunications,Richmond
,,,,2417.0,https://www.inc.com/profile/heritage-group,Heritage Group,Environmental Services,Des Moines
,,,,2418.0,https://www.inc.com/profile/modern-american-recycling-services,Modern American Recycling Services,Environmental Services,Gibson
,,,,2419.0,https://www.inc.com/profile/union,Union,Advertising & Marketing,Charlotte
,,,,2420.0,https://www.inc.com/profile/future-state-consulting,Future State Consulting,IT Management,TIGARD
,,,,2421.0,https://www.inc.com/profile/on-target-health,On Target Health,Health,Indianapolis
,,,,2422.0,https://www.inc.com/profile/premier-pools-and-spas---dallas,Premier Pools and Spas - Dallas,Construction,Plano
,,,,2423.0,https://www.inc.com/profile/zoominfo,ZoomInfo,Business Products & Services,Waltham
,,,,2424.0,https://www.inc.com/profile/commonfont,commonFont,IT System Development,Bozeman
,,,,2425.0,https://www.inc.com/profile/progressive-freight,Progressive Freight,Logistics & Transportation,Thomasville
,,,,2426.0,https://www.inc.com/profile/rockerbox,Rockerbox,Advertising & Marketing,New York City
,,,,2427.0,https://www.inc.com/profile/the-hay-legal-group,The Hay Legal Group,Business Products & Services,Austin
,,,,2428.0,https://www.inc.com/profile/denton-floyd-real-estate-group,Denton Floyd Real Estate Group,Real Estate,Louisville
,,,,2429.0,https://www.inc.com/profile/reveneer,Reveneer,Business Products & Services,Lexington
,,,,2430.0,https://www.inc.com/profile/m2e,M2E,Engineering,South Miami
,,,,2431.0,https://www.inc.com/profile/aok-rvs,AOK RVs,Retail,Laurie
,,,,2432.0,https://www.inc.com/profile/jsk-transportation,JSK Transportation,Logistics & Transportation,West Long Branch
,,,,2433.0,https://www.inc.com/profile/am-sun-solar,A.M. Sun Solar,Energy,Paso Robles
,,,,2433.0,https://www.inc.com/profile/sheds-direct,Sheds Direct,Construction,Granite Falls
,,,,2434.0,https://www.inc.com/profile/sealink-international,Sealink International,Logistics & Transportation,Plano
,,,,2435.0,https://www.inc.com/profile/cfo-alliance,CFO Alliance,Business Products & Services,Tampa
,,,,2436.0,https://www.inc.com/profile/nxgn,NXGN,Business Products & Services,Chicago
,,,,2437.0,https://www.inc.com/profile/medisked,MediSked,Software,Rochester
,,,,2438.0,https://www.inc.com/profile/full-circle-research,Full Circle Research,Business Products & Services,Potomac
,,,,2439.0,https://www.inc.com/profile/updox,Updox,Software,Dublin
,,,,2440.0,https://www.inc.com/profile/tasteful-selections,Tasteful Selections,Food & Beverage,Arvin
,,,,2441.0,https://www.inc.com/profile/ren-dermatology,REN Dermatology,Health,Franklin
,,,,2442.0,https://www.inc.com/profile/nfinameplates-for-industry,NFI/Nameplates for Industry,Manufacturing,New Bedford
,,,,2443.0,https://www.inc.com/profile/advantage-technology,Advantage Technology,IT Management,Charleston
,,,,2444.0,https://www.inc.com/profile/megacorp-logistics,MegaCorp Logistics,Logistics & Transportation,Wrightsville Beach
,,,,2445.0,https://www.inc.com/profile/pinnacus,Pinnacus,Human Resources,Miami
,,,,2446.0,https://www.inc.com/profile/s3-builders,S3 Builders,Construction,Sun Valley
,,,,2447.0,https://www.inc.com/profile/hancock-claims-consultants,Hancock Claims Consultants,Insurance,Alpharetta
,,,,2448.0,https://www.inc.com/profile/repay,Repay,Financial Services,Atlanta
,,,,2449.0,https://www.inc.com/profile/pepine-realty,Pepine Realty,Real Estate,Gainesville
,,,,2450.0,https://www.inc.com/profile/fort-construction,"Fort Construction,",Construction,Fort Worth
,,,,2451.0,https://www.inc.com/profile/elite-pacific-properties,Elite Pacific Properties,Real Estate,Honolulu
,,,,2452.0,https://www.inc.com/profile/ironmountain-solutions,IronMountain Solutions,Government Services,Huntsville
,,,,2453.0,https://www.inc.com/profile/coffeebar,Coffeebar,Food & Beverage,Truckee
,,,,2454.0,https://www.inc.com/profile/doodlebuggers,Doodlebuggers,Consumer Products & Services,Pensacola
,,,,2455.0,https://www.inc.com/profile/careerminds,Careerminds,Business Products & Services,Wilminton
,,,,2456.0,https://www.inc.com/profile/peg-compaines,PEG Compaines,Real Estate,Provo
,,,,2457.0,https://www.inc.com/profile/stand-up-guys-junk-removal,Stand Up Guys Junk Removal,Consumer Products & Services,Tampa
,,,,2458.0,https://www.inc.com/profile/paragon-private-health,Paragon Private Health,Health,New York
,,,,2459.0,https://www.inc.com/profile/affinipay,AffiniPay,Financial Services,Austin
,,,,2460.0,https://www.inc.com/profile/amc-bridge,AMC Bridge,Software,Waltham
,,,,2461.0,https://www.inc.com/profile/convene-new-york-ny,"Convene (New York, NY)",Real Estate,New York
,,,,2462.0,https://www.inc.com/profile/marketbeat,MarketBeat,Media,Sioux Falls
,,,,2463.0,https://www.inc.com/profile/great-dental-websites,Great Dental Websites,Advertising & Marketing,Denver
,,,,2464.0,https://www.inc.com/profile/environmental-protection-industries,Environmental Protection Industries,Environmental Services,SOUTH HOLLAND
,,,,2465.0,https://www.inc.com/profile/independent-trust-company-of-america,Independent Trust Company of America,Financial Services,Rapid City
,,,,2466.0,https://www.inc.com/profile/pacific-gold-marketing,Pacific Gold Marketing,Construction,Fresno
,,,,2467.0,https://www.inc.com/profile/sajj-mediterranean,SAJJ Mediterranean,Food & Beverage,Belmont
,,,,2468.0,https://www.inc.com/profile/broadreach-medical-resources,Broadreach Medical Resources,Health,New York
,,,,2469.0,https://www.inc.com/profile/conversant-group,Conversant Group,IT Management,Chattanooga
,,,,2470.0,https://www.inc.com/profile/all-american-entertainment,All American Entertainment,Business Products & Services,Durham
,,,,2471.0,https://www.inc.com/profile/core-consultants,CORE Consultants,Engineering,Littleton
,,,,2472.0,https://www.inc.com/profile/shelter,Shelter,Travel & Hospitality,San Francisco
,,,,2473.0,https://www.inc.com/profile/afters-ice-cream,Afters Ice Cream,Food & Beverage,Huntington Beach
,,,,2474.0,https://www.inc.com/profile/passage-technology,Passage Technology,Software,Lake Forest
,,,,2475.0,https://www.inc.com/profile/the-westport-group,The Westport Group,Insurance,Braintree
,,,,2476.0,https://www.inc.com/profile/stirista,Stirista,Advertising & Marketing,San Antonio
,,,,2477.0,https://www.inc.com/profile/silver-lining-design-group,Silver Lining Design Group,Travel & Hospitality,Rockville
,,,,2478.0,https://www.inc.com/profile/bcs-callprocessing,BCS CallProcessing,IT Management,Rockland
,,,,2479.0,https://www.inc.com/profile/vtech-solution,vTech Solution,Government Services,Washington
,,,,2480.0,https://www.inc.com/profile/orbit-logic,Orbit Logic,Software,Greenbelt
,,,,2481.0,https://www.inc.com/profile/creative-works,Creative Works,Business Products & Services,Mooresville
,,,,2482.0,https://www.inc.com/profile/axi-international-corp,AXI International Corp.,Manufacturing,Fort Myers
,,,,2483.0,https://www.inc.com/profile/architecture-design-collaborative,Architecture Design Collaborative,Engineering,Laguna Hills
,,,,2484.0,https://www.inc.com/profile/sellercloud,SellerCloud,Software,Lakewood
,,,,2485.0,https://www.inc.com/profile/koya-leadership-partners,Koya Leadership Partners,Human Resources,Newburyport
,,,,2486.0,https://www.inc.com/profile/mikes-metal-works,Mike's Metal Works,Construction,Jamul
,,,,2487.0,https://www.inc.com/profile/new-breed-marketing,New Breed Marketing,Advertising & Marketing,Winooski
,,,,2488.0,https://www.inc.com/profile/superior-fireworks,Superior Fireworks,Retail,Orange Park
,,,,2489.0,https://www.inc.com/profile/sweet-peach-wax-sugaring-studio,Sweet Peach Wax & Sugaring Studio,Consumer Products & Services,Atlanta
,,,,2490.0,https://www.inc.com/profile/injured-gadgets,Injured Gadgets,Business Products & Services,NORCROSS
,,,,2491.0,https://www.inc.com/profile/lake-homes-realty,Lake Homes Realty,Real Estate,Hoover
,,,,2492.0,https://www.inc.com/profile/good-life-companies,Good Life Companies,Financial Services,Reading
,,,,2493.0,https://www.inc.com/profile/mavice,Mavice,Software,Santa Monica
,,,,2494.0,https://www.inc.com/profile/amstill-roofing,Amstill Roofing,Construction,Houston
,,,,2495.0,https://www.inc.com/profile/chantel-ray-real-estate,Chantel Ray Real Estate,Real Estate,Virginia Beach
,,,,2496.0,https://www.inc.com/profile/pinpoint-payments,Pinpoint Payments,Financial Services,Fresh Meadows
,,,,2497.0,https://www.inc.com/profile/on-the-map-marketing,On the Map Marketing,Advertising & Marketing,Miami
,,,,2498.0,https://www.inc.com/profile/accttwo-shared-services,AcctTwo Shared Services,Financial Services,Houston
,,,,2499.0,https://www.inc.com/profile/wna-engineering,WNA Engineering,Engineering,Portersville
,,,,2500.0,https://www.inc.com/profile/the-basement,The Basement,Advertising & Marketing,Indianapolis
,,,,2501.0,https://www.inc.com/profile/georgetown-home-care,Georgetown Home Care,Health,Washington
,,,,2502.0,https://www.inc.com/profile/foster-crown,Foster Crown,Health,Delafield
,,,,2503.0,https://www.inc.com/profile/green-star-exteriors,Green Star Exteriors,Construction,Holmes
,,,,2504.0,https://www.inc.com/profile/soundhouse-rentals,Soundhouse Rentals,Business Products & Services,Brooklyn
,,,,2505.0,https://www.inc.com/profile/hbr-consulting,HBR Consulting,Business Products & Services,Chicago
,,,,2506.0,https://www.inc.com/profile/webpt,WebPT,Software,Phoenix
,,,,2507.0,https://www.inc.com/profile/blue-wheel-media,Blue Wheel Media,Advertising & Marketing,Birmingham
,,,,2508.0,https://www.inc.com/profile/bullseye-strategy,Bullseye Strategy,Advertising & Marketing,Ft. Lauderdale
,,,,2509.0,https://www.inc.com/profile/canvs,Canvs,Software,New York City
,,,,2510.0,https://www.inc.com/profile/anders-group,Anders Group,Health,Irving
,,,,2511.0,https://www.inc.com/profile/michael-hyatt-company,Michael Hyatt & Company,Business Products & Services,Franklin
,,,,2512.0,https://www.inc.com/profile/exponential-property-group,Exponential Property Group,Real Estate,Southlake
,,,,2513.0,https://www.inc.com/profile/gp-flooring-solutions,GP Flooring Solutions,Construction,Rochester
,,,,2514.0,https://www.inc.com/profile/belay,Belay,Business Products & Services,Atlanta
,,,,2515.0,https://www.inc.com/profile/myriad-mobile,Myriad Mobile,Software,Fargo
,,,,2516.0,https://www.inc.com/profile/shaycore-enterprises,ShayCore Enterprises,Construction,Jacksonville
,,,,2517.0,https://www.inc.com/profile/orases,Orases,Software,Frederick
,,,,2518.0,https://www.inc.com/profile/zmac-transportation,ZMAC Transportation,Logistics & Transportation,Racine
,,,,2519.0,https://www.inc.com/profile/cvp-customer-value-partners,CVP (Customer Value Partners),Business Products & Services,Fairfax
,,,,2520.0,https://www.inc.com/profile/quicklotz-liquidations,Quicklotz Liquidations,Retail,Rutherfordton
,,,,2521.0,https://www.inc.com/profile/linkedselling,LinkedSelling,Advertising & Marketing,St Louis
,,,,2522.0,https://www.inc.com/profile/kajabi,Kajabi,Software,Irvine
,,,,2523.0,https://www.inc.com/profile/karsun-solutions,Karsun Solutions,Government Services,Herndon
,,,,2524.0,https://www.inc.com/profile/stp-investment-services,STP Investment Services,Financial Services,West Chester
,,,,2525.0,https://www.inc.com/profile/less-annoying-software,Less Annoying Software,Software,St. Louis
,,,,2526.0,https://www.inc.com/profile/keono,keono,Advertising & Marketing,elmhurst
,,,,2527.0,https://www.inc.com/profile/bisonoffice,BisonOffice,Retail,North Riverside
,,,,2528.0,https://www.inc.com/profile/sullivan-engineering,Sullivan Engineering,Engineering,New York
,,,,2529.0,https://www.inc.com/profile/aspirent,Aspirent,IT Management,Atlanta
,,,,2530.0,https://www.inc.com/profile/material-handling-services,Material Handling Services,Business Products & Services,Perrysburg
,,,,2531.0,https://www.inc.com/profile/clutch-holdings,Clutch Holdings,Software,Ambler
,,,,2532.0,https://www.inc.com/profile/skyverge,SkyVerge,Software,King of Prussia
,,,,2533.0,https://www.inc.com/profile/bell-media,Bell Media,Advertising & Marketing,Birmingham
,,,,2534.0,https://www.inc.com/profile/eligo-energy,Eligo Energy,Energy,Chicago
,,,,2535.0,https://www.inc.com/profile/nuventra-pharma-sciences,Nuventra Pharma Sciences,Health,Durham
,,,,2536.0,https://www.inc.com/profile/atlantic-blue-water-services,Atlantic Blue Water Services,Business Products & Services,Westminster
,,,,2537.0,https://www.inc.com/profile/skyword,Skyword,Advertising & Marketing,Boston
,,,,2538.0,https://www.inc.com/profile/executech,Executech,IT Management,South Jordan
,,,,2539.0,https://www.inc.com/profile/ultimate-jet-vacations,Ultimate Jet Vacations,Travel & Hospitality,Aventura
,,,,2540.0,https://www.inc.com/profile/surdi-enterprise,Surdi Enterprise,Consumer Products & Services,WOODINVILLE
,,,,2541.0,https://www.inc.com/profile/clearent,Clearent,Financial Services,Clayton
,,,,2542.0,https://www.inc.com/profile/a-head-for-profits,A Head For Profits,Business Products & Services,Nashville
,,,,2543.0,https://www.inc.com/profile/health-carousel,Health Carousel,Health,Cincinnati
,,,,2544.0,https://www.inc.com/profile/rr-appliance-services,RR Appliance Services,Consumer Products & Services,Hialeah
,,,,2545.0,https://www.inc.com/profile/pci-group,PCI Group,Business Products & Services,Fort Mill
,,,,2546.0,https://www.inc.com/profile/eclipse-brand-builders,Eclipse Brand Builders,Business Products & Services,Suwanee
,,,,2547.0,https://www.inc.com/profile/northern-planet,Northern Planet,Retail,Beaverton
,,,,2548.0,https://www.inc.com/profile/adtheorent,AdTheorent,Advertising & Marketing,New York
,,,,2549.0,https://www.inc.com/profile/career-start,Career Start,Human Resources,Rochester
,,,,2550.0,https://www.inc.com/profile/mid-america-logistics,Mid America Logistics,Logistics & Transportation,Fenton
,,,,2551.0,https://www.inc.com/profile/roz-marketing-group,Roz Marketing Group,Business Products & Services,Studio City
,,,,2552.0,https://www.inc.com/profile/grsi,GRSi,Government Services,Frederick
,,,,2553.0,https://www.inc.com/profile/creative-marketing-resources,Creative Marketing Resources,Advertising & Marketing,Milwaukee
,,,,2554.0,https://www.inc.com/profile/escalon-services,Escalon Services,Business Products & Services,Palo Alto
,,,,2555.0,https://www.inc.com/profile/franpos,Franpos,Software,Santa Clara
,,,,2556.0,https://www.inc.com/profile/tectonic-audio-labs,Tectonic Audio Labs,Consumer Products & Services,Woodinville
,,,,2557.0,https://www.inc.com/profile/jax-refrigeration,JAX Refrigeration,Construction,JACKSONVILLE BEACH
,,,,2558.0,https://www.inc.com/profile/tridiuum,Tridiuum,Software,Philadelphia
,,,,2559.0,https://www.inc.com/profile/human-element,Human Element,IT System Development,Ann Arbor
,,,,2560.0,https://www.inc.com/profile/integrhythm,Integrhythm,IT Management,Minneapolis
,,,,2561.0,https://www.inc.com/profile/cinergy-entertainment,Cinergy Entertainment,Consumer Products & Services,Dallas
,,,,2562.0,https://www.inc.com/profile/compassmsp,CompassMSP,IT Management,Jacksonville
,,,,2563.0,https://www.inc.com/profile/apps-solutions,Apps Solutions,IT System Development,TROY
,,,,2564.0,https://www.inc.com/profile/fatbeam,Fatbeam,Telecommunications,Coeur D Alene
,,,,2565.0,https://www.inc.com/profile/demanddrive,demandDrive,Advertising & Marketing,Waltham
,,,,2566.0,https://www.inc.com/profile/woodridge-advisors,Woodridge Advisors,Software,Golden
,,,,2567.0,https://www.inc.com/profile/open-systems-healthcare,Open Systems Healthcare,Health,Philadelphia
,,,,2568.0,https://www.inc.com/profile/perfusioncom,Perfusion.com,Health,Fort Myers
,,,,2569.0,https://www.inc.com/profile/diligent-corporation,Diligent Corporation,Software,New York
,,,,2570.0,https://www.inc.com/profile/surefire-local,Surefire Local,Advertising & Marketing,Vienna
,,,,2571.0,https://www.inc.com/profile/capital-square-1031,Capital Square 1031,Real Estate,Glen Allen
,,,,2572.0,https://www.inc.com/profile/ebquickstart,EBQuickstart,Business Products & Services,Austin
,,,,2573.0,https://www.inc.com/profile/agilethought,AgileThought,Software,Tampa
,,,,2574.0,https://www.inc.com/profile/paradyme-management,Paradyme Management,IT Management,Greenbelt
,,,,2575.0,https://www.inc.com/profile/jear-logistics,JEAR Logistics,Logistics & Transportation,Mt. Pleasant
,,,,2576.0,https://www.inc.com/profile/senture,Senture,Government Services,London
,,,,2577.0,https://www.inc.com/profile/med-tech-solutions,Med Tech Solutions,Health,Valencia
,,,,2578.0,https://www.inc.com/profile/property-management,Property Management,Real Estate,Lehi
,,,,2579.0,https://www.inc.com/profile/rang-technologies,Rang Technologies,Human Resources,Piscataway
,,,,2580.0,https://www.inc.com/profile/barracuda-staffing,Barracuda Staffing,Human Resources,Tulsa
,,,,2581.0,https://www.inc.com/profile/the-surface-masters,The Surface Masters,Construction,Marietta
,,,,2582.0,https://www.inc.com/profile/advanced-medical-integration,Advanced Medical Integration,Health,Clearwater
,,,,2583.0,https://www.inc.com/profile/anytime-flooring,Anytime Flooring,Construction,Baton Rouge
,,,,2584.0,https://www.inc.com/profile/the-kotter-group,The Kotter Group,Telecommunications,Lilburn
,,,,2585.0,https://www.inc.com/profile/electrosoft-services,Electrosoft Services,Government Services,Reston
,,,,2586.0,https://www.inc.com/profile/myrtle-group,Myrtle Group,Business Products & Services,Houston
,,,,2587.0,https://www.inc.com/profile/reviewpush,ReviewPush,Software,Austin
,,,,2588.0,https://www.inc.com/profile/buybackbosscom,BuybackBoss.com,Consumer Products & Services,Tempe
,,,,2589.0,https://www.inc.com/profile/oceantech,OceanTech,Computer Hardware,Minneapolis
,,,,2590.0,https://www.inc.com/profile/fluidmesh-networks,Fluidmesh Networks,Software,Brooklyn
,,,,2591.0,https://www.inc.com/profile/pegasus-one,Pegasus one,IT System Development,fullerton
,,,,2592.0,https://www.inc.com/profile/proforma-printing-systems,Proforma Printing Systems,Business Products & Services,Rancho Cucamonga
,,,,2593.0,https://www.inc.com/profile/solutions-by-text,Solutions by Text,Telecommunications,Dallas
,,,,2594.0,https://www.inc.com/profile/epiq,Epiq,Business Products & Services,Atlanta
,,,,2595.0,https://www.inc.com/profile/iquanti,iQuanti,Advertising & Marketing,Jersey City
,,,,2596.0,https://www.inc.com/profile/the-lockwood-group,The Lockwood Group,Advertising & Marketing,Stamford
,,,,2597.0,https://www.inc.com/profile/sentinel-sales-management,Sentinel Sales & Management,Real Estate,American Fork
,,,,2598.0,https://www.inc.com/profile/caliber-the-wealth-development-company,Caliber The Wealth Development Company,Real Estate,Scottsdale
,,,,2599.0,https://www.inc.com/profile/chair-10-marketing,Chair 10 Marketing,Advertising & Marketing,Seattle
,,,,2600.0,https://www.inc.com/profile/trinity-multifamily,Trinity Multifamily,Real Estate,Fort Smith
,,,,2601.0,https://www.inc.com/profile/edgewater-federal-solutions,Edgewater Federal Solutions,IT Management,Ijamsville
,,,,2602.0,https://www.inc.com/profile/lamb-insurance-services,Lamb Insurance Services,Insurance,New York
,,,,2603.0,https://www.inc.com/profile/yourmechanic,YourMechanic,Business Products & Services,Mountain View
,,,,2604.0,https://www.inc.com/profile/criteria-los-angeles-ca,"Criteria (Los Angeles, CA)",Software,West Hollywood
,,,,2605.0,https://www.inc.com/profile/patra,Patra,Insurance,El Dorado Hills
,,,,2606.0,https://www.inc.com/profile/project-repat,Project Repat,Consumer Products & Services,Somerville
,,,,2607.0,https://www.inc.com/profile/capitol-home-health,Capitol Home Health,Health,Austin
,,,,2608.0,https://www.inc.com/profile/raare-solutions,Raare Solutions,Business Products & Services,Woodcliff Lake
,,,,2609.0,https://www.inc.com/profile/supplies-now,Supplies Now,Business Products & Services,Greenacres
,,,,2610.0,https://www.inc.com/profile/nelson-construction-and-renovations,Nelson Construction and Renovations,Construction,Clearwater
,,,,2611.0,https://www.inc.com/profile/momentfeed,MomentFeed,Software,Santa Monica
,,,,2612.0,https://www.inc.com/profile/cutting-edge-services,Cutting Edge Services,Business Products & Services,Boise
,,,,2613.0,https://www.inc.com/profile/chhabra-enterprises,Chhabra Enterprises,Business Products & Services,Saint Louis
,,,,2614.0,https://www.inc.com/profile/pless-securityincorporated,Pless Security Incorporated,Security,Marietta
,,,,2615.0,https://www.inc.com/profile/park-place-technologies,Park Place Technologies,IT Management,Mayfield Heights
,,,,2616.0,https://www.inc.com/profile/tin-roof-software,Tin Roof Software,Software,Atlanta
,,,,2617.0,https://www.inc.com/profile/netrush,Netrush,Retail,Vancouver
,,,,2618.0,https://www.inc.com/profile/onprem-solution-partners,OnPrem Solution Partners,Business Products & Services,Manhattan Beach
,,,,2619.0,https://www.inc.com/profile/manhattantechsupportcom,ManhattanTechSupport.com,IT Management,New York
,,,,2620.0,https://www.inc.com/profile/bayless-integrated-healthcare,Bayless Integrated Healthcare,Health,Phoenix
,,,,2621.0,https://www.inc.com/profile/hydroflotech,HydroFloTech,Manufacturing,Elgin
,,,,2622.0,https://www.inc.com/profile/a-plus-garage-doors,A Plus Garage Doors,Consumer Products & Services,Sandy
,,,,2623.0,https://www.inc.com/profile/collision-works,Collision Works,Consumer Products & Services,Del City
,,,,2624.0,https://www.inc.com/profile/summit-cpa-group,Summit CPA Group,Financial Services,Fort Wayne
,,,,2625.0,https://www.inc.com/profile/threatconnect,ThreatConnect,Security,Arlington
,,,,2626.0,https://www.inc.com/profile/fully-accountable,Fully Accountable,Financial Services,Fairlawn
,,,,2627.0,https://www.inc.com/profile/targetpath,TargetPath,Business Products & Services,Wilsonville
,,,,2628.0,https://www.inc.com/profile/mccabe-construction-company,McCabe Construction Company,Construction,Memphis
,,,,2629.0,https://www.inc.com/profile/material-handling-systems,Material Handling Systems,Engineering,Mt Washington
,,,,2630.0,https://www.inc.com/profile/specialist-id,Specialist ID,Business Products & Services,Miami
,,,,2631.0,https://www.inc.com/profile/enablecomp,EnableComp,Insurance,Franklin
,,,,2632.0,https://www.inc.com/profile/incedo,Incedo,IT Management,CA
,,,,2633.0,https://www.inc.com/profile/one-stop-equine-shop,One Stop Equine Shop,Retail,Glenview Nas
,,,,2634.0,https://www.inc.com/profile/key-credit-repair,Key Credit Repair,Financial Services,Boston
,,,,2635.0,https://www.inc.com/profile/your-wealth-effect,Your Wealth Effect,Financial Services,Santa Ana
,,,,2636.0,https://www.inc.com/profile/affordable-luxury-group,Affordable Luxury Group,Consumer Products & Services,New York
,,,,2637.0,https://www.inc.com/profile/brookstone-restoration,Brookstone Restoration,Construction,Bessemer
,,,,2638.0,https://www.inc.com/profile/avatria,Avatria,Software,Chicago
,,,,2639.0,https://www.inc.com/profile/bevara-building-services,Bevara Building Services,Business Products & Services,Pewaukee
,,,,2640.0,https://www.inc.com/profile/united-solutions,United Solutions,IT System Development,Rockville
,,,,2641.0,https://www.inc.com/profile/ecosystem-planning-and-restoration,Ecosystem Planning and Restoration,Environmental Services,TOMBALL
,,,,2642.0,https://www.inc.com/profile/team-fitz-graphics,Team Fitz Graphics,Manufacturing,Cincinnati
,,,,2643.0,https://www.inc.com/profile/talentbridge,TalentBridge,Human Resources,Rochester
,,,,2644.0,https://www.inc.com/profile/romulus-marketing,Romulus Marketing,Advertising & Marketing,Dallas
,,,,2645.0,https://www.inc.com/profile/restore-rehab-services,Restore Rehab Services,Health,Houston
,,,,2646.0,https://www.inc.com/profile/murray-resources,Murray Resources,Human Resources,Houston
,,,,2647.0,https://www.inc.com/profile/vox-djs,VOX DJs,Consumer Products & Services,Torrance
,,,,2648.0,https://www.inc.com/profile/rgd,RGD,Engineering,Jupiter
,,,,2649.0,https://www.inc.com/profile/bos-staffing,BOS Staffing,Human Resources,athens
,,,,2650.0,https://www.inc.com/profile/beckers-healthcare,Becker's Healthcare,Media,Chicago
,,,,2651.0,https://www.inc.com/profile/elite-roofing,Elite Roofing,Construction,Denver
,,,,2652.0,https://www.inc.com/profile/blacktree-heathcare-consulting,BlackTree Heathcare Consulting,Health,Conshohocken
,,,,2653.0,https://www.inc.com/profile/the-neiders-company,The Neiders Company,Real Estate,Seattle
,,,,2654.0,https://www.inc.com/profile/sellyourmaccom,SellYourMac.com,Consumer Products & Services,Blue Ash
,,,,2655.0,https://www.inc.com/profile/tech-americas-usa,Tech Americas USA,IT Management,Katy
,,,,2656.0,https://www.inc.com/profile/fortis-construction,Fortis Construction,Construction,Portland
,,,,2657.0,https://www.inc.com/profile/npd-logistics,NPD Logistics,Logistics & Transportation,Newark
,,,,2658.0,https://www.inc.com/profile/net2source,Net2Source,Human Resources,NJ
,,,,2659.0,https://www.inc.com/profile/protitleusa,ProTitleUSA,Real Estate,Southampton
,,,,2660.0,https://www.inc.com/profile/grover-gaming,Grover Gaming,Software,Greenville
,,,,2661.0,https://www.inc.com/profile/adwerx,Adwerx,Advertising & Marketing,Durham
,,,,2662.0,https://www.inc.com/profile/usertesting,UserTesting,Software,San Francisco
,,,,2663.0,https://www.inc.com/profile/humann,HumanN,Health,Austin
,,,,2664.0,https://www.inc.com/profile/open-america,O.P.E.N. America,Business Products & Services,Phoenix
,,,,2665.0,https://www.inc.com/profile/joorney-business-plans,Joorney Business Plans,Business Products & Services,MIAMI BEACH
,,,,2666.0,https://www.inc.com/profile/pyure-brands,Pyure Brands,Food & Beverage,Naples
,,,,2667.0,https://www.inc.com/profile/truqua-enterprises,TruQua Enterprises,Business Products & Services,Chicago
,,,,2668.0,https://www.inc.com/profile/food52,Food52,Retail,New York
,,,,2669.0,https://www.inc.com/profile/tallahassee-rock-real-estate,Tallahassee Rock Real Estate,Real Estate,Tallahassee
,,,,2670.0,https://www.inc.com/profile/t-parker-host,T. Parker Host,Logistics & Transportation,Norfolk
,,,,2671.0,https://www.inc.com/profile/bbq-guys-manufacturing,BBQ Guy's Manufacturing,Manufacturing,Baton Rouge
,,,,2672.0,https://www.inc.com/profile/happy-trailer-sales,Happy Trailer Sales,Retail,Palmer
,,,,2673.0,https://www.inc.com/profile/jmc-equipment,JMC Equipment,Business Products & Services,Bohemia
,,,,2674.0,https://www.inc.com/profile/t3-expo,T3 Expo,Business Products & Services,Lakeville
,,,,2675.0,https://www.inc.com/profile/downeast-cider-house,Downeast Cider House,Food & Beverage,East Boston
,,,,2676.0,https://www.inc.com/profile/syntelligent-analytic-solutions,Syntelligent Analytic Solutions,Government Services,Falls Church
,,,,2677.0,https://www.inc.com/profile/deep-blue-communications,Deep Blue Communications,IT Management,Latham
,,,,2678.0,https://www.inc.com/profile/test-double,Test Double,Software,Westerville
,,,,2679.0,https://www.inc.com/profile/gebbs-healthcare-solutions,GeBBS Healthcare Solutions,Health,Culver City
,,,,2680.0,https://www.inc.com/profile/semcasting,Semcasting,Advertising & Marketing,North Andover
,,,,2681.0,https://www.inc.com/profile/takeout-central,Takeout Central,Food & Beverage,Chapel Hill
,,,,2682.0,https://www.inc.com/profile/mind-your-business,Mind Your Business,Human Resources,Hendersonville
,,,,2683.0,https://www.inc.com/profile/bolt-on-technology,Bolt on Technology,Software,Downingtown
,,,,2684.0,https://www.inc.com/profile/synapse-studios,Synapse Studios,Software,Tempe
,,,,2685.0,https://www.inc.com/profile/college-hunks-hauling-junk-and-moving-tampa-fl,"College Hunks Hauling Junk and Moving (Tampa, FL)",Consumer Products & Services,Tampa
,,,,2686.0,https://www.inc.com/profile/mansfield-crane-service,Mansfield Crane Service,Construction,Mansfield
,,,,2687.0,https://www.inc.com/profile/emazinglights-iheartraves-into-the-am,EmazingLights / iHeartRaves / Into the AM,Consumer Products & Services,Anaheim
,,,,2688.0,https://www.inc.com/profile/trintech,Trintech,Software,Addison
,,,,2689.0,https://www.inc.com/profile/somertile,SomerTile,Consumer Products & Services,Manalapan
,,,,2690.0,https://www.inc.com/profile/bb-heating-and-air,B&B Heating and Air,Construction,Birmingham
,,,,2691.0,https://www.inc.com/profile/bcv-social,BCV Social,Advertising & Marketing,Chicago
,,,,2692.0,https://www.inc.com/profile/tricap-residential-group,Tricap Residential Group,Real Estate,Chicago
,,,,2693.0,https://www.inc.com/profile/netx-information-systems,NetX Information Systems,IT Management,Lambertville
,,,,2694.0,https://www.inc.com/profile/experion-technologies,Experion Technologies,Software,Addison
,,,,2695.0,https://www.inc.com/profile/true-inspection-services,True Inspection Services,Engineering,Urbana
,,,,2696.0,https://www.inc.com/profile/gotuwired,GotUwired,Security,San Marcos
,,,,2697.0,https://www.inc.com/profile/master-medical-equipment,Master Medical Equipment,Health,Jackson
,,,,2698.0,https://www.inc.com/profile/greenway-insurance,Greenway Insurance,Insurance,Houston
,,,,2699.0,https://www.inc.com/profile/prolific-interactive,Prolific Interactive,Software,Brooklyn
,,,,2700.0,https://www.inc.com/profile/berry-law-firm,Berry Law Firm,Consumer Products & Services,Lincoln
,,,,2701.0,https://www.inc.com/profile/dealer-world,Dealer World,Advertising & Marketing,Lehighton
,,,,2702.0,https://www.inc.com/profile/marketing-doctor,Marketing Doctor,Advertising & Marketing,Northampton
,,,,2703.0,https://www.inc.com/profile/petrelli-previtera-schimmel,Petrelli Previtera Schimmel,Consumer Products & Services,Philadelphia
,,,,2704.0,https://www.inc.com/profile/modus-create,Modus Create,Software,Reston
,,,,2705.0,https://www.inc.com/profile/miracle-mile-advisors,Miracle Mile Advisors,Financial Services,Los Angeles
,,,,2706.0,https://www.inc.com/profile/elev8-hire-solutions,Elev8 Hire Solutions,Human Resources,Atlanta
,,,,2707.0,https://www.inc.com/profile/ncwc,NCWC,Advertising & Marketing,Ocean
,,,,2708.0,https://www.inc.com/profile/nealneal-team,Neal&Neal Team,Real Estate,San Antonio
,,,,2709.0,https://www.inc.com/profile/a1c-partners,A1C Partners,Government Services,Davidsonville
,,,,2710.0,https://www.inc.com/profile/homeland-manufacturing-services,Homeland Manufacturing Services,Manufacturing,State College
,,,,2711.0,https://www.inc.com/profile/intech-trailers,inTech Trailers,Manufacturing,Nappanee
,,,,2712.0,https://www.inc.com/profile/alku,ALKU,Business Products & Services,Andover
,,,,2713.0,https://www.inc.com/profile/fit-my-feet-orthotic-lab-and-shoes,Fit My Feet Orthotic Lab and Shoes,Retail,Sioux Falls
,,,,2714.0,https://www.inc.com/profile/instasize,Instasize,Software,Sandy
,,,,2715.0,https://www.inc.com/profile/kahn-media,Kahn Media,Advertising & Marketing,Moorpark
,,,,2716.0,https://www.inc.com/profile/dohardmoneycom,DoHardMoney.com,Real Estate,West Jordan
,,,,2717.0,https://www.inc.com/profile/appreciation-financial,Appreciation Financial,Financial Services,Henderson
,,,,2718.0,https://www.inc.com/profile/monogram-windows-and-doors,Monogram Windows and Doors,Construction,Deerfield Beach
,,,,2719.0,https://www.inc.com/profile/new-vision,New Vision,Software,Bloomington
,,,,2720.0,https://www.inc.com/profile/biomedical-research-laboratories,Biomedical Research Laboratories,Consumer Products & Services,La Jolla
,,,,2721.0,https://www.inc.com/profile/cambria-solutions,Cambria Solutions,Government Services,Sacramento
,,,,2722.0,https://www.inc.com/profile/kodiak-building-partners,Kodiak Building Partners,Construction,Highlands Ranch
,,,,2723.0,https://www.inc.com/profile/sts-international,STS International,Government Services,Berkeley Springs
,,,,2724.0,https://www.inc.com/profile/globo,Globo,Business Products & Services,Wyncote
,,,,2725.0,https://www.inc.com/profile/south-bay-hot-yoga,South Bay Hot Yoga,Consumer Products & Services,Hermosa Beach
,,,,2726.0,https://www.inc.com/profile/unity-fi-solutions,Unity FI Solutions,Software,Charlotte
,,,,2727.0,https://www.inc.com/profile/skaled-consulting,Skaled Consulting,Business Products & Services,Austin
,,,,2728.0,https://www.inc.com/profile/the-network-pro,The Network Pro,IT Management,Fullerton
,,,,2729.0,https://www.inc.com/profile/aspen-exteriors,Aspen Exteriors,Construction,Ramsey
,,,,2730.0,https://www.inc.com/profile/maxey-trailers-mfg,Maxey Trailers Mfg.,Manufacturing,Brookston
,,,,2731.0,https://www.inc.com/profile/clark-bros,Clark Bros.,Construction,Fresno
,,,,2732.0,https://www.inc.com/profile/metro-stars-gymnastics,Metro Stars Gymnastics,Education,Omaha
,,,,2733.0,https://www.inc.com/profile/aerospace-quality-research-and-development,Aerospace Quality Research and Development,Engineering,Addison
,,,,2734.0,https://www.inc.com/profile/blink-fitness,Blink Fitness,Consumer Products & Services,New York
,,,,2735.0,https://www.inc.com/profile/digital-pi,Digital Pi,Advertising & Marketing,Dallas
,,,,2736.0,https://www.inc.com/profile/mobile-outfitters,Mobile Outfitters,Consumer Products & Services,Philadephia
,,,,2737.0,https://www.inc.com/profile/threat-tec,Threat Tec,Government Services,Hampton
,,,,2738.0,https://www.inc.com/profile/north-american-payment-solutions,North American Payment Solutions,Financial Services,Mesa
,,,,2739.0,https://www.inc.com/profile/cs-recruiting,CS Recruiting,Human Resources,Highland Park
,,,,2740.0,https://www.inc.com/profile/feury-image-group,Feury Image Group,Advertising & Marketing,Newark
,,,,2741.0,https://www.inc.com/profile/lido-advisors,LIDO ADVISORS,Financial Services,Los Angeles
,,,,2742.0,https://www.inc.com/profile/rnn-group,RNN Group,Financial Services,Atlanta
,,,,2743.0,https://www.inc.com/profile/tfs,TFS,Construction,College Grove
,,,,2744.0,https://www.inc.com/profile/choice-merchant-solutions,Choice Merchant Solutions,Financial Services,Hartford
,,,,2745.0,https://www.inc.com/profile/all-pro-security,All Pro Security,Security,Pleasant Grove
,,,,2746.0,https://www.inc.com/profile/streamline,Streamline,Real Estate,Philadelphia
,,,,2747.0,https://www.inc.com/profile/salas-obrien,Salas O'Brien,Engineering,Santa Ana
,,,,2748.0,https://www.inc.com/profile/bng-team,BNG Team,Business Products & Services,Fargo
,,,,2749.0,https://www.inc.com/profile/vinyl-me-please,"Vinyl Me, Please",Consumer Products & Services,Denver
,,,,2750.0,https://www.inc.com/profile/klein-hall-cpas,Klein Hall CPAs,Financial Services,Aurora
,,,,2751.0,https://www.inc.com/profile/touchstone-merchandise-group,Touchstone Merchandise Group,Consumer Products & Services,Mason
,,,,2752.0,https://www.inc.com/profile/deg,DEG,Advertising & Marketing,Overland Park
,,,,2753.0,https://www.inc.com/profile/phobio,Phobio,Software,Atlanta
,,,,2754.0,https://www.inc.com/profile/kitchensearchcom,KitchenSearch.com,Construction,Bensalem
,,,,2755.0,https://www.inc.com/profile/transportation-impact,Transportation Impact,Logistics & Transportation,Emerald Isle
,,,,2756.0,https://www.inc.com/profile/great-waters-financial,Great Waters Financial,Financial Services,Minneapolis
,,,,2757.0,https://www.inc.com/profile/turbonomic,Turbonomic,Software,Boston
,,,,2758.0,https://www.inc.com/profile/fcm,FCM,Business Products & Services,Cincinnati
,,,,2759.0,https://www.inc.com/profile/momentum-solutionz,Momentum Solutionz,IT System Development,Roanoke
,,,,2760.0,https://www.inc.com/profile/perceptyx,Perceptyx,Human Resources,Riverside
,,,,2761.0,https://www.inc.com/profile/info-way-solutions,Info Way Solutions,Human Resources,Fremont
,,,,2762.0,https://www.inc.com/profile/interimage,InterImage,Government Services,Arlington
,,,,2763.0,https://www.inc.com/profile/vitalware,VitalWare,Health,Yakima
,,,,2764.0,https://www.inc.com/profile/tundraland-home-improvements,Tundraland Home Improvements,Construction,Kaukauna
,,,,2765.0,https://www.inc.com/profile/rmg-media,RMG Media,Advertising & Marketing,New York
,,,,2766.0,https://www.inc.com/profile/maui-leones,Maui Leones,Travel & Hospitality,Lahaina
,,,,2767.0,https://www.inc.com/profile/payday-payroll-resources,PayDay Payroll Resources,Business Products & Services,Bellmawr
,,,,2768.0,https://www.inc.com/profile/broadline-components,Broadline Components,Business Products & Services,St. Petersburg
,,,,2769.0,https://www.inc.com/profile/appogee,Appogee,Computer Hardware,Greenville
,,,,2770.0,https://www.inc.com/profile/prominent-construction,Prominent Construction,Construction,Minneapolis
,,,,2771.0,https://www.inc.com/profile/sei-new-york,SEI-New York,Business Products & Services,New York
,,,,2772.0,https://www.inc.com/profile/cipher-tech-solutions,Cipher Tech Solutions,Government Services,Upper Nyack
,,,,2773.0,https://www.inc.com/profile/delta-solutions-strategies,Delta Solutions & Strategies,Government Services,Colorado Springs
,,,,2774.0,https://www.inc.com/profile/applied-technology-services,Applied Technology Services,Government Services,Middle River
,,,,2775.0,https://www.inc.com/profile/zochnet,ZochNet,Telecommunications,Giddings
,,,,2776.0,https://www.inc.com/profile/itouchlesscom,iTouchless.com,Consumer Products & Services,San Mateo
,,,,2777.0,https://www.inc.com/profile/rain-city-capital,Rain City Capital,Financial Services,KIRKLAND
,,,,2778.0,https://www.inc.com/profile/greenland-america,Greenland America,Business Products & Services,Roswell
,,,,2779.0,https://www.inc.com/profile/derm-holdings,Derm Holdings,Health,Boca Raton
,,,,2780.0,https://www.inc.com/profile/computer-overhauls,Computer Overhauls,Consumer Products & Services,New York
,,,,2781.0,https://www.inc.com/profile/staylisted,Staylisted,Advertising & Marketing,Phoenix
,,,,2782.0,https://www.inc.com/profile/validation-associates,Validation Associates,IT Management,Herndon
,,,,2783.0,https://www.inc.com/profile/north-pacific-industries,North Pacific Industries,Business Products & Services,Kent
,,,,2784.0,https://www.inc.com/profile/whois-api,Whois API,Business Products & Services,Walnut
,,,,2785.0,https://www.inc.com/profile/strike,Strike,Energy,Spring
,,,,2786.0,https://www.inc.com/profile/corsis,Corsis,Software,Livingston
,,,,2787.0,https://www.inc.com/profile/techfino,Techfino,Business Products & Services,Philadelphia
,,,,2788.0,https://www.inc.com/profile/proconstruction,ProConstruction,Construction,"Pensacola, FL"
,,,,2789.0,https://www.inc.com/profile/maximum-games,Maximum Games,Consumer Products & Services,Walnut Creek
,,,,2790.0,https://www.inc.com/profile/hstpathways,HSTpathways,Software,Lafayette
,,,,2791.0,https://www.inc.com/profile/bar-all,Bar-All,Health,Bon Aqua
,,,,2792.0,https://www.inc.com/profile/bounteous,Bounteous,IT System Development,Chicago
,,,,2793.0,https://www.inc.com/profile/culture-studio,Culture Studio,Consumer Products & Services,Chicago
,,,,2794.0,https://www.inc.com/profile/diamondback-truck-covers,DiamondBack Truck Covers,Manufacturing,Philipsburg
,,,,2795.0,https://www.inc.com/profile/eight-bit-studios,Eight Bit Studios,Software,Chicago
,,,,2796.0,https://www.inc.com/profile/clickdimensions,ClickDimensions,Software,Atlanta
,,,,2797.0,https://www.inc.com/profile/altura-engineering-design,Altura Engineering & Design,Engineering,Amarillo
,,,,2798.0,https://www.inc.com/profile/freedom-capital,Freedom Capital,Consumer Products & Services,Lancaster
,,,,2799.0,https://www.inc.com/profile/alarm-grid,Alarm Grid,Security,Lighthouse Point
,,,,2800.0,https://www.inc.com/profile/precision-precast-erectors,Precision Precast Erectors,Construction,POST FALLS
,,,,2801.0,https://www.inc.com/profile/aps-marketing-group,APS Marketing Group,Advertising & Marketing,Brooklyn
,,,,2802.0,https://www.inc.com/profile/boxwell-southwest,Boxwell Southwest,Construction,Phoenix
,,,,2803.0,https://www.inc.com/profile/tlc-associates,TLC Associates,Business Products & Services,Cedar Rapids
,,,,2804.0,https://www.inc.com/profile/e-volve-systems,E-Volve Systems,Engineering,Cincinnati
,,,,2805.0,https://www.inc.com/profile/cogent-analytics,Cogent Analytics,Business Products & Services,Greensboro
,,,,2806.0,https://www.inc.com/profile/mks2-technologies,MKS2 Technologies,Government Services,Austin
,,,,2807.0,https://www.inc.com/profile/hoss-industrial,Hoss Industrial,Business Products & Services,Sulphur
,,,,2808.0,https://www.inc.com/profile/healthcare-it-leaders,Healthcare IT Leaders,Health,Alpharetta
,,,,2809.0,https://www.inc.com/profile/rekruiters,Rekruiters,Human Resources,Houston
,,,,2810.0,https://www.inc.com/profile/stoneridge-software,Stoneridge Software,Software,Barnesville
,,,,2811.0,https://www.inc.com/profile/centex-technologies,Centex Technologies,IT System Development,Killeen
,,,,2812.0,https://www.inc.com/profile/platinum-realty,Platinum Realty,Real Estate,Overland Park
,,,,2813.0,https://www.inc.com/profile/phoenix-marketing-international,Phoenix Marketing International,Advertising & Marketing,Rhinebeck
,,,,2814.0,https://www.inc.com/profile/best-deal-car-service,Best Deal Car Service,Logistics & Transportation,Bronx
,,,,2815.0,https://www.inc.com/profile/survwest,Survwest,Engineering,Denver
,,,,2816.0,https://www.inc.com/profile/swarm,Swarm,Advertising & Marketing,Miami
,,,,2817.0,https://www.inc.com/profile/nebo,Nebo,Advertising & Marketing,Atlanta
,,,,2818.0,https://www.inc.com/profile/i3,i3,Government Services,Huntsville
,,,,2819.0,https://www.inc.com/profile/marshall-scientific,Marshall Scientific,Health,Hampton
,,,,2820.0,https://www.inc.com/profile/jsl-technologies,JSL Technologies,Government Services,Oxnard
,,,,2821.0,https://www.inc.com/profile/lux-catering-events,LUX Catering & Events,Food & Beverage,Salt Lake City
,,,,2822.0,https://www.inc.com/profile/above-all-transportation-boston-car-service,Above All Transportation/ Boston Car Service,Logistics & Transportation,Canton
,,,,2823.0,https://www.inc.com/profile/durante-rentals,Durante Rentals,Construction,Mt. Vernon
,,,,2824.0,https://www.inc.com/profile/morgan-li,Morgan Li,Manufacturing,Chicago Heights
,,,,2825.0,https://www.inc.com/profile/the-junkluggers,The Junkluggers,Environmental Services,Stamford
,,,,2826.0,https://www.inc.com/profile/framework-solutions,Framework Solutions,Business Products & Services,Danbury
,,,,2827.0,https://www.inc.com/profile/chief-outsiders,Chief Outsiders,Advertising & Marketing,Cypress
,,,,2828.0,https://www.inc.com/profile/arcadiaio,Arcadia.io,Health,Burlington
,,,,2829.0,https://www.inc.com/profile/rockwell-partners,Rockwell Partners,Real Estate,Chicago
,,,,2830.0,https://www.inc.com/profile/cleanlife-led,Cleanlife LED,Manufacturing,Cleveland
,,,,2831.0,https://www.inc.com/profile/gorgo-group,Gorgo Group,Business Products & Services,Vineland
,,,,2832.0,https://www.inc.com/profile/vigilant-global-trade-services,Vigilant Global Trade Services,Business Products & Services,Shaker Heights
,,,,2833.0,https://www.inc.com/profile/xtelligent-healthcare-media,Xtelligent Healthcare Media,Advertising & Marketing,DANVERS
,,,,2834.0,https://www.inc.com/profile/acquisitionsandrenewalscom,acquisitionsandrenewals.com,Telecommunications,Henderson
,,,,2835.0,https://www.inc.com/profile/visual-connections,Visual Connections,Government Services,Windsor Mill
,,,,2836.0,https://www.inc.com/profile/webit-services,WebIT Services,IT Management,Naperville
,,,,2837.0,https://www.inc.com/profile/calichi-design-group,CaliChi Design Group,Engineering,Oakland
,,,,2838.0,https://www.inc.com/profile/rescue-the-behavior-change-agency,Rescue | The Behavior Change Agency,Advertising & Marketing,San Diego
,,,,2839.0,https://www.inc.com/profile/budget-dumpster,Budget Dumpster,Environmental Services,Westlake
,,,,2840.0,https://www.inc.com/profile/riverside-payments,Riverside Payments,Business Products & Services,VANCOUVER
,,,,2841.0,https://www.inc.com/profile/bellwether-asset-management,Bellwether Asset Management,Real Estate,El Segundo
,,,,2842.0,https://www.inc.com/profile/mobilewalla,Mobilewalla,Software,Atlanta
,,,,2843.0,https://www.inc.com/profile/cantey-technology,Cantey Technology,IT Management,North Charleston
,,,,2844.0,https://www.inc.com/profile/hhaexchange,HHAeXchange,Health,Long Island City
,,,,2845.0,https://www.inc.com/profile/the-saywitz-company,The Saywitz Company,Real Estate,Newport Beach
,,,,2846.0,https://www.inc.com/profile/bayone-solutions,Bayone Solutions,IT Management,Pleasanton
,,,,2847.0,https://www.inc.com/profile/smarterhq,SmarterHQ,Software,Indianapolis
,,,,2848.0,https://www.inc.com/profile/openwater-software,OpenWater Software,Software,Arlington
,,,,2849.0,https://www.inc.com/profile/g-adventures,G Adventures,Travel & Hospitality,Boston
,,,,2850.0,https://www.inc.com/profile/plenus-group,Plenus Group,Manufacturing,Lowell
,,,,2851.0,https://www.inc.com/profile/medical-weight-loss-by-healthogenics,Medical Weight Loss by Healthogenics,Health,Atlanta
,,,,2852.0,https://www.inc.com/profile/insureyourcompanycom,InsureYourCompany.com,Insurance,Manalapan
,,,,2853.0,https://www.inc.com/profile/simon-transport,Simon Transport,Logistics & Transportation,Salt Lake City
,,,,2854.0,https://www.inc.com/profile/beverly-hills-rejuvenation-center,Beverly Hills Rejuvenation Center,Health,Los Angeles
,,,,2855.0,https://www.inc.com/profile/smartsites,SmartSites,Advertising & Marketing,Paramus
,,,,2856.0,https://www.inc.com/profile/transportation-and-logistical-services,Transportation and Logistical Services,Logistics & Transportation,Birmingham
,,,,2857.0,https://www.inc.com/profile/logistics-plus,Logistics Plus,Logistics & Transportation,Erie
,,,,2858.0,https://www.inc.com/profile/search-solution-group,Search Solution Group,Human Resources,Charlotte
,,,,2859.0,https://www.inc.com/profile/meriwether-tharp,Meriwether & Tharp,Consumer Products & Services,Johns Creek
,,,,2860.0,https://www.inc.com/profile/cit,CI&T,Business Products & Services,New York
,,,,2861.0,https://www.inc.com/profile/elements-massage,Elements Massage,Health,Englewood
,,,,2862.0,https://www.inc.com/profile/renatus,Renatus,Education,Centerville
,,,,2863.0,https://www.inc.com/profile/parkmobile,Parkmobile,Software,Atlanta
,,,,2864.0,https://www.inc.com/profile/ikeyless,iKeyless,Manufacturing,Louisville
,,,,2865.0,https://www.inc.com/profile/vlk-architects,VLK Architects,Construction,Ft Worth
,,,,2866.0,https://www.inc.com/profile/katom-restaurant-supply,Katom Restaurant Supply,Business Products & Services,Kodak
,,,,2867.0,https://www.inc.com/profile/royal-vending,Royal Vending,Food & Beverage,Tigard
,,,,2868.0,https://www.inc.com/profile/wle,WLE,Construction,Austin
,,,,2869.0,https://www.inc.com/profile/quality-engineering-surveying,Quality Engineering & Surveying,Engineering,Port Vincent
,,,,2870.0,https://www.inc.com/profile/keeping-current-matters,Keeping Current Matters,Business Products & Services,Richmond
,,,,2871.0,https://www.inc.com/profile/homecare-connect,HomeCare Connect,Insurance,Winter Park
,,,,2872.0,https://www.inc.com/profile/mission-driven-research,Mission Driven Research,Government Services,Huntsville
,,,,2873.0,https://www.inc.com/profile/brown-parker-demarinis-advertising,Brown Parker & DeMarinis Advertising,Advertising & Marketing,Boca Raton
,,,,2874.0,https://www.inc.com/profile/lendr,Lendr,Financial Services,Chicago
,,,,2875.0,https://www.inc.com/profile/flow-right-plumbing-heating-cooling,"Flow Right Plumbing, Heating & Cooling",Construction,Pueblo
,,,,2876.0,https://www.inc.com/profile/erben-associates,Erben Associates,Financial Services,Austin
,,,,2877.0,https://www.inc.com/profile/ameripharma,AmeriPharma,Health,Orange
,,,,2878.0,https://www.inc.com/profile/first-national-title-insurance-company,First National Title Insurance Company,Insurance,Plano
,,,,2879.0,https://www.inc.com/profile/ripple,Ripple,IT Management,Atlanta
,,,,2880.0,https://www.inc.com/profile/twg-security,TWG Security,Security,EMMAUS
,,,,2881.0,https://www.inc.com/profile/db-precision-cutting-and-manufacturing,D&B Precision Cutting and Manufacturing,Manufacturing,San Antonio
,,,,2882.0,https://www.inc.com/profile/triumph-services,Triumph Services,Human Resources,Henrico
,,,,2883.0,https://www.inc.com/profile/gant-systems,Gant Systems,IT Management,Bartlett
,,,,2884.0,https://www.inc.com/profile/studio98,Studio98,Advertising & Marketing,Clearwater
,,,,2885.0,https://www.inc.com/profile/boomsourcing,Boomsourcing,Business Products & Services,Lehi
,,,,2886.0,https://www.inc.com/profile/birddoghr,BirdDogHR,Software,Des Moines
,,,,2887.0,https://www.inc.com/profile/texadia-systems,Texadia Systems,Engineering,Dallas
,,,,2888.0,https://www.inc.com/profile/thomastech,thomastech,Computer Hardware,Medina
,,,,2889.0,https://www.inc.com/profile/roi-healthcare-solutions,ROI Healthcare Solutions,Health,Atlanta
,,,,2890.0,https://www.inc.com/profile/output,Output,Software,Los Angeles
,,,,2891.0,https://www.inc.com/profile/cte-logistics,CTE Logistics,Logistics & Transportation,Sumner
,,,,2892.0,https://www.inc.com/profile/level-access,Level Access,Software,Vienna
,,,,2893.0,https://www.inc.com/profile/california-caregivers-home-healthcare,California CareGivers Home Healthcare,Health,Sacramento
,,,,2894.0,https://www.inc.com/profile/excella-consulting,Excella Consulting,IT System Development,Arlington
,,,,2895.0,https://www.inc.com/profile/how-to-manage-a-small-law-firm,How to Manage a Small Law Firm,Business Products & Services,Miami
,,,,2896.0,https://www.inc.com/profile/the-auxiliary-group,The Auxiliary Group,Logistics & Transportation,WINTER GARDEN
,,,,2897.0,https://www.inc.com/profile/weisser-distributing,Weisser Distributing,Consumer Products & Services,Tea
,,,,2898.0,https://www.inc.com/profile/snap-agency,Snap Agency,Advertising & Marketing,Minneapolis
,,,,2899.0,https://www.inc.com/profile/american-insurance-organization,American Insurance Organization,Insurance,Nazareth
,,,,2900.0,https://www.inc.com/profile/mayvin,Mayvin,Government Services,Annandale
,,,,2901.0,https://www.inc.com/profile/sustainable-restaurant-group,Sustainable Restaurant Group,Food & Beverage,Portland
,,,,2902.0,https://www.inc.com/profile/the-sheppard,The Sheppard,Advertising & Marketing,Glendale
,,,,2903.0,https://www.inc.com/profile/wheelhouse-dmg,Wheelhouse DMG,Advertising & Marketing,Seattle
,,,,2904.0,https://www.inc.com/profile/alpha-paving-industries,Alpha Paving Industries,Construction,Round Rock
,,,,2905.0,https://www.inc.com/profile/greenbanana-seo,GreenBanana SEO,Advertising & Marketing,Beverly
,,,,2906.0,https://www.inc.com/profile/singleton-enterprises,Singleton Enterprises,Construction,Arlington
,,,,2907.0,https://www.inc.com/profile/engage-peo,Engage PEO,Human Resources,Hollywood
,,,,2908.0,https://www.inc.com/profile/delta-defense,Delta Defense,Media,West Bend
,,,,2909.0,https://www.inc.com/profile/developintelligence,Developintelligence,Education,lafayette
,,,,2910.0,https://www.inc.com/profile/roofcare,Roofcare,Construction,Albuquerque
,,,,2911.0,https://www.inc.com/profile/select-security,Select Security,Security,Lancaster
,,,,2912.0,https://www.inc.com/profile/real-people-realty,Real People Realty,Real Estate,Mokena
,,,,2913.0,https://www.inc.com/profile/truepoint-communications,TruePoint Communications,Advertising & Marketing,Dallas
,,,,2914.0,https://www.inc.com/profile/sketchdeck,SketchDeck,Software,San Jose
,,,,2915.0,https://www.inc.com/profile/tiempo-development,Tiempo Development,Software,Tempe
,,,,2916.0,https://www.inc.com/profile/connectpay,ConnectPay,Business Products & Services,Foxborough
,,,,2917.0,https://www.inc.com/profile/promoboxx,Promoboxx,Advertising & Marketing,Boston
,,,,2918.0,https://www.inc.com/profile/pondurance,Pondurance,IT Management,Indianapolis
,,,,2919.0,https://www.inc.com/profile/four-foods-group,Four Foods Group,Food & Beverage,Pleasant Grove
,,,,2920.0,https://www.inc.com/profile/advanced-flooring,Advanced Flooring,Construction,valley cottage
,,,,2921.0,https://www.inc.com/profile/filterworks-usa,Filterworks USA,Business Products & Services,Deerfield Beach
,,,,2922.0,https://www.inc.com/profile/fonteva,Fonteva,Software,Arlington
,,,,2923.0,https://www.inc.com/profile/fors-marsh-group,Fors Marsh Group,Government Services,Arlington
,,,,2924.0,https://www.inc.com/profile/the-nines,The Nines,Retail,DETROIT LAKES
,,,,2925.0,https://www.inc.com/profile/hmt-associates,HMT Associates,Advertising & Marketing,Cleveland
,,,,2926.0,https://www.inc.com/profile/us-patriot,US Patriot,Retail,Columbia
,,,,2927.0,https://www.inc.com/profile/nlogic,nLogic,Government Services,Huntsville
,,,,2928.0,https://www.inc.com/profile/docmation,Docmation,IT System Development,Atlanta
,,,,2929.0,https://www.inc.com/profile/patriot-pool-and-spa,Patriot Pool and Spa,Consumer Products & Services,Austin
,,,,2930.0,https://www.inc.com/profile/downtown-catering-company,Downtown Catering Company,Food & Beverage,Bluffton
,,,,2931.0,https://www.inc.com/profile/powerreviews,PowerReviews,Software,Chicago
,,,,2932.0,https://www.inc.com/profile/local-marketing-solutions-group,Local Marketing Solutions Group,Advertising & Marketing,Rolling Meadows
,,,,2933.0,https://www.inc.com/profile/evans-incorporated,Evans Incorporated,Government Services,Falls Church
,,,,2934.0,https://www.inc.com/profile/design-extensions,Design Extensions,Advertising & Marketing,Saint Augustine
,,,,2935.0,https://www.inc.com/profile/bold-construction,Bold Construction,Construction,Chapel Hill
,,,,2936.0,https://www.inc.com/profile/reedtms-logistics,ReedTMS Logistics,Logistics & Transportation,Tampa
,,,,2937.0,https://www.inc.com/profile/sales-empowerment-group,Sales Empowerment Group,Business Products & Services,Chicago
,,,,2938.0,https://www.inc.com/profile/marksys,MarkSYS,Advertising & Marketing,Rocklin
,,,,2939.0,https://www.inc.com/profile/it-support-ri,IT Support RI,IT Management,North Smithfield
,,,,2940.0,https://www.inc.com/profile/excel-services,Excel Services,Construction,Louisville
,,,,2941.0,https://www.inc.com/profile/keyser,Keyser,Real Estate,Scottsdale
,,,,2942.0,https://www.inc.com/profile/cutting-edge-countertops,Cutting Edge Countertops,Construction,Perrysburg
,,,,2943.0,https://www.inc.com/profile/aventri,Aventri,Software,norwalk
,,,,2944.0,https://www.inc.com/profile/erus-energy,Erus Energy,Energy,Phoenix
,,,,2945.0,https://www.inc.com/profile/accucomp-appraisal-services,Accucomp Appraisal Services,Real Estate,Fort Wayne
,,,,2946.0,https://www.inc.com/profile/envisage,Envisage,IT Management,Marlborough
,,,,2947.0,https://www.inc.com/profile/buzz-franchise-brands,Buzz Franchise Brands,Consumer Products & Services,Virginia Beach
,,,,2948.0,https://www.inc.com/profile/kyriba,Kyriba,Software,San Diego
,,,,2949.0,https://www.inc.com/profile/schaal-plumbing-heating-cooling,"Schaal Plumbing, Heating & Cooling",Construction,Des Moines
,,,,2950.0,https://www.inc.com/profile/southeast-veterinary-neurology,Southeast Veterinary Neurology,Consumer Products & Services,Miami
,,,,2951.0,https://www.inc.com/profile/upper-edge-technologies,Upper Edge Technologies,Consumer Products & Services,West Memphis
,,,,2952.0,https://www.inc.com/profile/spire-digital,Spire Digital,Software,Denver
,,,,2953.0,https://www.inc.com/profile/epic-insurance-brokers-consultants,EPIC Insurance Brokers & Consultants,Insurance,San Francisco
,,,,2954.0,https://www.inc.com/profile/axiom-eco-pest-control,Axiom Eco Pest Control,Consumer Products & Services,Milwaukie
,,,,2955.0,https://www.inc.com/profile/fedbiz-it-solutions,FedBiz IT Solutions,Government Services,Leesburg
,,,,2956.0,https://www.inc.com/profile/local-loyalty-marketing-solutions-nc,Local Loyalty Marketing Solutions NC,Advertising & Marketing,Cary
,,,,2957.0,https://www.inc.com/profile/edge,Edge,Consumer Products & Services,Orem
,,,,2958.0,https://www.inc.com/profile/alpha-premier,Alpha Premier,Construction,Round Rock
,,,,2959.0,https://www.inc.com/profile/jack-browns-joint,Jack Browns Joint,Food & Beverage,Birmingham
,,,,2960.0,https://www.inc.com/profile/sandler-partners,Sandler Partners,Telecommunications,California
,,,,2961.0,https://www.inc.com/profile/engeniusmicro,EngeniusMicro,Government Services,Huntsville
,,,,2962.0,https://www.inc.com/profile/enscicon,Enscicon,Engineering,Denver
,,,,2963.0,https://www.inc.com/profile/janus-international-group,Janus International Group,Manufacturing,Temple
,,,,2964.0,https://www.inc.com/profile/kumparison,Kumparison,Advertising & Marketing,Evergreen
,,,,2965.0,https://www.inc.com/profile/rxnt,RxNT,Software,Annapolis
,,,,2966.0,https://www.inc.com/profile/milemark-media,MileMark Media,Advertising & Marketing,Tampa
,,,,2967.0,https://www.inc.com/profile/sleepquest,SleepQuest,Health,San Carlos
,,,,2968.0,https://www.inc.com/profile/cardiosolution,CardioSolution,Health,Cincinnati
,,,,2969.0,https://www.inc.com/profile/abenity,Abenity,Business Products & Services,Franklin
,,,,2970.0,https://www.inc.com/profile/echo-health,Echo Health,Health,WESTLAKE
,,,,2971.0,https://www.inc.com/profile/rank-crankers,Rank Crankers,Advertising & Marketing,Minneapolis
,,,,2972.0,https://www.inc.com/profile/mojo-media-labs,Mojo Media Labs,Advertising & Marketing,Irving
,,,,2973.0,https://www.inc.com/profile/engelke-construction-solutions,Engelke Construction Solutions,Construction,Brunswick
,,,,2974.0,https://www.inc.com/profile/silverline,Silverline,IT System Development,New York
,,,,2975.0,https://www.inc.com/profile/heartsmartcom,Heartsmart.com,Health,New Milford
,,,,2976.0,https://www.inc.com/profile/xyngular,Xyngular,Consumer Products & Services,Lehi
,,,,2977.0,https://www.inc.com/profile/collabralink-technologies,CollabraLink Technologies,Government Services,McLean
,,,,2978.0,https://www.inc.com/profile/score-a-score,Score a Score,Media,Los Angeles
,,,,2979.0,https://www.inc.com/profile/apic-solutions,APIC Solutions,Construction,Albuquerque
,,,,2980.0,https://www.inc.com/profile/portable-oxygen-solutions,Portable Oxygen Solutions,Health,Charlotte
,,,,2981.0,https://www.inc.com/profile/agile-velocity,Agile Velocity,Business Products & Services,Austin
,,,,2982.0,https://www.inc.com/profile/reflex-sales-group,Reflex Sales Group,Business Products & Services,Thousand Oaks
,,,,2983.0,https://www.inc.com/profile/oac-services,OAC Services,Construction,Seattle
,,,,2984.0,https://www.inc.com/profile/culinary-eye-catering-and-events,Culinary Eye Catering and Events,Food & Beverage,San Francisco
,,,,2985.0,https://www.inc.com/profile/payroll4constructioncom,Payroll4Construction.com,Financial Services,Strongsville
,,,,2986.0,https://www.inc.com/profile/great-hire,Great Hire,Human Resources,La Mirada
,,,,2987.0,https://www.inc.com/profile/union-home-mortgage,Union Home Mortgage,Financial Services,Strongsville
,,,,2988.0,https://www.inc.com/profile/tdk-technologies,TDK Technologies,IT System Development,Chesterfield
,,,,2989.0,https://www.inc.com/profile/prosper-consulting,Prosper Consulting,Education,Portland
,,,,2990.0,https://www.inc.com/profile/infraware,InfraWare,Software,Terre Haute
,,,,2991.0,https://www.inc.com/profile/owen-jones-and-partners,Owen Jones and Partners,Advertising & Marketing,Portland
,,,,2992.0,https://www.inc.com/profile/objectstream,Objectstream,Government Services,Oklahoma City
,,,,2993.0,https://www.inc.com/profile/chemlock-nutrition,Chemlock Nutrition,Food & Beverage,Cincinnati
,,,,2994.0,https://www.inc.com/profile/nomadic-real-estate,Nomadic Real Estate,Real Estate,Washington
,,,,2995.0,https://www.inc.com/profile/keller-williams-realty-capital-district,Keller Williams Realty Capital District,Real Estate,Latham
,,,,2996.0,https://www.inc.com/profile/sunrise-erectors,Sunrise Erectors,Construction,Canton
,,,,2997.0,https://www.inc.com/profile/lindmark-outdoor-media,Lindmark Outdoor Media,Advertising & Marketing,Norman
,,,,2998.0,https://www.inc.com/profile/doberman-technologies,Doberman Technologies,IT Management,Mason
,,,,2999.0,https://www.inc.com/profile/la-solar-group,LA Solar Group,Energy,Van Nuys
,,,,3000.0,https://www.inc.com/profile/ar-solutions,AR Solutions,IT Management,Claymont
,,,,3001.0,https://www.inc.com/profile/kopis,Kopis,Software,Greenville
,,,,3002.0,https://www.inc.com/profile/yes,Yes&,Advertising & Marketing,Alexandria
,,,,3003.0,https://www.inc.com/profile/aligne-wealth-preservation-insurance-services,Aligne Wealth Preservation & Insurance Services,Financial Services,Los Angeles
,,,,3004.0,https://www.inc.com/profile/365-retail-markets,365 Retail Markets,Software,Troy
,,,,3005.0,https://www.inc.com/profile/virtus-partners,Virtus Partners,Financial Services,Houston
,,,,3006.0,https://www.inc.com/profile/snap-install,Snap Install,Consumer Products & Services,Maple Grove
,,,,3007.0,https://www.inc.com/profile/firstclose,FirstClose,Real Estate,Austin
,,,,3008.0,https://www.inc.com/profile/ecotone,Ecotone,Environmental Services,Forest Hill
,,,,3009.0,https://www.inc.com/profile/shaw-scott,Shaw + Scott,Advertising & Marketing,Seattle
,,,,3010.0,https://www.inc.com/profile/busch-global,Busch Global,Business Products & Services,Lakeway
,,,,3011.0,https://www.inc.com/profile/protocol-networks,Protocol Networks,IT Management,Johnston
,,,,3012.0,https://www.inc.com/profile/r-y-ac-compressors,R & Y A/C Compressors,Manufacturing,North Miami Beach
,,,,3013.0,https://www.inc.com/profile/the-cutting-board-company,The Cutting Board Company,Manufacturing,Norcross
,,,,3014.0,https://www.inc.com/profile/sitelock,SiteLock,Security,Scottsdale
,,,,3015.0,https://www.inc.com/profile/the-indigo-road-hospitality-group,The Indigo Road Hospitality Group,Food & Beverage,Charleston
,,,,3016.0,https://www.inc.com/profile/siteline-interior-carpentry,Siteline Interior Carpentry,Construction,Chicago
,,,,3017.0,https://www.inc.com/profile/fcp-euro,FCP Euro,Consumer Products & Services,Milford
,,,,3018.0,https://www.inc.com/profile/sophus-it-solutions,Sophus IT Solutions,IT Management,ISSAQUAH
,,,,3019.0,https://www.inc.com/profile/crimcheck-holdings,Crimcheck Holdings,Business Products & Services,Brunswick
,,,,3020.0,https://www.inc.com/profile/us,US,Manufacturing,Beltsville
,,,,3021.0,https://www.inc.com/profile/miguel-lopez-jr,Miguel Lopez Jr.,Construction,Pembroke Pines
,,,,3022.0,https://www.inc.com/profile/stream-logistics,Stream Logistics,Logistics & Transportation,Scottsdale
,,,,3023.0,https://www.inc.com/profile/allegheny-science-technology,Allegheny Science & Technology,Government Services,Bridgeport
,,,,3024.0,https://www.inc.com/profile/romaric-automation-design,Romaric Automation Design,Software,Sandy
,,,,3025.0,https://www.inc.com/profile/marathon-ts,Marathon TS,Government Services,Sterling
,,,,3026.0,https://www.inc.com/profile/cummings-creative-group,Cummings Creative Group,Advertising & Marketing,Birmingham
,,,,3027.0,https://www.inc.com/profile/claimify-formerly-lucens-group,Claimify (formerly Lucens Group),Insurance,Wilmington
,,,,3028.0,https://www.inc.com/profile/ruby-receptionists,Ruby Receptionists,Telecommunications,Portland
,,,,3029.0,https://www.inc.com/profile/bay-state-search,Bay State Search,Human Resources,BOSTON
,,,,3030.0,https://www.inc.com/profile/techlink-services,TechLink Services,Business Products & Services,Bend
,,,,3031.0,https://www.inc.com/profile/decisiv,Decisiv,Software,Glen Allen
,,,,3032.0,https://www.inc.com/profile/bay-to-bay-properties,Bay to Bay Properties,Construction,Safety Harbor
,,,,3033.0,https://www.inc.com/profile/myca-material-handling-solutions,MYCA Material Handling Solutions,Business Products & Services,Cary
,,,,3034.0,https://www.inc.com/profile/pillar-properties,Pillar Properties,Real Estate,Seattle
,,,,3035.0,https://www.inc.com/profile/swift-straw-ii,Swift Straw II,Consumer Products & Services,Atlanta
,,,,3036.0,https://www.inc.com/profile/mid-america-pet-food,Mid America Pet Food,Manufacturing,Mt Pleasant
,,,,3037.0,https://www.inc.com/profile/maantic,Maantic,IT System Development,Sunnyvale
,,,,3038.0,https://www.inc.com/profile/paragon-healthcare,Paragon Healthcare,Health,Dallas
,,,,3039.0,https://www.inc.com/profile/ten24,ten24,Software,Worcester
,,,,3040.0,https://www.inc.com/profile/grassburger,Grassburger,Food & Beverage,Durango
,,,,3041.0,https://www.inc.com/profile/the-haro-group-of-keller-williams-real-estate,The Haro Group of Keller Williams Real Estate,Real Estate,Greenville
,,,,3042.0,https://www.inc.com/profile/media-bridge-advertising,Media Bridge Advertising,Advertising & Marketing,Minneapolis
,,,,3043.0,https://www.inc.com/profile/golden-reserve,Golden Reserve,Financial Services,Dublin
,,,,3044.0,https://www.inc.com/profile/distrivalto-usa-holstein-housewares,Distrivalto USA / Holstein Housewares,Consumer Products & Services,Miami
,,,,3045.0,https://www.inc.com/profile/hispanispace,HispaniSpace,Advertising & Marketing,Burbank
,,,,3046.0,https://www.inc.com/profile/printerlogic,PrinterLogic,Software,St. George
,,,,3047.0,https://www.inc.com/profile/rockway-exhibits-events,Rockway Exhibits + Events,Advertising & Marketing,Orlando
,,,,3048.0,https://www.inc.com/profile/higherground-managed-services,HigherGround Managed Services,IT Management,Rolling Meadows
,,,,3049.0,https://www.inc.com/profile/tidewater-fleet-supply,Tidewater Fleet Supply,Logistics & Transportation,Norfolk
,,,,3050.0,https://www.inc.com/profile/medical-solutions,Medical Solutions,Health,Omaha
,,,,3051.0,https://www.inc.com/profile/bean-group,Bean Group,Real Estate,PORTSMOUTH
,,,,3052.0,https://www.inc.com/profile/revlocal,RevLocal,Advertising & Marketing,Granville
,,,,3053.0,https://www.inc.com/profile/brink,Brink,Advertising & Marketing,Tucson
,,,,3054.0,https://www.inc.com/profile/allixo,Allixo,IT Management,Mount Vernon
,,,,3055.0,https://www.inc.com/profile/rentec-direct,Rentec Direct,Software,Grants Pass
,,,,3056.0,https://www.inc.com/profile/professional-enrollment-concepts,Professional Enrollment Concepts,Human Resources,Houston
,,,,3057.0,https://www.inc.com/profile/qiigo,Qiigo,Advertising & Marketing,Roswell
,,,,3058.0,https://www.inc.com/profile/chrome-river,Chrome River,Software,Los Angeles
,,,,3059.0,https://www.inc.com/profile/sender-one-climbing,Sender One Climbing,Consumer Products & Services,Santa Ana
,,,,3060.0,https://www.inc.com/profile/janecom,Jane.com,Consumer Products & Services,Lehi
,,,,3061.0,https://www.inc.com/profile/lumiere-childrens-therapy,Lumiere Children's Therapy,Health,Chicago
,,,,3062.0,https://www.inc.com/profile/affiliated-communications-dba-alert-communications,Affiliated Communications dba Alert Communications,Business Products & Services,Camarillo
,,,,3063.0,https://www.inc.com/profile/city-brew-tours,City Brew Tours,Travel & Hospitality,Watertown
,,,,3064.0,https://www.inc.com/profile/mountain-showcase-group,Mountain Showcase Group,Consumer Products & Services,Hendersonville
,,,,3065.0,https://www.inc.com/profile/business-it-source,Business IT Source,Computer Hardware,Buffalo Grove
,,,,3066.0,https://www.inc.com/profile/advanced-powder-products,Advanced Powder Products,Manufacturing,Philipsburg
,,,,3067.0,https://www.inc.com/profile/fab-tec,Fab-Tec,Construction,Dallas
,,,,3068.0,https://www.inc.com/profile/conti,Conti,Real Estate,Dallas
,,,,3069.0,https://www.inc.com/profile/facility-systems,Facility Systems,Construction,OVERLAND PARK
,,,,3070.0,https://www.inc.com/profile/halco-testing-services,Halco Testing Services,Business Products & Services,Los Angeles
,,,,3071.0,https://www.inc.com/profile/search-discovery,Search Discovery,Advertising & Marketing,Atlanta
,,,,3072.0,https://www.inc.com/profile/competitive-health,Competitive Health,Health,Irvine
,,,,3073.0,https://www.inc.com/profile/unlimited-landscaping-turf-management,Unlimited Landscaping & Turf Management,Environmental Services,Buford
,,,,3074.0,https://www.inc.com/profile/evolvemkd,EvolveMKD,Advertising & Marketing,New York
,,,,3075.0,https://www.inc.com/profile/premier-networx,Premier Networx,IT Management,Martinez
,,,,3076.0,https://www.inc.com/profile/avair,AvAir,Logistics & Transportation,Chandler
,,,,3077.0,https://www.inc.com/profile/aqua-yield-operations,Aqua-Yield Operations,Business Products & Services,Draper
,,,,3078.0,https://www.inc.com/profile/circle-computer-resources,Circle Computer Resources,IT Management,Cedar Rapids
,,,,3079.0,https://www.inc.com/profile/vandelay-education,Vandelay Education,Education,Cedar Park
,,,,3080.0,https://www.inc.com/profile/open-source-integrators,Open Source Integrators,IT System Development,Gilbert
,,,,3081.0,https://www.inc.com/profile/zulu-marketing,Zulu Marketing,Financial Services,Lehi
,,,,3082.0,https://www.inc.com/profile/laketown-electric,Laketown Electric,Construction,Waconia
,,,,3083.0,https://www.inc.com/profile/tri-tower-telecom,Tri Tower Telecom,Telecommunications,Rochester
,,,,3084.0,https://www.inc.com/profile/securelink,SecureLink,Software,Bee Cave
,,,,3085.0,https://www.inc.com/profile/stamford-technology-solutions,Stamford Technology Solutions,Business Products & Services,Stamford
,,,,3086.0,https://www.inc.com/profile/axispoint,Axispoint,Software,New York
,,,,3087.0,https://www.inc.com/profile/mattingly-concrete,Mattingly Concrete,Construction,Indianapolis
,,,,3088.0,https://www.inc.com/profile/it-partners-bethel-park-pa,"IT Partners (Bethel Park, PA)",Business Products & Services,Vienna
,,,,3089.0,https://www.inc.com/profile/stateserv-hospicelink,StateServ-Hospicelink,Health,Birmingham
,,,,3090.0,https://www.inc.com/profile/activate-marketing-services,Activate Marketing Services,Advertising & Marketing,San Francisco
,,,,3091.0,https://www.inc.com/profile/chesapeake-plumbing-heating,Chesapeake Plumbing & Heating,Construction,FRANKFORD
,,,,3092.0,https://www.inc.com/profile/it-management-corporation,IT Management Corporation,IT Management,Santa Clara
,,,,3093.0,https://www.inc.com/profile/dogtopia-enterprises,Dogtopia Enterprises,Consumer Products & Services,Phoenix
,,,,3094.0,https://www.inc.com/profile/modality-solutions,Modality Solutions,Engineering,League City
,,,,3095.0,https://www.inc.com/profile/light-dental-studios,Light Dental Studios,Health,puyallup
,,,,3096.0,https://www.inc.com/profile/ovative-group,Ovative Group,Advertising & Marketing,Minneapolis
,,,,3097.0,https://www.inc.com/profile/southwest-antennas,Southwest Antennas,Manufacturing,San Diego
,,,,3098.0,https://www.inc.com/profile/mckay-advertising-activation,McKay Advertising + Activation,Advertising & Marketing,Tampa
,,,,3099.0,https://www.inc.com/profile/ls-systems,LS Systems,Construction,Arbutus
,,,,3100.0,https://www.inc.com/profile/dream-local-digital,Dream Local Digital,Advertising & Marketing,Rockland
,,,,3101.0,https://www.inc.com/profile/lamacchia-realty,Lamacchia Realty,Real Estate,Waltham
,,,,3102.0,https://www.inc.com/profile/rice-insurance,Rice Insurance,Insurance,Bellingham
,,,,3103.0,https://www.inc.com/profile/relief-mart,Relief-Mart,Manufacturing,Agoura Hills
,,,,3104.0,https://www.inc.com/profile/the-music-room,The Music Room,Consumer Products & Services,Erie
,,,,3105.0,https://www.inc.com/profile/redhorse,Redhorse,Government Services,San Diego
,,,,3106.0,https://www.inc.com/profile/cohen-company,Cohen & Company,Financial Services,Cleveland
,,,,3107.0,https://www.inc.com/profile/mkd-electric,MKD Electric,Construction,Elgin
,,,,3108.0,https://www.inc.com/profile/accelogix,Accelogix,Logistics & Transportation,Cary
,,,,3109.0,https://www.inc.com/profile/deep-well-services,Deep Well Services,Energy,Zelienople
,,,,3110.0,https://www.inc.com/profile/wellworks-for-you,Wellworks For You,Health,West Chester
,,,,3111.0,https://www.inc.com/profile/cambria-investment-management-lp,"Cambria Investment Management, LP",Financial Services,El Segundo
,,,,3112.0,https://www.inc.com/profile/elearningbrothers,eLearningBrothers,Education,American Fork
,,,,3113.0,https://www.inc.com/profile/imaginesoftware,ImagineSoftware,Health,Charlotte
,,,,3114.0,https://www.inc.com/profile/odyssey-systems-consulting-group,Odyssey Systems Consulting Group,Government Services,Wakefield
,,,,3115.0,https://www.inc.com/profile/actualtech-media,ActualTech Media,Advertising & Marketing,North Charleston
,,,,3116.0,https://www.inc.com/profile/vivax-pros,Vivax Pros,Construction,Denver
,,,,3117.0,https://www.inc.com/profile/day-translations,Day Translations,Business Products & Services,Tampa
,,,,3118.0,https://www.inc.com/profile/pacific-energy-concepts,Pacific Energy Concepts,Energy,Vancouver
,,,,3119.0,https://www.inc.com/profile/sharp-medical-staffing,SHARP MEDICAL STAFFING,Health,OMAHA
,,,,3120.0,https://www.inc.com/profile/lmg,LMG,Advertising & Marketing,Dayton
,,,,3121.0,https://www.inc.com/profile/norman-heating-air-conditioning,Norman Heating & Air Conditioning,Consumer Products & Services,Norman
,,,,3122.0,https://www.inc.com/profile/tr-miller-heating-cooling,TR MILLER HEATING & COOLING,Construction,Plainfield
,,,,3123.0,https://www.inc.com/profile/fathom-oakland-ca,"FATHOM (Oakland, CA)",Manufacturing,Oakland
,,,,3124.0,https://www.inc.com/profile/bulu,Bulu,Consumer Products & Services,Lincoln
,,,,3125.0,https://www.inc.com/profile/darkblade-systems,Darkblade Systems,Government Services,Winchester
,,,,3126.0,https://www.inc.com/profile/energy-fitness,Energy Fitness,Health,St. James
,,,,3127.0,https://www.inc.com/profile/medical-b-t-services,Medical B & T services,Health,SAFETY HARBOR
,,,,3128.0,https://www.inc.com/profile/blue-chip-talent,Blue Chip Talent,Human Resources,Bloomfield Hills
,,,,3129.0,https://www.inc.com/profile/promedia,ProMedia,Advertising & Marketing,Miami
,,,,3130.0,https://www.inc.com/profile/insight-sourcing-group,Insight Sourcing Group,Business Products & Services,Norcross
,,,,3131.0,https://www.inc.com/profile/mighty-8th-media,Mighty 8th Media,Advertising & Marketing,Buford
,,,,3132.0,https://www.inc.com/profile/knight-federal-solutions,Knight Federal Solutions,IT System Development,Orlando
,,,,3133.0,https://www.inc.com/profile/alegiant-servicesllc,"Alegiant Services,LLC",Human Resources,Oviedo
,,,,3134.0,https://www.inc.com/profile/nuspire,Nuspire,Security,Commerce
,,,,3135.0,https://www.inc.com/profile/datavail,Datavail,IT Management,Broomfield
,,,,3136.0,https://www.inc.com/profile/intero-real-estate-services,Intero Real Estate Services,Real Estate,Rancho Cucamonga
,,,,3137.0,https://www.inc.com/profile/coastal-payroll,Coastal Payroll,Human Resources,San Diego
,,,,3138.0,https://www.inc.com/profile/pet-assure-corp,Pet Assure Corp,Consumer Products & Services,Lakewood
,,,,3139.0,https://www.inc.com/profile/jb-pallet,J&B Pallet,Manufacturing,LAKE CITY
,,,,3140.0,https://www.inc.com/profile/levitate-media,Levitate Media,Advertising & Marketing,San Francisco
,,,,3141.0,https://www.inc.com/profile/paysphere-payroll-hr,PaySphere Payroll & HR,Human Resources,Houston
,,,,3142.0,https://www.inc.com/profile/nekter-juice-bar,Nekter Juice Bar,Food & Beverage,Santa Ana
,,,,3143.0,https://www.inc.com/profile/intellectual-capitol,Intellectual Capitol,IT System Development,Greenville
,,,,3144.0,https://www.inc.com/profile/all-industrial-tool-supply,All Industrial Tool Supply,Manufacturing,HUNTINGTON BEACH
,,,,3145.0,https://www.inc.com/profile/adaptive-nursing-and-healthcare-services,Adaptive Nursing and Healthcare Services,Health,Fishers
,,,,3146.0,https://www.inc.com/profile/dkbinnovative,DKBinnovative,IT Management,Frisco
,,,,3147.0,https://www.inc.com/profile/clason-point-partners,Clason Point Partners,Government Services,Yonkers
,,,,3148.0,https://www.inc.com/profile/classy-art,Classy Art,Manufacturing,Houston
,,,,3149.0,https://www.inc.com/profile/mommys-bliss,Mommy's Bliss,Consumer Products & Services,Richmond
,,,,3150.0,https://www.inc.com/profile/torchlight-hire,TorchLight Hire,Advertising & Marketing,Arlington
,,,,3151.0,https://www.inc.com/profile/cinch-it,Cinch IT,IT Management,Worcester
,,,,3152.0,https://www.inc.com/profile/division-d,Division-D,Advertising & Marketing,Columbia
,,,,3153.0,https://www.inc.com/profile/gc-realty-development,GC Realty & Development,Real Estate,Bartlett
,,,,3154.0,https://www.inc.com/profile/lees-air-conditioning-heating-building-performance,"Lee's Air Conditioning, Heating & Building Performance",Consumer Products & Services,FRESNO
,,,,3155.0,https://www.inc.com/profile/power-design,Power Design,Construction,St. Petersburg
,,,,3156.0,https://www.inc.com/profile/core-nutritionals,Core Nutritionals,Health,Ashburn
,,,,3157.0,https://www.inc.com/profile/peoples-television,People's Television,Advertising & Marketing,"Washington, D.C."
,,,,3158.0,https://www.inc.com/profile/premier-pools-and-spas,Premier Pools and Spas,Construction,Granite Bay
,,,,3159.0,https://www.inc.com/profile/de-jong-duke,de Jong Duke,Manufacturing,Taylor
,,,,3160.0,https://www.inc.com/profile/cadence-communications-and-research,Cadence Communications and Research,Health,Westlake Village
,,,,3161.0,https://www.inc.com/profile/stratus-building-solutions,Stratus Building Solutions,Business Products & Services,Hollywood
,,,,3162.0,https://www.inc.com/profile/secure-one-capital,Secure One Capital,Financial Services,Costa Mesa
,,,,3163.0,https://www.inc.com/profile/the-predictive-index,The Predictive Index,Business Products & Services,Westwood
,,,,3164.0,https://www.inc.com/profile/scribeamerica,ScribeAmerica,Health,Fort Lauderdale
,,,,3165.0,https://www.inc.com/profile/dynamics-resources,Dynamics Resources,IT Management,VERNON HILLS
,,,,3166.0,https://www.inc.com/profile/succession-resource-group,Succession Resource Group,Financial Services,Lake Oswego
,,,,3167.0,https://www.inc.com/profile/intrust-funding,Intrust Funding,Financial Services,Bellevue
,,,,3168.0,https://www.inc.com/profile/providence-care,Providence Care,Health,Rock Hill
,,,,3169.0,https://www.inc.com/profile/complete-network,Complete Network,IT Management,Albany
,,,,3170.0,https://www.inc.com/profile/a-derr-heating-and-cooling,A+ Derr Heating and Cooling,Construction,Newburgh
,,,,3171.0,https://www.inc.com/profile/bandwave-systems,Bandwave Systems,Telecommunications,Burlington
,,,,3172.0,https://www.inc.com/profile/systems-integration,Systems Integration,IT Management,Landover
,,,,3173.0,https://www.inc.com/profile/renters-warehouse,Renters Warehouse,Real Estate,Eden Prarie
,,,,3174.0,https://www.inc.com/profile/the-agency,The Agency,Real Estate,Beverly Hills
,,,,3175.0,https://www.inc.com/profile/open-systems-technologies,Open Systems Technologies,IT System Development,Gainesville
,,,,3176.0,https://www.inc.com/profile/tane,Tane,Advertising & Marketing,New York
,,,,3177.0,https://www.inc.com/profile/aspen-systems,Aspen Systems,Computer Hardware,Wheat Ridge
,,,,3178.0,https://www.inc.com/profile/thornhill,Thornhill,Insurance,Porter Ranch
,,,,3179.0,https://www.inc.com/profile/obility,Obility,Advertising & Marketing,Portland
,,,,3180.0,https://www.inc.com/profile/precision-measurement-engineering,Precision Measurement Engineering,Environmental Services,Vista
,,,,3181.0,https://www.inc.com/profile/laritech,Laritech,Manufacturing,Moorpark
,,,,3182.0,https://www.inc.com/profile/for,FOR,Construction,Tempe
,,,,3183.0,https://www.inc.com/profile/tom-ferry,Tom Ferry,Business Products & Services,Santa Ana
,,,,3184.0,https://www.inc.com/profile/emd-strategies,EMD Strategies,Business Products & Services,Arlington
,,,,3185.0,https://www.inc.com/profile/century-business-solutions-ebizcharge,Century Business Solutions: EBizCharge,Financial Services,Irvine
,,,,3186.0,https://www.inc.com/profile/rabbit-air,Rabbit Air,Consumer Products & Services,Pasadena
,,,,3187.0,https://www.inc.com/profile/the-dagit-group,The Dagit Group,Construction,Exton
,,,,3188.0,https://www.inc.com/profile/king-memory,King Memory,Computer Hardware,Columbus
,,,,3189.0,https://www.inc.com/profile/scott-brown-media-group,Scott Brown Media Group,Advertising & Marketing,Charlotte
,,,,3190.0,https://www.inc.com/profile/government-marketing,Government Marketing,Government Services,Wimberley
,,,,3191.0,https://www.inc.com/profile/sanmejio,Sanmejio,Construction,Tampa
,,,,3192.0,https://www.inc.com/profile/benchworks,Benchworks,Advertising & Marketing,Chestertown
,,,,3193.0,https://www.inc.com/profile/go-forth-pest-control,Go-Forth Pest Control,Consumer Products & Services,High Point
,,,,3194.0,https://www.inc.com/profile/wmk,WMK,Retail,Richfield
,,,,3195.0,https://www.inc.com/profile/placers,Placers,Human Resources,Newark
,,,,3196.0,https://www.inc.com/profile/ussc-group,USSC Group,Manufacturing,Exton
,,,,3197.0,https://www.inc.com/profile/mailchimp,Mailchimp,Advertising & Marketing,Atlanta
,,,,3198.0,https://www.inc.com/profile/atlantic-petroleum,Atlantic Petroleum,Energy,Houston
,,,,3199.0,https://www.inc.com/profile/arch-con-construction,Arch-Con Construction,Construction,Houston
,,,,3200.0,https://www.inc.com/profile/llamasoft,LLamasoft,Software,Ann Arbor
,,,,3201.0,https://www.inc.com/profile/zenetex,Zenetex,Government Services,Herndon
,,,,3202.0,https://www.inc.com/profile/targeted-pet-treats,Targeted Pet Treats,Manufacturing,Warren
,,,,3203.0,https://www.inc.com/profile/generation-iron-brands,Generation Iron Brands,Media,New York
,,,,3204.0,https://www.inc.com/profile/computer-enterprises,Computer Enterprises,IT System Development,Pittsburgh
,,,,3205.0,https://www.inc.com/profile/telesolv-consulting,TeleSolv Consulting,Business Products & Services,Washington
,,,,3206.0,https://www.inc.com/profile/policypak,PolicyPak,Software,Media
,,,,3207.0,https://www.inc.com/profile/webfx,WebFX,Advertising & Marketing,Harrisburg
,,,,3208.0,https://www.inc.com/profile/all-points-broadband,All Points Broadband,Telecommunications,Leesburg
,,,,3209.0,https://www.inc.com/profile/ruoff-home-mortgage,Ruoff Home Mortgage,Financial Services,Fort Wayne
,,,,3210.0,https://www.inc.com/profile/premier-orthodontic-specialists,Premier Orthodontic Specialists,Health,Chandler
,,,,3211.0,https://www.inc.com/profile/adsg,ADSG,Environmental Services,Tomball
,,,,3212.0,https://www.inc.com/profile/eq1-real-estate,EQ1 Real Estate,Real Estate,San Jose
,,,,3213.0,https://www.inc.com/profile/the-ask-method-company,The ASK Method Company,Education,Georgetown
,,,,3214.0,https://www.inc.com/profile/pm-hotel-group,PM Hotel Group,Travel & Hospitality,Chevy Chase
,,,,3215.0,https://www.inc.com/profile/tucker-rose-associates,Tucker-Rose Associates,IT Management,New Braunfels
,,,,3216.0,https://www.inc.com/profile/intermountain-audiology-hearing-and-brain-clinics,Intermountain Audiology Hearing and Brain Clinics,Health,St. George
,,,,3217.0,https://www.inc.com/profile/lightfoot-mechanical,Lightfoot Mechanical,Consumer Products & Services,Weatherford
,,,,3218.0,https://www.inc.com/profile/closet-america,Closet America,Construction,Landover
,,,,3219.0,https://www.inc.com/profile/altsource,AltSource,Software,Portland
,,,,3220.0,https://www.inc.com/profile/skyline-builders,Skyline Builders,Construction,Rochester
,,,,3221.0,https://www.inc.com/profile/keen-decision-systems,Keen Decision Systems,Advertising & Marketing,Durham
,,,,3222.0,https://www.inc.com/profile/asurint,Asurint,Business Products & Services,Cleveland
,,,,3223.0,https://www.inc.com/profile/healthy-spot,Healthy Spot,Retail,Culver City
,,,,3224.0,https://www.inc.com/profile/conveyiq,ConveyIQ,Software,New York
,,,,3225.0,https://www.inc.com/profile/builders-choice,Builder's Choice,Construction,Houston
,,,,3226.0,https://www.inc.com/profile/the-spur-group,The Spur Group,Business Products & Services,Redmond
,,,,3227.0,https://www.inc.com/profile/buildium,Buildium,Software,Boston
,,,,3228.0,https://www.inc.com/profile/argi-financial-group,ARGI Financial Group,Financial Services,Louisville
,,,,3229.0,https://www.inc.com/profile/giltner-logistics,Giltner Logistics,Logistics & Transportation,Twin Falls
,,,,3230.0,https://www.inc.com/profile/abco-systems,ABCO Systems,Construction,BELLEVILLE
,,,,3231.0,https://www.inc.com/profile/avio-consulting,AVIO Consulting,IT System Development,Addison
,,,,3232.0,https://www.inc.com/profile/gateway-mortgage-group,Gateway Mortgage Group,Financial Services,Jenks
,,,,3233.0,https://www.inc.com/profile/averhealth,Averhealth,Health,Richmond
,,,,3234.0,https://www.inc.com/profile/titus-talent-strategies,Titus Talent Strategies,Human Resources,Milwaukee
,,,,3235.0,https://www.inc.com/profile/backblaze,Backblaze,Software,San Mateo
,,,,3236.0,https://www.inc.com/profile/reveleer,Reveleer,Health,Glendale
,,,,3237.0,https://www.inc.com/profile/seek-thermal,Seek Thermal,Manufacturing,Santa Barbara
,,,,3238.0,https://www.inc.com/profile/johnson-consulting-group,Johnson Consulting Group,Business Products & Services,Scottsdale
,,,,3239.0,https://www.inc.com/profile/optomi,Optomi,Human Resources,Atlanta
,,,,3240.0,https://www.inc.com/profile/optimum-employer-solutions,Optimum Employer Solutions,Human Resources,Santa Ana
,,,,3241.0,https://www.inc.com/profile/avanath-capital-management,Avanath Capital Management,Real Estate,Irvine
,,,,3242.0,https://www.inc.com/profile/simulation-technologies,Simulation Technologies,Engineering,Huntsville
,,,,3243.0,https://www.inc.com/profile/b-unlimited,B-Unlimited,Advertising & Marketing,Fayetteville
,,,,3244.0,https://www.inc.com/profile/alliance-executive-search,Alliance Executive Search,Human Resources,Vienna
,,,,3245.0,https://www.inc.com/profile/mid-valley-it,Mid Valley IT,IT Management,Turlock
,,,,3246.0,https://www.inc.com/profile/bridgepoint-construction,BridgePoint Construction,Construction,DURHAM
,,,,3247.0,https://www.inc.com/profile/deca-dental-group,DECA Dental Group,Health,Dallas
,,,,3248.0,https://www.inc.com/profile/mediafly,Mediafly,Software,Chicago
,,,,3249.0,https://www.inc.com/profile/greenview-lawns,Greenview Lawns,Construction,Fort Smith
,,,,3250.0,https://www.inc.com/profile/binc,Binc,Human Resources,San Francisco
,,,,3251.0,https://www.inc.com/profile/verblio,Verblio,Advertising & Marketing,Boulder
,,,,3252.0,https://www.inc.com/profile/bedroc,Bedroc,IT System Development,Nashville
,,,,3253.0,https://www.inc.com/profile/status-labs,Status Labs,Advertising & Marketing,Austin
,,,,3254.0,https://www.inc.com/profile/sterling-site-access-solutions,Sterling Site Access Solutions,Business Products & Services,Phoenix
,,,,3255.0,https://www.inc.com/profile/assisting-hands-home-care,Assisting Hands Home Care,Health,Nampa
,,,,3256.0,https://www.inc.com/profile/interactive-entertainment-group,Interactive Entertainment Group,Business Products & Services,Hauppauge
,,,,3257.0,https://www.inc.com/profile/hydra-flex,Hydra-Flex,Manufacturing,Eagan
,,,,3258.0,https://www.inc.com/profile/watters-international-realty,Watters International Realty,Real Estate,Austin
,,,,3259.0,https://www.inc.com/profile/masspay,MassPay,Human Resources,Beverly
,,,,3260.0,https://www.inc.com/profile/convergint-technologies,Convergint Technologies,Security,Schaumberg
,,,,3261.0,https://www.inc.com/profile/blue-door-consulting,Blue Door Consulting,Advertising & Marketing,Oshkosh
,,,,3262.0,https://www.inc.com/profile/mail-shark,Mail Shark,Advertising & Marketing,Mohnton
,,,,3263.0,https://www.inc.com/profile/optifuse,OptiFuse,Manufacturing,El Cajon
,,,,3264.0,https://www.inc.com/profile/poulton-associates,Poulton Associates,Insurance,Salt Lake City
,,,,3265.0,https://www.inc.com/profile/hire-dynamics,Hire Dynamics,Human Resources,Duluth
,,,,3266.0,https://www.inc.com/profile/icims,iCIMS,Software,Holmdel
,,,,3267.0,https://www.inc.com/profile/dermacare-hampton-roads,Dermacare Hampton Roads,Health,Chesapeake
,,,,3268.0,https://www.inc.com/profile/aladtec,Aladtec,Software,River Falls
,,,,3269.0,https://www.inc.com/profile/bodycentral-physical-therapy,Bodycentral Physical Therapy,Health,tucson
,,,,3270.0,https://www.inc.com/profile/victra,Victra,Retail,Raleigh
,,,,3271.0,https://www.inc.com/profile/curriculum-associates,Curriculum Associates,Education,North Billerica
,,,,3272.0,https://www.inc.com/profile/fingerpaint,Fingerpaint,Advertising & Marketing,Saratoga Springs
,,,,3273.0,https://www.inc.com/profile/prosek-partners,Prosek Partners,Advertising & Marketing,New York
,,,,3274.0,https://www.inc.com/profile/walker-sands,Walker Sands,Advertising & Marketing,Chicago
,,,,3275.0,https://www.inc.com/profile/mabbett-associates,Mabbett & Associates,Environmental Services,Bedford
,,,,3276.0,https://www.inc.com/profile/dom-tom,Dom & Tom,Software,New York
,,,,3277.0,https://www.inc.com/profile/rock-the-house-entertainment,Rock The House Entertainment,Travel & Hospitality,Oakwood Village
,,,,3278.0,https://www.inc.com/profile/incapsulate,Incapsulate,IT Management,Washington
,,,,3279.0,https://www.inc.com/profile/dominion-payroll,Dominion Payroll,Human Resources,Richmond
,,,,3280.0,https://www.inc.com/profile/the-hennessey-group,The Hennessey Group,Business Products & Services,Midland
,,,,3281.0,https://www.inc.com/profile/freeit-data-solutions,Freeit Data Solutions,IT Management,Austin
,,,,3282.0,https://www.inc.com/profile/w-services-group,W Services Group,Business Products & Services,Hauppauge
,,,,3283.0,https://www.inc.com/profile/all-filters,All Filters,Retail,Salt Lake City
,,,,3284.0,https://www.inc.com/profile/intercontinental-capital-group,Intercontinental Capital Group,Financial Services,MELVILLE
,,,,3285.0,https://www.inc.com/profile/arctic-supplies,Arctic Supplies,Food & Beverage,St Petersburg
,,,,3286.0,https://www.inc.com/profile/dfuse-technologies,Dfuse Technologies,IT System Development,Sterling
,,,,3287.0,https://www.inc.com/profile/culver-equipment,Culver Equipment,Business Products & Services,Phoenix
,,,,3288.0,https://www.inc.com/profile/homevestors-of-america,HomeVestors of America,Real Estate,Dallas
,,,,3289.0,https://www.inc.com/profile/women-rocking-business,Women Rocking Business,Business Products & Services,Santa Cruz
,,,,3290.0,https://www.inc.com/profile/building-engines,Building Engines,Software,Boston
,,,,3291.0,https://www.inc.com/profile/s2-it-group,S2 IT Group,IT Management,Alpharetta
,,,,3292.0,https://www.inc.com/profile/epelicancom,ePelican.com,Computer Hardware,Costa Mesa
,,,,3293.0,https://www.inc.com/profile/clean-energy-solutions,Clean Energy Solutions,Energy,Los Angeles
,,,,3294.0,https://www.inc.com/profile/vennli,Vennli,Software,South Bend
,,,,3295.0,https://www.inc.com/profile/arcos,Arcos,Software,Columbus
,,,,3296.0,https://www.inc.com/profile/home-health-companions,Home Health Companions,Health,Dallas
,,,,3297.0,https://www.inc.com/profile/catchpoint,Catchpoint,Software,New York City
,,,,3298.0,https://www.inc.com/profile/greenphire,Greenphire,Software,King of Prussia
,,,,3299.0,https://www.inc.com/profile/elite-core-enterprises,Elite Core Enterprises,Manufacturing,Conway
,,,,3300.0,https://www.inc.com/profile/pm-pediatrics,PM Pediatrics,Health,Lake Success
,,,,3301.0,https://www.inc.com/profile/forevercom,Forever.com,Software,Pittsburgh
,,,,3302.0,https://www.inc.com/profile/mercury-mosaics,Mercury Mosaics,Manufacturing,Minneapolis
,,,,3303.0,https://www.inc.com/profile/wellen-capital,Wellen Capital,Financial Services,Chicago
,,,,3304.0,https://www.inc.com/profile/archgate-tms-solutions,Archgate TMS Solutions,Logistics & Transportation,Oakbrook Terrace
,,,,3305.0,https://www.inc.com/profile/INCATech,INCATech,IT System Development,Reston
,,,,3306.0,https://www.inc.com/profile/broadleaf-commerce,Broadleaf Commerce,Software,Plano
,,,,3307.0,https://www.inc.com/profile/tevora,Tevora,IT Management,Irvine
,,,,3308.0,https://www.inc.com/profile/distritech,Distritech,Consumer Products & Services,Doral
,,,,3309.0,https://www.inc.com/profile/service-direct,Service Direct,Advertising & Marketing,Austin
,,,,3310.0,https://www.inc.com/profile/network-optix,Network Optix,Software,BURBANK
,,,,3311.0,https://www.inc.com/profile/linden-construction-of-south-carolina,Linden Construction of South Carolina,Construction,Charleston
,,,,3312.0,https://www.inc.com/profile/propio-language-services,Propio Language Services,Business Products & Services,Overland Park
,,,,3313.0,https://www.inc.com/profile/biopoint,BioPoint,Health,Wakefield
,,,,3314.0,https://www.inc.com/profile/synergylabs,SynergyLabs,Consumer Products & Services,Fort Lauderdale
,,,,3315.0,https://www.inc.com/profile/aqueduct-technologies,Aqueduct Technologies,IT Management,Waltham
,,,,3316.0,https://www.inc.com/profile/heavy-equipment-colleges-of-america,Heavy Equipment Colleges of America,Education,Las Vegas
,,,,3317.0,https://www.inc.com/profile/rei-automation,REI Automation,Manufacturing,Columbia
,,,,3318.0,https://www.inc.com/profile/mro,MRO,Health,Norristown
,,,,3319.0,https://www.inc.com/profile/asp-americas-swimming-pool-company,ASP-America's Swimming Pool Company,Consumer Products & Services,Macon
,,,,3320.0,https://www.inc.com/profile/convert-it-marketing,Convert IT Marketing,Advertising & Marketing,Pembroke Pines
,,,,3321.0,https://www.inc.com/profile/asset-based-lending,Asset Based Lending,Real Estate,Hoboken
,,,,3322.0,https://www.inc.com/profile/mindoula,Mindoula,Health,Silver Spring
,,,,3323.0,https://www.inc.com/profile/accureg-software,AccuReg Software,Health,Mobile
,,,,3324.0,https://www.inc.com/profile/rockland-insurance-agency,Rockland Insurance Agency,Insurance,Richmond
,,,,3325.0,https://www.inc.com/profile/cloudmybiz,CloudMyBiz,Software,Sherman Oaks
,,,,3326.0,https://www.inc.com/profile/geocent,Geocent,Government Services,Metairie
,,,,3327.0,https://www.inc.com/profile/colarelli-construction,Colarelli Construction,Construction,colorado springs
,,,,3328.0,https://www.inc.com/profile/teamlogic-it,TeamLogic IT,IT Management,Mission Viejo
,,,,3329.0,https://www.inc.com/profile/rtm-engineering-consultants,RTM Engineering Consultants,Engineering,Schaumberg
,,,,3330.0,https://www.inc.com/profile/sioux-falls-tower-specialists,Sioux Falls Tower Specialists,Telecommunications,Sioux Falls
,,,,3331.0,https://www.inc.com/profile/resource-environmental-solutions,Resource Environmental Solutions,Environmental Services,Houston
,,,,3332.0,https://www.inc.com/profile/interactions,Interactions,Business Products & Services,Franklin
,,,,3333.0,https://www.inc.com/profile/vizzia-technologies,Vizzia Technologies,Health,Atlanta
,,,,3334.0,https://www.inc.com/profile/stickergiant,StickerGiant,Manufacturing,Longmont
,,,,3335.0,https://www.inc.com/profile/printfection,Printfection,Software,Denver
,,,,3336.0,https://www.inc.com/profile/appraisal-nation,Appraisal Nation,Real Estate,Cary
,,,,3337.0,https://www.inc.com/profile/fortis-riders,Fortis Riders,Travel & Hospitality,Greenville
,,,,3338.0,https://www.inc.com/profile/ampcus,Ampcus,IT System Development,Chantilly
,,,,3339.0,https://www.inc.com/profile/shore-funding-solutions,Shore Funding Solutions,Financial Services,Melville
,,,,3340.0,https://www.inc.com/profile/stevens-trucking,Stevens Trucking,Logistics & Transportation,Oklahoma City
,,,,3341.0,https://www.inc.com/profile/business-promotion,Business Promotion,Advertising & Marketing,American Fork
,,,,3342.0,https://www.inc.com/profile/viralstylecom,Viralstyle.com,Software,Tampa
,,,,3343.0,https://www.inc.com/profile/newpro-operating,NEWPRO operating,Consumer Products & Services,Woburn
,,,,3344.0,https://www.inc.com/profile/brandito,Brandito,Advertising & Marketing,Richmond
,,,,3345.0,https://www.inc.com/profile/mercer-advisors,Mercer Advisors,Financial Services,Denver
,,,,3346.0,https://www.inc.com/profile/museum-hack,Museum Hack,Travel & Hospitality,New York
,,,,3347.0,https://www.inc.com/profile/protex-restaurant-services,Protex Restaurant Services,Business Products & Services,Corpus Christi
,,,,3348.0,https://www.inc.com/profile/asp-global,ASP Global,Health,Atlanta
,,,,3349.0,https://www.inc.com/profile/stewardship-investments,Stewardship Investments,Real Estate,Kansas City
,,,,3350.0,https://www.inc.com/profile/man-machine-systems-assessment,Man-Machine Systems Assessment,Government Services,Arlington
,,,,3351.0,https://www.inc.com/profile/coldwell-solar,Coldwell Solar,Energy,Rocklin
,,,,3352.0,https://www.inc.com/profile/kalles-group,Kalles Group,IT Management,Seattle
,,,,3353.0,https://www.inc.com/profile/workfront,Workfront,Software,Lehi
,,,,3354.0,https://www.inc.com/profile/formulife,Formulife,Manufacturing,Allen
,,,,3355.0,https://www.inc.com/profile/chelsoft-solutions,Chelsoft Solutions,IT Management,Olathe
,,,,3356.0,https://www.inc.com/profile/dallas-unique-indoor-comfort-ltd,Dallas Unique Indoor Comfort,Construction,Dallas
,,,,3357.0,https://www.inc.com/profile/exterior-medics,Exterior Medics,Construction,Springfield
,,,,3358.0,https://www.inc.com/profile/concierge-cleaning-services,Concierge Cleaning Services,Business Products & Services,San Diego
,,,,3359.0,https://www.inc.com/profile/vital,Vital,Advertising & Marketing,Portsmouth
,,,,3360.0,https://www.inc.com/profile/java-connections,Java Connections,Manufacturing,Dallas
,,,,3361.0,https://www.inc.com/profile/keller-logistics,Keller Logistics,Logistics & Transportation,Defiance
,,,,3362.0,https://www.inc.com/profile/frank-surveying-co,Frank Surveying Co,Engineering,Columbus
,,,,3363.0,https://www.inc.com/profile/frontline-source-group,Frontline Source Group,Human Resources,Dallas
,,,,3364.0,https://www.inc.com/profile/ignw,IGNW,Software,WEST LINN
,,,,3365.0,https://www.inc.com/profile/perfect-water-technologies,Perfect Water Technologies,Consumer Products & Services,Scottsdale
,,,,3366.0,https://www.inc.com/profile/cmt-services,CMT Services,Government Services,Hyattsville
,,,,3367.0,https://www.inc.com/profile/cross-media-corporation,Cross Media Corporation,Business Products & Services,Charlotte
,,,,3368.0,https://www.inc.com/profile/pure-adapt,Pure Adapt,Retail,Guilderland Center
,,,,3369.0,https://www.inc.com/profile/american-builders,American Builders,Construction,Greenville
,,,,3370.0,https://www.inc.com/profile/dash2-group,Dash2 Group,IT Management,Salt Lake City
,,,,3371.0,https://www.inc.com/profile/paynorthwest,PayNorthwest,Human Resources,Seattle
,,,,3372.0,https://www.inc.com/profile/epic-freight-solutions,Epic Freight Solutions,Logistics & Transportation,Lawndale
,,,,3373.0,https://www.inc.com/profile/limeade,Limeade,Software,Bellevue
,,,,3374.0,https://www.inc.com/profile/eroi,eROI,Advertising & Marketing,Portland
,,,,3375.0,https://www.inc.com/profile/dreamstyle-remodeling,Dreamstyle Remodeling,Construction,Albuquerque
,,,,3376.0,https://www.inc.com/profile/eide-communications-dba-eidecom,EideCom,Media,Brooklyn Park
,,,,3377.0,https://www.inc.com/profile/forshay,Forshay,Human Resources,Lafayette
,,,,3378.0,https://www.inc.com/profile/online-rewards,Online Rewards,Business Products & Services,Dallas
,,,,3379.0,https://www.inc.com/profile/lexicon-solutions,Lexicon Solutions,IT Management,Portland
,,,,3380.0,https://www.inc.com/profile/differential,Differential,Software,Cincinnati
,,,,3381.0,https://www.inc.com/profile/the-abbi-agency,The Abbi Agency,Advertising & Marketing,Reno
,,,,3382.0,https://www.inc.com/profile/cerdant,Cerdant,IT Management,Dublin
,,,,3383.0,https://www.inc.com/profile/sabre88,Sabre88,Government Services,Newark
,,,,3384.0,https://www.inc.com/profile/sawyer-manufacturing-company,Sawyer Manufacturing Company,Manufacturing,Tulsa
,,,,3385.0,https://www.inc.com/profile/maxton-company,Maxton & Company,Retail,San Francisco
,,,,3386.0,https://www.inc.com/profile/bali-construction,Bali Construction,Construction,Walnut Creek
,,,,3387.0,https://www.inc.com/profile/national-funding,National Funding,Financial Services,San Diego
,,,,3388.0,https://www.inc.com/profile/performance-plus-carts,Performance Plus Carts,Retail,Auburndale
,,,,3389.0,https://www.inc.com/profile/rjr-partners,RJR Partners,Human Resources,San Ramon
,,,,3390.0,https://www.inc.com/profile/apollo-interactive,Apollo Interactive,Advertising & Marketing,El Segundo
,,,,3391.0,https://www.inc.com/profile/amg-associates,AMG & Associates,Construction,Santa Clarita
,,,,3391.0,https://www.inc.com/profile/intivix,Intivix,IT Management,San Francisco
,,,,3392.0,https://www.inc.com/profile/sdb-steel-pipe,SDB Steel & Pipe,Energy,Houston
,,,,3393.0,https://www.inc.com/profile/pedego-electric-bikes,Pedego Electric Bikes,Consumer Products & Services,Fountain Valley
,,,,3394.0,https://www.inc.com/profile/infiniti-hr,Infiniti HR,Human Resources,Burtonsville
,,,,3395.0,https://www.inc.com/profile/fora-financial,Fora Financial,Financial Services,New York
,,,,3396.0,https://www.inc.com/profile/swift-hr-solutions,Swift HR Solutions,Human Resources,Bellevue
,,,,3397.0,https://www.inc.com/profile/tenaglia-hunt,Tenaglia & Hunt,Business Products & Services,Rochelle Park
,,,,3398.0,https://www.inc.com/profile/mbw-enterprises,MBW Enterprises,Consumer Products & Services,falls church
,,,,3399.0,https://www.inc.com/profile/mosaic-consulting-group,Mosaic Consulting Group,Human Resources,NASHVILLE
,,,,3400.0,https://www.inc.com/profile/young-automotive-group,Young Automotive Group,Retail,Layton
,,,,3401.0,https://www.inc.com/profile/simis,SimIS,Engineering,Portsmouth
,,,,3402.0,https://www.inc.com/profile/itexico,iTexico,IT System Development,Austin
,,,,3403.0,https://www.inc.com/profile/hernon-manufacturing,Hernon Manufacturing,Manufacturing,Sanford
,,,,3404.0,https://www.inc.com/profile/valiant-solutions,Valiant Solutions,Government Services,Henderson
,,,,3405.0,https://www.inc.com/profile/jamaica-cottage-shop,Jamaica Cottage Shop,Manufacturing,South Londonderry
,,,,3406.0,https://www.inc.com/profile/univista-insurance,Univista Insurance,Insurance,Miami
,,,,3407.0,https://www.inc.com/profile/oxford-builders,Oxford Builders,Construction,Houston
,,,,3408.0,https://www.inc.com/profile/dry-pro-foundation-and-crawlspace-specialists,Dry Pro Foundation and Crawlspace Specialists,Construction,Charlotte
,,,,3409.0,https://www.inc.com/profile/cnf-technologies-corporation,CNF Technologies Corporation,IT System Development,San Antonio
,,,,3410.0,https://www.inc.com/profile/logenix-international,Logenix International,Logistics & Transportation,Fairfax
,,,,3411.0,https://www.inc.com/profile/americhem-systems,AmeriChem Systems,Manufacturing,Aurora
,,,,3412.0,https://www.inc.com/profile/aesthetic-products,Aesthetic Products,Health,Atlanta
,,,,3413.0,https://www.inc.com/profile/longford-company,Longford & Company,Human Resources,Boston
,,,,3414.0,https://www.inc.com/profile/impact-networking,Impact Networking,Business Products & Services,Lake Forest
,,,,3415.0,https://www.inc.com/profile/design-management-group,Design Management Group,Construction,Metairie
,,,,3416.0,https://www.inc.com/profile/dreamgear,DreamGear,Consumer Products & Services,Torrance
,,,,3417.0,https://www.inc.com/profile/branded-entertainment-network,Branded Entertainment Network,Advertising & Marketing,Sherman Oaks
,,,,3418.0,https://www.inc.com/profile/softnice,SoftNice,IT Management,Allentown
,,,,3419.0,https://www.inc.com/profile/netwrix,Netwrix,Software,Irvine
,,,,3420.0,https://www.inc.com/profile/comfort-now,Comfort Now,Construction,Visalia
,,,,3421.0,https://www.inc.com/profile/netsearch-digital-marketing,NetSearch Digital Marketing,Advertising & Marketing,Richmond
,,,,3422.0,https://www.inc.com/profile/clinlab-staffing,ClinLab Staffing,Human Resources,Watertown
,,,,3423.0,https://www.inc.com/profile/information-technology-professionals,Information Technology Professionals,IT Management,Madison
,,,,3424.0,https://www.inc.com/profile/twisted-x,Twisted X,Consumer Products & Services,Decatur
,,,,3425.0,https://www.inc.com/profile/southeastern-equipment-supply,Southeastern Equipment & Supply,Consumer Products & Services,West Columbia
,,,,3426.0,https://www.inc.com/profile/isg,ISG,Engineering,Mankato
,,,,3427.0,https://www.inc.com/profile/neighborly,Neighborly,Consumer Products & Services,Waco
,,,,3428.0,https://www.inc.com/profile/anova-marine-insurance,ANOVA Marine Insurance,Insurance,Doral
,,,,3429.0,https://www.inc.com/profile/engineered-solutions-of-ga,Engineered Solutions of GA,Construction,marietta
,,,,3430.0,https://www.inc.com/profile/exscape-designs,Exscape Designs,Construction,Novelty
,,,,3431.0,https://www.inc.com/profile/growth-academy,Growth Academy,Education,Scottsdale
,,,,3432.0,https://www.inc.com/profile/that-agency,That Agency,Advertising & Marketing,West Palm Beach
,,,,3433.0,https://www.inc.com/profile/homesmart-international,HomeSmart International,Real Estate,Scottsdale
,,,,3434.0,https://www.inc.com/profile/digital-edge,Digital Edge,Advertising & Marketing,Jacksonville
,,,,3435.0,https://www.inc.com/profile/hunter-business-law,Hunter Business Law,Business Products & Services,Tampa
,,,,3436.0,https://www.inc.com/profile/mosquito-squad,Mosquito Squad,Consumer Products & Services,Richmond
,,,,3437.0,https://www.inc.com/profile/biziq,BizIQ,Advertising & Marketing,Phoenix
,,,,3438.0,https://www.inc.com/profile/environmental-heating-and-air-solutions,Environmental Heating and Air Solutions,Construction,Roseville
,,,,3439.0,https://www.inc.com/profile/mobile-solutions,Mobile Solutions,Software,Centennial
,,,,3440.0,https://www.inc.com/profile/alo-house-recovery-centers,Alo House Recovery Centers,Health,Malibu
,,,,3441.0,https://www.inc.com/profile/cadmiumcd,CadmiumCD,Software,Forest Hill
,,,,3442.0,https://www.inc.com/profile/datashield,DataShield,Security,Omaha
,,,,3443.0,https://www.inc.com/profile/elite-biomedical-solutions,Elite Biomedical Solutions,Health,Cincinnati
,,,,3444.0,https://www.inc.com/profile/weifield-group-contracting,Weifield Group Contracting,Construction,CENTENNIAL
,,,,3445.0,https://www.inc.com/profile/route-transportation-logistics,Route Transportation & Logistics,Logistics & Transportation,BRADENTON
,,,,3446.0,https://www.inc.com/profile/redcloud-consulting,RedCloud Consulting,IT Management,Bellevue
,,,,3447.0,https://www.inc.com/profile/fieldedge,FieldEdge,Software,Fort Myers
,,,,3448.0,https://www.inc.com/profile/spark-orthodontics,Spark Orthodontics,Health,Bethlehem
,,,,3449.0,https://www.inc.com/profile/five-lakes-coffee,Five Lakes Coffee,Food & Beverage,sturgis
,,,,3450.0,https://www.inc.com/profile/carson-group,Carson Group,Financial Services,Omaha
,,,,3451.0,https://www.inc.com/profile/millennium-lake-geneva-wi,"Millennium (Lake Geneva, WI)",Telecommunications,Delavan
,,,,3452.0,https://www.inc.com/profile/zambezi,Zambezi,Advertising & Marketing,Culver City
,,,,3453.0,https://www.inc.com/profile/innovia-events,innoVia Events,Business Products & Services,Dallas
,,,,3454.0,https://www.inc.com/profile/ellevate-network,Ellevate Network,Consumer Products & Services,New York
,,,,3455.0,https://www.inc.com/profile/rapidvisa,RapidVisa,Consumer Products & Services,Las Vegas
,,,,3456.0,https://www.inc.com/profile/bilt-rite-scaffold,Bilt Rite Scaffold,Construction,Austin
,,,,3457.0,https://www.inc.com/profile/iluma-agency,iluma Agency,Advertising & Marketing,Miami Lakes
,,,,3458.0,https://www.inc.com/profile/hungerford-technologies,Hungerford Technologies,IT Management,Grand Rapids
,,,,3459.0,https://www.inc.com/profile/bigtime-software,BigTime Software,Software,Chicago
,,,,3460.0,https://www.inc.com/profile/home-health-solutions,Home Health Solutions,Health,Carbon Hill
,,,,3461.0,https://www.inc.com/profile/threadbird,Threadbird,Business Products & Services,Orlando
,,,,3462.0,https://www.inc.com/profile/transparent-bpo,Transparent BPO,Business Products & Services,Laytonsville
,,,,3463.0,https://www.inc.com/profile/oneils,ONeils,Environmental Services,Palm Harbor
,,,,3464.0,https://www.inc.com/profile/nationwide-real-estate-executives,Nationwide Real Estate Executives,Real Estate,Buena Park
,,,,3465.0,https://www.inc.com/profile/goken-america,Goken America,Engineering,Dublin
,,,,3466.0,https://www.inc.com/profile/lba-ware,LBA Ware,Software,Macon
,,,,3467.0,https://www.inc.com/profile/lifestyle-publications,Lifestyle Publications,Media,Kansas City
,,,,3468.0,https://www.inc.com/profile/early-growth-financial-services,Early Growth Financial Services,Financial Services,San Jose
,,,,3469.0,https://www.inc.com/profile/college-hunks-hauling-junk-and-moving-atlanta-ga,R Panitch Enterprises,Logistics & Transportation,Norcross
,,,,3470.0,https://www.inc.com/profile/three-day-rule,Three Day Rule,Consumer Products & Services,Santa Monica
,,,,3471.0,https://www.inc.com/profile/surecall,SureCall,Manufacturing,Fremont
,,,,3472.0,https://www.inc.com/profile/workhorse-marketing,Workhorse Marketing,Advertising & Marketing,Austin
,,,,3473.0,https://www.inc.com/profile/revio,Rev.io,Software,Atlanta
,,,,3474.0,https://www.inc.com/profile/profit-advisory-group,Profit Advisory Group,Telecommunications,Matthews
,,,,3475.0,https://www.inc.com/profile/viva-railings,Viva Railings,Construction,Carrollton
,,,,3476.0,https://www.inc.com/profile/vision33,Vision33,Software,Irvine
,,,,3477.0,https://www.inc.com/profile/hargrove-engineers-constructors,Hargrove Engineers + Constructors,Engineering,Mobile
,,,,3478.0,https://www.inc.com/profile/very,Very,Business Products & Services,Hixson
,,,,3479.0,https://www.inc.com/profile/kevinmurphy,Kevin.Murphy,Consumer Products & Services,Irvine
,,,,3480.0,https://www.inc.com/profile/webmechanix,WebMechanix,Advertising & Marketing,Columbia
,,,,3481.0,https://www.inc.com/profile/risk-international-services,Risk International Services,Business Products & Services,Fairlawn
,,,,3482.0,https://www.inc.com/profile/thinkshout,ThinkShout,IT System Development,Portland
,,,,3483.0,https://www.inc.com/profile/aarete,AArete,Business Products & Services,Chicago
,,,,3484.0,https://www.inc.com/profile/aeroflow-healthcare,Aeroflow Healthcare,Health,Asheville
,,,,3485.0,https://www.inc.com/profile/softdocs,Softdocs,Software,Columbia
,,,,3486.0,https://www.inc.com/profile/liberty-post,Liberty POST,Health,Syracuse
,,,,3487.0,https://www.inc.com/profile/ultimovaluecom,ULTIMOVALUE.COM,Consumer Products & Services,Poway
,,,,3488.0,https://www.inc.com/profile/foundant-technologies,Foundant Technologies,Software,Bozeman
,,,,3489.0,https://www.inc.com/profile/norcal-ambulance,NorCal Ambulance,Health,Livermore
,,,,3490.0,https://www.inc.com/profile/1point21-interactive,1Point21 Interactive,Advertising & Marketing,San Diego
,,,,3491.0,https://www.inc.com/profile/sportique,Sportique,Retail,San Francisco
,,,,3492.0,https://www.inc.com/profile/winslow-technology-group,Winslow Technology Group,IT Management,Waltham
,,,,3493.0,https://www.inc.com/profile/persons-services-corp,Persons Services Corp,Construction,Mobile
,,,,3494.0,https://www.inc.com/profile/db-services,DB Services,Software,Indianapolis
,,,,3495.0,https://www.inc.com/profile/wonita-international,Wonita International,Consumer Products & Services,SAN JOSE
,,,,3496.0,https://www.inc.com/profile/pure-group-of-insurance-companies,PURE Group of Insurance Companies,Insurance,White Plains
,,,,3497.0,https://www.inc.com/profile/jakt,Jakt,IT System Development,New York
,,,,3498.0,https://www.inc.com/profile/relationship-one,Relationship One,Advertising & Marketing,Minneapolis
,,,,3499.0,https://www.inc.com/profile/plasticard-locktech-international,Plasticard Locktech International,Manufacturing,North Las Vegas
,,,,3500.0,https://www.inc.com/profile/koch,Koch,Government Services,PENN VALLEY
,,,,3501.0,https://www.inc.com/profile/loaddelivered,LoadDelivered,Logistics & Transportation,Chicago
,,,,3502.0,https://www.inc.com/profile/prepnow,PrepNow,Education,Boston
,,,,3503.0,https://www.inc.com/profile/orange-aluminum,Orange Aluminum,Construction,Laguna Niguel
,,,,3504.0,https://www.inc.com/profile/919-marketing,919 Marketing,Advertising & Marketing,Holly Springs
,,,,3505.0,https://www.inc.com/profile/clean-fuels-national,Clean Fuels National,Environmental Services,Petroleum
,,,,3506.0,https://www.inc.com/profile/supply-solutions,Supply Solutions,Business Products & Services,Cerritos
,,,,3507.0,https://www.inc.com/profile/3sixty-integrated,3Sixty Integrated,Security,San Antonio
,,,,3508.0,https://www.inc.com/profile/moda-light,Moda Light,Manufacturing,Las Vegas
,,,,3509.0,https://www.inc.com/profile/wheelsonsite-usa,WheelsOnsite USA,Business Products & Services,Sterling
,,,,3510.0,https://www.inc.com/profile/gn-insurance,G&N Insurance,Insurance,Southborough
,,,,3511.0,https://www.inc.com/profile/walton-contractors,Walton Contractors,Construction,Berwyn
,,,,3512.0,https://www.inc.com/profile/sellmark,Sellmark,Consumer Products & Services,Mansfield
,,,,3513.0,https://www.inc.com/profile/fulcrum-digital,Fulcrum Digital,IT System Development,Jersey City
,,,,3514.0,https://www.inc.com/profile/eagle-business-credit,Eagle Business Credit,Financial Services,Woodstock
,,,,3515.0,https://www.inc.com/profile/firstlight-homecare-franchising,FirstLight HomeCare Franchising,Health,Cincinnnati
,,,,3516.0,https://www.inc.com/profile/stryker-construction,Stryker Construction,Construction,St. Louis
,,,,3517.0,https://www.inc.com/profile/the-quintin-group-@-keller-williams,The Quintin Group @ Keller Williams,Real Estate,Ocean City
,,,,3518.0,https://www.inc.com/profile/zensa,Zensa,IT Management,Redmond
,,,,3519.0,https://www.inc.com/profile/contract-exteriors,Contract Exteriors,Construction,MURRELLS INLET
,,,,3520.0,https://www.inc.com/profile/hayden-outdoors,Hayden Outdoors,Real Estate,Windsor
,,,,3521.0,https://www.inc.com/profile/reliable-staffing-services,Reliable Staffing Services,Human Resources,Jackson
,,,,3522.0,https://www.inc.com/profile/elite-auctions,Elite Auctions,Real Estate,Naples
,,,,3523.0,https://www.inc.com/profile/rugo-machine-shop-services,Rugo Machine Shop Services,Manufacturing,Phoenix
,,,,3524.0,https://www.inc.com/profile/metronome,Metronome,Government Services,Fairfax
,,,,3525.0,https://www.inc.com/profile/yapstone,YapStone,Financial Services,Walnut Creek
,,,,3526.0,https://www.inc.com/profile/swampfox-technologies,Swampfox Technologies,Telecommunications,Columbia
,,,,3527.0,https://www.inc.com/profile/fire-equipment,Fire Equipment,Construction,MEDFORD
,,,,3528.0,https://www.inc.com/profile/blink-ux,Blink UX,Business Products & Services,Seattle
,,,,3529.0,https://www.inc.com/profile/ctc-events-and-productions,CTC Events and Productions,Travel & Hospitality,Fairfax
,,,,3530.0,https://www.inc.com/profile/ice-now,Ice Now,Manufacturing,Phoenix
,,,,3531.0,https://www.inc.com/profile/new-law-business-model,New Law Business Model,Education,Renson
,,,,3532.0,https://www.inc.com/profile/49er-communications,49er Communications,Telecommunications,Nevada City
,,,,3533.0,https://www.inc.com/profile/cache-private-capital,Cache Private Capital,Financial Services,Lehi
,,,,3534.0,https://www.inc.com/profile/odw-logistics-transportation-services,ODW Logistics & Transportation Services,Logistics & Transportation,HAMILTON
,,,,3535.0,https://www.inc.com/profile/web-river-group,Web River Group,Retail,Tampa
,,,,3536.0,https://www.inc.com/profile/steele-freeman-construction-managers,Steele & Freeman Construction Managers,Construction,Fort Worth
,,,,3537.0,https://www.inc.com/profile/momentum-factor,Momentum Factor,Software,Austin
,,,,3538.0,https://www.inc.com/profile/hoyos-consulting,Hoyos Consulting,Telecommunications,McFarland
,,,,3539.0,https://www.inc.com/profile/charles-it,Charles IT,IT Management,Middletown
,,,,3540.0,https://www.inc.com/profile/start-to-end-networks,Start to End Networks,IT Management,Vienna
,,,,3541.0,https://www.inc.com/profile/health-rehab-solutions,Health & Rehab Solutions,Health,Kalispell
,,,,3542.0,https://www.inc.com/profile/the-boss---the-builders-outlet-super-store,The BOSS - The Builders Outlet Super Store,Retail,Dallas
,,,,3543.0,https://www.inc.com/profile/camp-run-a-mutt,Camp Run-a-Mutt,Consumer Products & Services,San Diego
,,,,3544.0,https://www.inc.com/profile/sequoia-financial-group,Sequoia Financial Group,Financial Services,Akron
,,,,3545.0,https://www.inc.com/profile/boss-logistics,Boss Logistics,Logistics & Transportation,Newport
,,,,3546.0,https://www.inc.com/profile/karins-and-associates,Karins and Associates,Engineering,Newark
,,,,3547.0,https://www.inc.com/profile/nonprofit-hr-solutions,Nonprofit HR Solutions,Human Resources,Washington
,,,,3548.0,https://www.inc.com/profile/triple-crown-construction,Triple Crown Construction,Construction,Frederick
,,,,3549.0,https://www.inc.com/profile/sea-bags,Sea Bags,Business Products & Services,Portland
,,,,3550.0,https://www.inc.com/profile/jcal-holdings,JCAL Holdings,Consumer Products & Services,Delray Beach
,,,,3551.0,https://www.inc.com/profile/we-insure,We Insure,Insurance,Jacksonville
,,,,3552.0,https://www.inc.com/profile/ecomark-solar,EcoMark Solar,Energy,Denver
,,,,3553.0,https://www.inc.com/profile/tellerex,Tellerex,Business Products & Services,Marietta
,,,,3554.0,https://www.inc.com/profile/greenwich-medical-spa,Greenwich Medical Spa,Consumer Products & Services,Riverside
,,,,3555.0,https://www.inc.com/profile/walsingham-group,Walsingham Group,Government Services,Fayetteville
,,,,3556.0,https://www.inc.com/profile/solution-source,Solution Source,Construction,Plant City
,,,,3557.0,https://www.inc.com/profile/firstmile,FirstMile,Logistics & Transportation,Salt Lake City
,,,,3558.0,https://www.inc.com/profile/crescent-homes,Crescent Homes,Real Estate,Charleston
,,,,3559.0,https://www.inc.com/profile/the-branding-agency-powered-by-proforma,The Branding Agency Powered by Proforma,Business Products & Services,Richmond
,,,,3560.0,https://www.inc.com/profile/insight2profit,Insight2Profit,Business Products & Services,Cleveland
,,,,3561.0,https://www.inc.com/profile/kyber-security,Kyber Security,IT Management,Fairfield
,,,,3562.0,https://www.inc.com/profile/bases-loaded,Bases Loaded,Retail,Rancho Cordova
,,,,3563.0,https://www.inc.com/profile/occu-tec,Occu-Tec,Environmental Services,North Kansas City
,,,,3564.0,https://www.inc.com/profile/enhanced-veterans-solutions,Enhanced Veterans Solutions,Government Services,Fairfax
,,,,3565.0,https://www.inc.com/profile/checkalt,CheckAlt,Financial Services,"Los Angeles, CA 90036"
,,,,3566.0,https://www.inc.com/profile/entara,Entara,IT Management,Chicago
,,,,3567.0,https://www.inc.com/profile/hernandez-construction,Hernandez Construction,Construction,Fort Lauderdale
,,,,3568.0,https://www.inc.com/profile/optima-tax-relief,Optima Tax Relief,Financial Services,Santa Ana
,,,,3569.0,https://www.inc.com/profile/allworld-project-management,Allworld Project Management,Engineering,Memphis
,,,,3570.0,https://www.inc.com/profile/coranet,Coranet,Telecommunications,New York
,,,,3571.0,https://www.inc.com/profile/js-goray,J.S. Goray,Construction,Wauconda
,,,,3572.0,https://www.inc.com/profile/axis-global-enterprises,Axis Global Enterprises,Government Services,Virginia Beach
,,,,3573.0,https://www.inc.com/profile/louisville-geek,Louisville Geek,IT Management,Louisville
,,,,3574.0,https://www.inc.com/profile/merrimak-capital-company,Merrimak Capital Company,Financial Services,Novato
,,,,3575.0,https://www.inc.com/profile/occams-advisory,Occams Advisory,Business Products & Services,Baltimore
,,,,3576.0,https://www.inc.com/profile/dynamic-solutions-worldwide,Dynamic Solutions Worldwide,Consumer Products & Services,Milwaukee
,,,,3577.0,https://www.inc.com/profile/swag-promo,Swag Promo,Advertising & Marketing,Atlanta
,,,,3578.0,https://www.inc.com/profile/ubiquity-global-services,Ubiquity Global Services,Business Products & Services,New York
,,,,3579.0,https://www.inc.com/profile/launch-leads,Launch Leads,Business Products & Services,Salt Lake City
,,,,3580.0,https://www.inc.com/profile/skysis,Skysis,Health,Scottsdale
,,,,3581.0,https://www.inc.com/profile/polymer-solutions-international,Polymer Solutions International,Manufacturing,Newtown Square
,,,,3582.0,https://www.inc.com/profile/talroo,Talroo,Human Resources,Austin
,,,,3583.0,https://www.inc.com/profile/homestar-financial,Homestar Financial,Financial Services,Gainesville
,,,,3584.0,https://www.inc.com/profile/fuel-medical-group,Fuel Medical Group,Health,Camas
,,,,3585.0,https://www.inc.com/profile/mckee-homes,McKee Homes,Construction,Fayetteville
,,,,3586.0,https://www.inc.com/profile/tamarack-consulting,Tamarack Consulting,Software,Minneapolis
,,,,3587.0,https://www.inc.com/profile/procureability,ProcureAbility,Human Resources,Jacksonville
,,,,3588.0,https://www.inc.com/profile/exegistics,Exegistics,Logistics & Transportation,Chicago
,,,,3589.0,https://www.inc.com/profile/trabus-technologies,Trabus Technologies,Government Services,San Diego
,,,,3590.0,https://www.inc.com/profile/thorburn-associates,Thorburn Associates,Engineering,MORRISVILLE
,,,,3591.0,https://www.inc.com/profile/503-motoring,503 Motoring,Retail,Beaverton
,,,,3592.0,https://www.inc.com/profile/amr-care-group,AMR Care Group,Health,Jericho
,,,,3593.0,https://www.inc.com/profile/topright,TopRight,Advertising & Marketing,Atlanta
,,,,3594.0,https://www.inc.com/profile/cart-mart,CART MART,Retail,San Marcos
,,,,3595.0,https://www.inc.com/profile/tekstream-solutions,TekStream Solutions,IT System Development,Atlanta
,,,,3596.0,https://www.inc.com/profile/transportation-insight,Transportation Insight,Logistics & Transportation,Hickory
,,,,3597.0,https://www.inc.com/profile/graybox,GRAYBOX,Advertising & Marketing,Portland
,,,,3598.0,https://www.inc.com/profile/vector-media-group,Vector Media Group,Advertising & Marketing,New York
,,,,3599.0,https://www.inc.com/profile/applied-design,Applied Design,Advertising & Marketing,New York
,,,,3600.0,https://www.inc.com/profile/edge-financial,Edge Financial,Financial Services,Encino
,,,,3601.0,https://www.inc.com/profile/abip-cpas,ABIP CPAs,Financial Services,Houston
,,,,3602.0,https://www.inc.com/profile/5,5,Energy,Irving
,,,,3603.0,https://www.inc.com/profile/sweb-development,Sweb Development,Advertising & Marketing,San Antonio
,,,,3604.0,https://www.inc.com/profile/fidelity-partnersmedical-staffing,Fidelity PartnersMedical Staffing,Government Services,San Antonio
,,,,3605.0,https://www.inc.com/profile/superior-logistics-solutions,Superior Logistics Solutions,Logistics & Transportation,Lake Orion
,,,,3606.0,https://www.inc.com/profile/pacific-companies,Pacific Companies,Health,Aliso Viejo
,,,,3607.0,https://www.inc.com/profile/archimedia-solutions-group,Archimedia Solutions Group,Business Products & Services,Danvers
,,,,3608.0,https://www.inc.com/profile/cardata,CarData,Advertising & Marketing,Pompano Beach
,,,,3609.0,https://www.inc.com/profile/indagare-travel,Indagare Travel,Travel & Hospitality,New York
,,,,3610.0,https://www.inc.com/profile/group-benefit-services,Group Benefit Services,Insurance,Springfield
,,,,3611.0,https://www.inc.com/profile/ishir,Ishir,IT System Development,Plano
,,,,3612.0,https://www.inc.com/profile/guardian-services,Guardian Services,Business Products & Services,Dallas
,,,,3613.0,https://www.inc.com/profile/fnb-merchants,FNB Merchants,Financial Services,Nashville
,,,,3614.0,https://www.inc.com/profile/amber-green,Amber Green,Food & Beverage,Houston
,,,,3615.0,https://www.inc.com/profile/worksighted,Worksighted,IT Management,Holland
,,,,3616.0,https://www.inc.com/profile/jakes-heating-and-air-conditioning,Jake's Heating and Air Conditioning,Construction,Knightstown
,,,,3617.0,https://www.inc.com/profile/expansion-capital-group,Expansion Capital Group,Financial Services,Sioux Falls
,,,,3618.0,https://www.inc.com/profile/zefr,Zefr,Advertising & Marketing,Los Angeles
,,,,3619.0,https://www.inc.com/profile/united-fray,United Fray,Consumer Products & Services,Washington
,,,,3620.0,https://www.inc.com/profile/devine-consulting,DeVine Consulting,IT System Development,Fremont
,,,,3621.0,https://www.inc.com/profile/concierge-auctions,Concierge Auctions,Real Estate,Austin
,,,,3622.0,https://www.inc.com/profile/operative-iq-ems-technology-solutions,Operative IQ / EMS Technology Solutions,Software,Austell
,,,,3623.0,https://www.inc.com/profile/pt-solutions-physical-therapy,PT Solutions Physical Therapy,Health,Atlanta
,,,,3624.0,https://www.inc.com/profile/town-square-mortgage,Town Square Mortgage,Financial Services,Dallas
,,,,3625.0,https://www.inc.com/profile/kwikboost,KwikBoost,Manufacturing,Dallas
,,,,3626.0,https://www.inc.com/profile/orion-entrance-control,Orion Entrance Control,Manufacturing,Laconia
,,,,3627.0,https://www.inc.com/profile/a-a-plumbing,A & A Plumbing,Construction,San Antonio
,,,,3628.0,https://www.inc.com/profile/gorilla-logic,Gorilla Logic,Software,Boulder
,,,,3629.0,https://www.inc.com/profile/ariix,ARIIX,Consumer Products & Services,Bountiful
,,,,3630.0,https://www.inc.com/profile/revenuewell,RevenueWell,Software,Bannockburn
,,,,3631.0,https://www.inc.com/profile/agileengine,AgileEngine,Software,McLean
,,,,3632.0,https://www.inc.com/profile/medicone-medical-response,MedicOne Medical Response,Health,Farmers Branch
,,,,3633.0,https://www.inc.com/profile/cgs-business-solutions,CGS Business Solutions,IT Management,San Juan Capistrano
,,,,3634.0,https://www.inc.com/profile/federalconferencecom,FederalConference.com,Business Products & Services,Dumfries
,,,,3635.0,https://www.inc.com/profile/portables,Portables,Retail,Lorton
,,,,3636.0,https://www.inc.com/profile/lady-m-confections-co,Lady M Confections Co.,Food & Beverage,Long Island City
,,,,3637.0,https://www.inc.com/profile/avionte,Avionte,Human Resources,Eagan
,,,,3638.0,https://www.inc.com/profile/machinelogic,MachineLogic,IT Management,Englewood
,,,,3639.0,https://www.inc.com/profile/tropical-smoothie-cafe,Tropical Smoothie Cafe,Food & Beverage,Atlanta
,,,,3640.0,https://www.inc.com/profile/iuvo-technologies,Iuvo Technologies,IT Management,Westford
,,,,3641.0,https://www.inc.com/profile/southwest-industrial-electric,Southwest Industrial Electric,Construction,Los Angeles
,,,,3642.0,https://www.inc.com/profile/saxbys,Saxbys,Food & Beverage,Philadelphia
,,,,3643.0,https://www.inc.com/profile/firesprint,FireSprint,Consumer Products & Services,Omaha
,,,,3644.0,https://www.inc.com/profile/osm-worldwide,OSM Worldwide,Logistics & Transportation,Glendale Heights
,,,,3645.0,https://www.inc.com/profile/trusted-nurse-staffing,Trusted Nurse Staffing,Health,Buffalo
,,,,3646.0,https://www.inc.com/profile/paragon-architecture,Paragon Architecture,Business Products & Services,Springfield
,,,,3647.0,https://www.inc.com/profile/pmsquare,PMsquare,Business Products & Services,Oak Brook
,,,,3648.0,https://www.inc.com/profile/arc-contracting,ARC Contracting,Construction,Neenah
,,,,3649.0,https://www.inc.com/profile/client-savvy,Client Savvy,Business Products & Services,Raleigh
,,,,3650.0,https://www.inc.com/profile/environmental-works,Environmental Works,Environmental Services,Springfield
,,,,3651.0,https://www.inc.com/profile/1-source-business-solutions,1 Source Business Solutions,Human Resources,Midvale
,,,,3652.0,https://www.inc.com/profile/certent,Certent,Software,Roseville
,,,,3653.0,https://www.inc.com/profile/movoto,Movoto,Real Estate,San Mateo
,,,,3654.0,https://www.inc.com/profile/new-tech-solutions,New Tech Solutions,Government Services,Fremont
,,,,3655.0,https://www.inc.com/profile/netgate,Netgate,Software,Austin
,,,,3656.0,https://www.inc.com/profile/cmba-architects,CMBA Architects,Engineering,Sioux City
,,,,3657.0,https://www.inc.com/profile/tsi,TSI,IT Management,Dumfries
,,,,3658.0,https://www.inc.com/profile/apex-flooring,Apex Flooring,Construction,kent
,,,,3659.0,https://www.inc.com/profile/hr-collaborative,HR Collaborative,Human Resources,Grand Rapids
,,,,3660.0,https://www.inc.com/profile/advanced-business-solutions,Advanced Business Solutions,IT Management,Louisville
,,,,3661.0,https://www.inc.com/profile/tacg,TACG,Government Services,Beavercreek
,,,,3662.0,https://www.inc.com/profile/general-materials,General Materials,Business Products & Services,Norcross
,,,,3663.0,https://www.inc.com/profile/kingsgate-logistics,Kingsgate Logistics,Logistics & Transportation,WEST CHESTER
,,,,3664.0,https://www.inc.com/profile/mosaic451,Mosaic451,Security,Phoenix
,,,,3665.0,https://www.inc.com/profile/procare-ambulance-of-maryland,Procare Ambulance of Maryland,Health,Baltimore
,,,,3666.0,https://www.inc.com/profile/vision-wireless,Vision Wireless,Telecommunications,Augusta
,,,,3667.0,https://www.inc.com/profile/side-by-side-stuff,Side By Side Stuff,Retail,Drexel
,,,,3668.0,https://www.inc.com/profile/gds-link,GDS Link,Financial Services,Dallas
,,,,3669.0,https://www.inc.com/profile/alta-vista-technology,Alta Vista Technology,Software,Royal Oak
,,,,3670.0,https://www.inc.com/profile/coretelligent,Coretelligent,IT Management,Westwood
,,,,3671.0,https://www.inc.com/profile/peepers-by-peeperspecs,Peepers by PeeperSpecs,Consumer Products & Services,Michigan City
,,,,3672.0,https://www.inc.com/profile/tempaper,Tempaper,Consumer Products & Services,Brick
,,,,3673.0,https://www.inc.com/profile/ep-wealth-advisors,EP Wealth Advisors,Financial Services,Torrance
,,,,3674.0,https://www.inc.com/profile/corner-alliance,Corner Alliance,Government Services,Washington
,,,,3675.0,https://www.inc.com/profile/coolhaus-ice-cream,Coolhaus Ice Cream,Food & Beverage,Culver City
,,,,3676.0,https://www.inc.com/profile/qnary,Qnary,Advertising & Marketing,New York
,,,,3677.0,https://www.inc.com/profile/divisions-maintenance-group,Divisions Maintenance Group,Business Products & Services,Newport
,,,,3678.0,https://www.inc.com/profile/youdecide,YouDecide,Insurance,Duluth
,,,,3679.0,https://www.inc.com/profile/utopian-luxury-vacation-homes,Utopian Luxury Vacation Homes,Travel & Hospitality,Park City
,,,,3680.0,https://www.inc.com/profile/mainstream-electric-heating-cooling-plumbing,"Mainstream Electric, Heating, Cooling & Plumbing",Construction,Post Falls
,,,,3681.0,https://www.inc.com/profile/odyssey-logistics-technology,Odyssey Logistics & Technology,Logistics & Transportation,Danbury
,,,,3682.0,https://www.inc.com/profile/effective-spend,Effective Spend,Advertising & Marketing,Austin
,,,,3683.0,https://www.inc.com/profile/shepherd-insurance,Shepherd Insurance,Insurance,Carmel
,,,,3684.0,https://www.inc.com/profile/i-and-love-and-you,"""""""I and Love and You""""""",Consumer Products & Services,Boulder
,,,,3685.0,https://www.inc.com/profile/fastspring,FastSpring,Software,Santa Barbara
,,,,3686.0,https://www.inc.com/profile/clearinghouse-community-development-financial-institution,Clearinghouse Community Development Financial Institution,Financial Services,Lake Forest
,,,,3687.0,https://www.inc.com/profile/sherlock-services,Sherlock Services,IT Management,Barberton
,,,,3688.0,https://www.inc.com/profile/bcdvideo,BCDVideo,Security,Buffalo Grove
,,,,3689.0,https://www.inc.com/profile/atria-consulting,Atria Consulting,Human Resources,Hamilton
,,,,3690.0,https://www.inc.com/profile/optimo-information-technology,OPTiMO Information Technology,IT Management,Bloomsburg
,,,,3691.0,https://www.inc.com/profile/trademark-hardware,Trademark Hardware,Consumer Products & Services,Suffern
,,,,3692.0,https://www.inc.com/profile/confirmationcom,Confirmation.com,Financial Services,Brentwood
,,,,3693.0,https://www.inc.com/profile/kavayah-solutions,Kavayah Solutions,IT System Development,Princeton
,,,,3694.0,https://www.inc.com/profile/group-management-services,Group Management Services,Human Resources,Richfield
,,,,3695.0,https://www.inc.com/profile/chefs-depot,Chef's Depot,Business Products & Services,Monsey
,,,,3696.0,https://www.inc.com/profile/tailopezcom,TaiLopez.com,Education,West Hollywood
,,,,3697.0,https://www.inc.com/profile/90octane,90octane,Advertising & Marketing,Denver
,,,,3698.0,https://www.inc.com/profile/krilogy,Krilogy,Financial Services,St. Louis
,,,,3699.0,https://www.inc.com/profile/4ever-young-anti-aging-solutions,4Ever Young Anti Aging Solutions,Health,Boca Raton
,,,,3700.0,https://www.inc.com/profile/precise-systems,Precise Systems,Government Services,Lexington Park
,,,,3701.0,https://www.inc.com/profile/gear,Gear,Software,San Francisco
,,,,3702.0,https://www.inc.com/profile/the-dewinter-group,The DeWinter Group,Human Resources,Campbell
,,,,3703.0,https://www.inc.com/profile/coast-to-coast-pools,Coast to Coast Pools,Construction,Sarasota
,,,,3704.0,https://www.inc.com/profile/capture-higher-ed,Capture Higher Ed,Education,Louisville
,,,,3705.0,https://www.inc.com/profile/blue-coast-savings-consultants,Blue Coast Savings Consultants,Business Products & Services,Key West
,,,,3706.0,https://www.inc.com/profile/stratix-systems,Stratix Systems,IT Management,Wyomissing
,,,,3707.0,https://www.inc.com/profile/37th-parallel-properties,37th Parallel Properties,Real Estate,Richmond
,,,,3708.0,https://www.inc.com/profile/enterprise-solutions,Enterprise Solutions,Human Resources,Naperrville
,,,,3709.0,https://www.inc.com/profile/fortress-building-products,Fortress Building Products,Manufacturing,GARLAND
,,,,3710.0,https://www.inc.com/profile/pivot-international,Pivot International,Engineering,Lenexa
,,,,3711.0,https://www.inc.com/profile/bhgre-homecity,Bhgre Homecity,Real Estate,San Antonio
,,,,3712.0,https://www.inc.com/profile/wodify-technologies,Wodify Technologies,Software,Philadelphia
,,,,3713.0,https://www.inc.com/profile/supply-chain-wizard,Supply Chain Wizard,Business Products & Services,Princeton
,,,,3714.0,https://www.inc.com/profile/w2o-group,W2O Group,Advertising & Marketing,San Francisco
,,,,3715.0,https://www.inc.com/profile/logic2020,Logic20/20,Business Products & Services,Seattle
,,,,3716.0,https://www.inc.com/profile/tachyon-technologies,Tachyon Technologies,IT System Development,Irving
,,,,3717.0,https://www.inc.com/profile/its,ITS,Logistics & Transportation,Chandler
,,,,3718.0,https://www.inc.com/profile/serve-first-solutions,Serve First Solutions,Financial Services,Los Alamitos
,,,,3719.0,https://www.inc.com/profile/teguar-corporation,Teguar Corporation,Computer Hardware,Charlotte
,,,,3720.0,https://www.inc.com/profile/progressive-dental,Progressive Dental,Advertising & Marketing,CLEARWATER
,,,,3721.0,https://www.inc.com/profile/resicon,Resicon,Construction,Tacoma
,,,,3722.0,https://www.inc.com/profile/eo-products,EO Products,Consumer Products & Services,San Rafael
,,,,3723.0,https://www.inc.com/profile/vyne,Vyne,Health,Dunwoody
,,,,3724.0,https://www.inc.com/profile/northwest-green-solutions,Northwest Green Solutions,Consumer Products & Services,Medford
,,,,3725.0,https://www.inc.com/profile/greenville-avenue-pizza-company,Greenville Avenue Pizza Company,Food & Beverage,Dallas
,,,,3726.0,https://www.inc.com/profile/accusource,AccuSource,Business Products & Services,Corona
,,,,3727.0,https://www.inc.com/profile/equian,Equian,Health,Indianapolis
,,,,3728.0,https://www.inc.com/profile/beyond20,Beyond20,IT Management,Scottsdale
,,,,3729.0,https://www.inc.com/profile/rhythmic-technologies,Rhythmic Technologies,IT System Development,Sterling
,,,,3730.0,https://www.inc.com/profile/sequoia-holdings,SEQUOIA HOLDINGS,IT System Development,Reston
,,,,3731.0,https://www.inc.com/profile/sendero,Sendero,Business Products & Services,Dallas
,,,,3732.0,https://www.inc.com/profile/mobomo,Mobomo,IT System Development,Vienna
,,,,3733.0,https://www.inc.com/profile/everyaction,EveryAction,Software,Washington
,,,,3734.0,https://www.inc.com/profile/vergent-lms,Vergent LMS,Software,Ridgeland
,,,,3735.0,https://www.inc.com/profile/service-express,Service Express,IT Management,Grand Rapids
,,,,3736.0,https://www.inc.com/profile/cerebra-consulting,Cerebra Consulting,Software,Malvern
,,,,3737.0,https://www.inc.com/profile/fathom-4,Fathom 4,Government Services,Charleston
,,,,3738.0,https://www.inc.com/profile/97th-floor,97th Floor,Advertising & Marketing,Lehi
,,,,3739.0,https://www.inc.com/profile/tranquility-dental-wellness-center,Tranquility Dental Wellness Center,Health,Lacey
,,,,3740.0,https://www.inc.com/profile/mullin,Mullin,Construction,St. Rose
,,,,3741.0,https://www.inc.com/profile/solodev,Solodev,Software,Orlando
,,,,3742.0,https://www.inc.com/profile/coopers-hawk-winery-restaurants,Cooper's Hawk Winery & Restaurants,Food & Beverage,Downers Grove
,,,,3743.0,https://www.inc.com/profile/alorica,Alorica,Business Products & Services,Irvine
,,,,3744.0,https://www.inc.com/profile/chandra-technologies,Chandra Technologies,Government Services,Madison
,,,,3745.0,https://www.inc.com/profile/thrive-consulting,Thrive Consulting,Business Products & Services,Atlanta
,,,,3746.0,https://www.inc.com/profile/mansari,Mansari,Consumer Products & Services,Tampa
,,,,3747.0,https://www.inc.com/profile/novus-architects,Novus Architects,Construction,mount pleasant
,,,,3748.0,https://www.inc.com/profile/seer-interactive,Seer Interactive,Advertising & Marketing,Philadelphia
,,,,3749.0,https://www.inc.com/profile/360-payments,360 Payments,Financial Services,Campbell
,,,,3750.0,https://www.inc.com/profile/inspira-marketing,Inspira Marketing,Advertising & Marketing,Norwalk
,,,,3751.0,https://www.inc.com/profile/the-braun-agency,The Braun Agency,Insurance,Virginia Beach
,,,,3752.0,https://www.inc.com/profile/the-siegfried-group,The Siegfried Group,Financial Services,Wilmington
,,,,3753.0,https://www.inc.com/profile/opus-interactive,Opus Interactive,IT Management,Hillsboro
,,,,3754.0,https://www.inc.com/profile/primary-wave-media,Primary Wave Media,Advertising & Marketing,Pleasantville
,,,,3755.0,https://www.inc.com/profile/exbabylon-it-solutions,Exbabylon IT Solutions,IT Management,Newport
,,,,3756.0,https://www.inc.com/profile/tgg-accounting,TGG Accounting,Financial Services,San Diego
,,,,3757.0,https://www.inc.com/profile/altexsoft,AltexSoft,IT System Development,Carlsbad
,,,,3758.0,https://www.inc.com/profile/lincoln-security-services,Lincoln Security Services,Security,Chicago
,,,,3759.0,https://www.inc.com/profile/zogics,Zogics,Health,Lenox
,,,,3760.0,https://www.inc.com/profile/logical-media-group,Logical Media Group,Advertising & Marketing,Chicago
,,,,3761.0,https://www.inc.com/profile/tjfact,Tjfact,Government Services,Atlanta
,,,,3762.0,https://www.inc.com/profile/netreo,Netreo,Software,Irvine
,,,,3763.0,https://www.inc.com/profile/worcester-companies,Worcester Companies,Real Estate,Kansas City
,,,,3764.0,https://www.inc.com/profile/trowbridge-trowbridge,Trowbridge & Trowbridge,Government Services,McLean
,,,,3765.0,https://www.inc.com/profile/ipower-technologies,iPower Technologies,IT Management,Boca Raton
,,,,3766.0,https://www.inc.com/profile/atlas-insurance-brokers,Atlas Insurance Brokers,Insurance,Rochester
,,,,3767.0,https://www.inc.com/profile/truland-homes,Truland Homes,Real Estate,Spanish Fort
,,,,3768.0,https://www.inc.com/profile/municibid,Municibid,Government Services,Philadelphia
,,,,3769.0,https://www.inc.com/profile/clear-resolution,Clear Resolution,Government Services,Baltimore
,,,,3770.0,https://www.inc.com/profile/evoke-brand-strategies,Evoke Brand Strategies,Advertising & Marketing,Madison
,,,,3771.0,https://www.inc.com/profile/sun-solar,Sun Solar,Energy,Springfield
,,,,3772.0,https://www.inc.com/profile/coadvantage,CoAdvantage,Human Resources,Tampa
,,,,3773.0,https://www.inc.com/profile/monitorscom,Monitors.com,Health,Houston
,,,,3774.0,https://www.inc.com/profile/sms-lodging,SMS Lodging,Real Estate,Miami
,,,,3775.0,https://www.inc.com/profile/selling-simplified,Selling Simplified,Advertising & Marketing,Greenwood Village
,,,,3776.0,https://www.inc.com/profile/enlinx,Enlinx,Logistics & Transportation,Salt Lake City
,,,,3777.0,https://www.inc.com/profile/bigcommerce,Bigcommerce,Software,Austin
,,,,3778.0,https://www.inc.com/profile/digital-boardwalk,Digital Boardwalk,IT Management,Pensacola
,,,,3779.0,https://www.inc.com/profile/innovative-business-solutions,Innovative Business Solutions,Telecommunications,Castle Rock
,,,,3780.0,https://www.inc.com/profile/banyan-technology,Banyan Technology,Logistics & Transportation,Westlake
,,,,3781.0,https://www.inc.com/profile/lizzy-lift,Lizzy Lift,Construction,Elmhurst
,,,,3782.0,https://www.inc.com/profile/vital-edge-solutions,Vital Edge Solutions,IT System Development,Fairfax
,,,,3783.0,https://www.inc.com/profile/tribal-tech,Tribal Tech,Government Services,Alexandria
,,,,3784.0,https://www.inc.com/profile/daprile-properties,D'Aprile Properties,Real Estate,Chicago
,,,,3785.0,https://www.inc.com/profile/infomatics,Infomatics,IT Management,Farmington Hills
,,,,3786.0,https://www.inc.com/profile/infoready,InfoReady,Software,Ann Arbor
,,,,3787.0,https://www.inc.com/profile/general-informatics,General Informatics,IT Management,Baton Rouge
,,,,3788.0,https://www.inc.com/profile/true-builders,True Builders,Construction,Plant City
,,,,3789.0,https://www.inc.com/profile/natran,Natran,Consumer Products & Services,Houston
,,,,3790.0,https://www.inc.com/profile/cuddle-clones,Cuddle Clones,Consumer Products & Services,Louisville
,,,,3791.0,https://www.inc.com/profile/on-partners,ON Partners,Human Resources,Hudson
,,,,3792.0,https://www.inc.com/profile/roundstone,Roundstone,Insurance,Lakewood
,,,,3793.0,https://www.inc.com/profile/first-centennial-mortgage,First Centennial Mortgage,Financial Services,Aurora
,,,,3794.0,https://www.inc.com/profile/sunset-transportation,Sunset Transportation,Logistics & Transportation,St. Louis
,,,,3795.0,https://www.inc.com/profile/trafficsafetystorecom,TrafficSafetyStore.com,Manufacturing,West Chester
,,,,3796.0,https://www.inc.com/profile/pj-wallbank-springs,P.J. Wallbank Springs,Manufacturing,Port Huron
,,,,3797.0,https://www.inc.com/profile/inteletech-global,Inteletech Global,IT Management,Altamonte Springs
,,,,3798.0,https://www.inc.com/profile/synergy-comp-insurance-company,Synergy Comp Insurance Company,Insurance,Sharon
,,,,3799.0,https://www.inc.com/profile/proactive-technologies,Proactive Technologies,IT Management,New York
,,,,3800.0,https://www.inc.com/profile/computech-city,CompuTech City,IT Management,Longwood
,,,,3801.0,https://www.inc.com/profile/proforma-gps-global-promotional-sourcing,Proforma GPS Global Promotional Sourcing,Business Products & Services,Las Vegas
,,,,3802.0,https://www.inc.com/profile/pediatric-home-healthcare,Pediatric Home Healthcare,Health,Dallas
,,,,3803.0,https://www.inc.com/profile/rapid-web-services,Rapid Web Services,Security,SAINT PETERSBURG
,,,,3804.0,https://www.inc.com/profile/goodzer,Goodzer,Advertising & Marketing,Reston
,,,,3805.0,https://www.inc.com/profile/automated-systems-design,Automated Systems Design,IT Management,Alpharetta
,,,,3806.0,https://www.inc.com/profile/spectrio,Spectrio,Advertising & Marketing,Oldsmar
,,,,3807.0,https://www.inc.com/profile/buildingstars-of-charlotte,Buildingstars of Charlotte,Business Products & Services,Charlotte
,,,,3808.0,https://www.inc.com/profile/onq-solutions,OnQ Solutions,Business Products & Services,Hayward
,,,,3809.0,https://www.inc.com/profile/resource-pro,ReSource Pro,Insurance,New York
,,,,3810.0,https://www.inc.com/profile/ques-industries,Ques Industries,Manufacturing,Cleveland
,,,,3811.0,https://www.inc.com/profile/titan-growth,Titan Growth,Advertising & Marketing,San Diego
,,,,3812.0,https://www.inc.com/profile/in-time-tec,In Time Tec,Software,Meridian
,,,,3813.0,https://www.inc.com/profile/cast-aluminum-solutions,Cast Aluminum Solutions,Manufacturing,Batavia
,,,,3814.0,https://www.inc.com/profile/gadellnet-technology-solutions,GadellNet Technology Solutions,IT Management,St. Louis
,,,,3815.0,https://www.inc.com/profile/iventure-solutions,iVenture Solutions,IT Management,Jacksonville
,,,,3816.0,https://www.inc.com/profile/russell-cellular,Russell Cellular,Retail,Battlefield
,,,,3817.0,https://www.inc.com/profile/dp-electric,DP Electric,Construction,Tempe
,,,,3818.0,https://www.inc.com/profile/strategic-hr,strategic HR,Human Resources,Cincinnati
,,,,3819.0,https://www.inc.com/profile/coherent-solutions,Coherent Solutions,Software,St. Louis Park
,,,,3820.0,https://www.inc.com/profile/hightowers-petroleum-company,Hightowers Petroleum Company,Energy,Middletown
,,,,3821.0,https://www.inc.com/profile/percepture,Percepture,Advertising & Marketing,Branchburg
,,,,3822.0,https://www.inc.com/profile/accelhrate,AccelHRate,Human Resources,Herndon
,,,,3823.0,https://www.inc.com/profile/dutch-country-living,Dutch Country Living,Retail,BLOOMFIELD
,,,,3824.0,https://www.inc.com/profile/hanapin-marketing,Hanapin Marketing,Advertising & Marketing,Bloomington
,,,,3825.0,https://www.inc.com/profile/abadie-williams,Abadie-Williams,Engineering,Metairie
,,,,3826.0,https://www.inc.com/profile/realjoy-vacations,RealJoy Vacations,Real Estate,Destin
,,,,3827.0,https://www.inc.com/profile/kw-property-management-consulting,KW Property Management & Consulting,Real Estate,Miami
,,,,3828.0,https://www.inc.com/profile/upclear,UpClear,Software,New York
,,,,3829.0,https://www.inc.com/profile/patrick-accounting-and-tax-services-pllc,Patrick Accounting and Tax Services,Financial Services,Memphis
,,,,3830.0,https://www.inc.com/profile/altavista-strategic-partners,AltaVista Strategic Partners,Advertising & Marketing,Glen Burnie
,,,,3831.0,https://www.inc.com/profile/ryan-gootee-general-contractors,Ryan Gootee General Contractors,Construction,Metairie
,,,,3832.0,https://www.inc.com/profile/schaumburg-specialties,Schaumburg Specialties,Manufacturing,Schaumberg
,,,,3833.0,https://www.inc.com/profile/cross-country-home-services,Cross Country Home Services,Insurance,Boca Raton
,,,,3834.0,https://www.inc.com/profile/taoti-creative,Taoti Creative,Advertising & Marketing,Washington
,,,,3835.0,https://www.inc.com/profile/tenon-tours,Tenon Tours,Travel & Hospitality,Wakefield
,,,,3836.0,https://www.inc.com/profile/peoples-company,Peoples Company,Real Estate,Clive
,,,,3837.0,https://www.inc.com/profile/point-of-rental-software,Point of Rental Software,Software,Grand Prairie
,,,,3838.0,https://www.inc.com/profile/reliant-funding,Reliant Funding,Financial Services,San Diego
,,,,3839.0,https://www.inc.com/profile/kung-fu-tea,Kung Fu Tea,Food & Beverage,New York
,,,,3840.0,https://www.inc.com/profile/onsite-fleet,OnSite Fleet,Logistics & Transportation,Franklin
,,,,3841.0,https://www.inc.com/profile/schox-professional,Schox Patent Group,Business Products & Services,San Francisco
,,,,3842.0,https://www.inc.com/profile/trapp-technology,Trapp Technology,IT Management,Phoenix
,,,,3843.0,https://www.inc.com/profile/inseption-group,inSeption Group,Business Products & Services,Lansdale
,,,,3844.0,https://www.inc.com/profile/firehook,Firehook,Food & Beverage,Chantilly
,,,,3845.0,https://www.inc.com/profile/flywheel-brands,Flywheel Brands,Advertising & Marketing,hixson
,,,,3846.0,https://www.inc.com/profile/badass-brand,Badass Brand,Consumer Products & Services,El Dorado Hills
,,,,3847.0,https://www.inc.com/profile/carahsoft-technology,Carahsoft Technology,Government Services,Reston
,,,,3848.0,https://www.inc.com/profile/aurora-imaging-company,Aurora Imaging Company,Media,Conshohocken
,,,,3849.0,https://www.inc.com/profile/gilmore-solutions,Gilmore Solutions,IT Management,Sterling
,,,,3850.0,https://www.inc.com/profile/capital-edge-consulting,Capital Edge Consulting,Government Services,McLean
,,,,3851.0,https://www.inc.com/profile/roadway-moving-company,Roadway Moving Company,Consumer Products & Services,New York
,,,,3852.0,https://www.inc.com/profile/synchrogistics,Synchrogistics,Logistics & Transportation,Raleigh
,,,,3853.0,https://www.inc.com/profile/talteam,TalTeam,IT System Development,Herndon
,,,,3854.0,https://www.inc.com/profile/memoryblue,memoryBlue,Business Products & Services,Tysons
,,,,3855.0,https://www.inc.com/profile/tier1,TiER1,Business Products & Services,Covington
,,,,3856.0,https://www.inc.com/profile/vcore-technology-partners,vCORE Technology Partners,IT Management,Scottsdale
,,,,3857.0,https://www.inc.com/profile/lithko-contracting,Lithko Contracting,Construction,West Chester
,,,,3858.0,https://www.inc.com/profile/captech-ventures,CapTech Ventures,IT Management,Richmond
,,,,3859.0,https://www.inc.com/profile/best-practice-energy,Best Practice Energy,Energy,Wakefield
,,,,3860.0,https://www.inc.com/profile/managed-care-advisors,Managed Care Advisors,Health,Bethesda
,,,,3861.0,https://www.inc.com/profile/donaldson-plastic-surgery,Donaldson Plastic Surgery,Health,Dublin
,,,,3862.0,https://www.inc.com/profile/yepremyan-law-firm,Yepremyan Law Firm,Business Products & Services,Sherman Oaks
,,,,3863.0,https://www.inc.com/profile/meshr,MESH(r),Advertising & Marketing,Baton Rouge
,,,,3864.0,https://www.inc.com/profile/pedigree-technologies,Pedigree Technologies,Software,Fargo
,,,,3865.0,https://www.inc.com/profile/aligned-technology-solutions,Aligned Technology Solutions,IT Management,Alexandria
,,,,3866.0,https://www.inc.com/profile/aoa,AOA,Travel & Hospitality,Winter Park
,,,,3867.0,https://www.inc.com/profile/enstoa,Enstoa,Business Products & Services,New York
,,,,3868.0,https://www.inc.com/profile/aduro,Aduro,Health,Redmond
,,,,3869.0,https://www.inc.com/profile/profuse-solutions,Profuse Solutions,IT Management,Walnut
,,,,3870.0,https://www.inc.com/profile/cwdl-cpas,CWDL CPAs,Financial Services,San Diego
,,,,3871.0,https://www.inc.com/profile/restoration-cleaners,Restoration Cleaners,Environmental Services,Houston
,,,,3872.0,https://www.inc.com/profile/mrg-construction-management,MRG Construction Management,Construction,Peabody
,,,,3873.0,https://www.inc.com/profile/zters,Zters,Environmental Services,Houston
,,,,3874.0,https://www.inc.com/profile/ideatek-telcom,IdeaTek Telcom,Telecommunications,Buhler
,,,,3875.0,https://www.inc.com/profile/daysmart-software,DaySmart Software,Software,Ann Arbor
,,,,3876.0,https://www.inc.com/profile/global-tee,Global Tee,Retail,Grand Rapids
,,,,3877.0,https://www.inc.com/profile/canal-capital-management,Canal Capital Management,Financial Services,Richmond
,,,,3878.0,https://www.inc.com/profile/talentlaunch,TalentLaunch,Human Resources,Independence
,,,,3879.0,https://www.inc.com/profile/techstar-group,TechStar Group,IT System Development,Irving
,,,,3880.0,https://www.inc.com/profile/als-complete-lawn-care,Al's Complete Lawn Care,Construction,Lexington
,,,,3881.0,https://www.inc.com/profile/deangelis-diamond,DeAngelis Diamond,Construction,Naples
,,,,3882.0,https://www.inc.com/profile/g2-revolution,g2 Revolution,Environmental Services,Lake in the Hills
,,,,3883.0,https://www.inc.com/profile/cmms-data-group,CMMS Data Group,Software,Chicago
,,,,3884.0,https://www.inc.com/profile/soccer-shots-franchising,Soccer Shots Franchising,Consumer Products & Services,Middletown
,,,,3885.0,https://www.inc.com/profile/multifamily-utility-company,Multifamily Utility Company,Financial Services,San Diego
,,,,3886.0,https://www.inc.com/profile/virtex-enterprises,VirTex Enterprises,Manufacturing,Austin
,,,,3887.0,https://www.inc.com/profile/rentwerx-property-management,RentWerx Property Management,Real Estate,San Antonio
,,,,3888.0,https://www.inc.com/profile/360-blue,360 Blue,Travel & Hospitality,Santa Rosa Beach
,,,,3889.0,https://www.inc.com/profile/inwhatlanguage,inWhatLanguage,Software,Salt Lake City
,,,,3890.0,https://www.inc.com/profile/growthforce,GrowthForce,Business Products & Services,Kingwood
,,,,3891.0,https://www.inc.com/profile/optizmo-technologies,Optizmo Technologies,Software,Austin
,,,,3892.0,https://www.inc.com/profile/legalease,LegalEASE,Insurance,Houston
,,,,3893.0,https://www.inc.com/profile/beck-partners,Beck Partners,Real Estate,Pensacola
,,,,3894.0,https://www.inc.com/profile/mcallen-valley-roofing,McAllen Valley Roofing,Construction,McAllen
,,,,3895.0,https://www.inc.com/profile/corp2000,Corp2000,Business Products & Services,Sacramento
,,,,3896.0,https://www.inc.com/profile/apex-recovery,APEX Recovery,Health,San Diego
,,,,3897.0,https://www.inc.com/profile/sej-services,SEJ Services,Business Products & Services,Mt. Pleasant
,,,,3898.0,https://www.inc.com/profile/unanet,Unanet,Software,Sterling
,,,,3899.0,https://www.inc.com/profile/cheba-hut-toasted-subs,Cheba Hut Toasted Subs,Food & Beverage,Ft Collins
,,,,3900.0,https://www.inc.com/profile/fireking-baking-company,Fireking Baking Company,Food & Beverage,BRAINTREE
,,,,3901.0,https://www.inc.com/profile/watchguard-video,WatchGuard Video,Manufacturing,Allen
,,,,3902.0,https://www.inc.com/profile/land-design-studio,Land design studio,Construction,Blauvelt
,,,,3903.0,https://www.inc.com/profile/tribalvision,TribalVision,Advertising & Marketing,Warwick
,,,,3904.0,https://www.inc.com/profile/mammoth,Mammoth,Human Resources,Portland
,,,,3905.0,https://www.inc.com/profile/jade-global,Jade Global,IT Management,San Jose
,,,,3906.0,https://www.inc.com/profile/synergen-health,Synergen Health,Health,Dallas
,,,,3907.0,https://www.inc.com/profile/black-haak-heating,Black-Haak Heating,Construction,Greenville
,,,,3908.0,https://www.inc.com/profile/code42,Code42,Software,Minneapolis
,,,,3909.0,https://www.inc.com/profile/kcl-engineering,KCL Engineering,Engineering,West Des Moines
,,,,3910.0,https://www.inc.com/profile/amtel,Amtel,Retail,Grapevine
,,,,3911.0,https://www.inc.com/profile/koncept-events,Koncept Events,Travel & Hospitality,Fort Lauderdale
,,,,3912.0,https://www.inc.com/profile/techop-solutions-international,TechOp Solutions International,Government Services,Stafford
,,,,3913.0,https://www.inc.com/profile/infinite-resource-solutions,Infinite Resource Solutions,IT Management,Woodstock
,,,,3914.0,https://www.inc.com/profile/tusk-enterprises,Tusk Enterprises,Health,Arlington
,,,,3915.0,https://www.inc.com/profile/srs-distribution,SRS Distribution,Consumer Products & Services,McKinney
,,,,3916.0,https://www.inc.com/profile/strong-smiles-dental-care,Strong Smiles Dental Care,Health,Edgewater
,,,,3917.0,https://www.inc.com/profile/mm-productions-usa,M&M Productions USA,Business Products & Services,Oak Ridge
,,,,3918.0,https://www.inc.com/profile/safe-hiring-solutions,Safe Hiring Solutions,Security,Danville
,,,,3919.0,https://www.inc.com/profile/kms-technology,KMS Technology,IT Management,Atlanta
,,,,3920.0,https://www.inc.com/profile/worldwide-insurance-network,Worldwide Insurance Network,Insurance,Greensboro
,,,,3921.0,https://www.inc.com/profile/oakworth-capital-bank,Oakworth Capital Bank,Financial Services,Birmingham
,,,,3922.0,https://www.inc.com/profile/gilleard-dental-marketing,Gilleard Dental Marketing,Advertising & Marketing,Laguna Hills
,,,,3923.0,https://www.inc.com/profile/outer-banks-blue,Outer Banks Blue,Travel & Hospitality,Kitty Hawk
,,,,3924.0,https://www.inc.com/profile/edward-marc-brands,Edward Marc Brands,Food & Beverage,Pittsburgh
,,,,3925.0,https://www.inc.com/profile/contract-solutions,Contract Solutions,Government Services,MANASSAS
,,,,3926.0,https://www.inc.com/profile/automotive-internet-media,Automotive Internet Media,Advertising & Marketing,La Grange
,,,,3927.0,https://www.inc.com/profile/leading-edje,Leading EDJE,IT System Development,Dublin
,,,,3928.0,https://www.inc.com/profile/intact-technology,Intact Technology,IT Management,Greenbelt
,,,,3929.0,https://www.inc.com/profile/vanguard-claims-administration,Vanguard Claims Administration,Insurance,Woodbury
,,,,3930.0,https://www.inc.com/profile/nomadness,Nomadness,Travel & Hospitality,Steamboat Springs
,,,,3931.0,https://www.inc.com/profile/smarterchaoscom,SmarterChaos.com,Advertising & Marketing,Castle Rock
,,,,3932.0,https://www.inc.com/profile/converze-media-group,Converze Media Group,Advertising & Marketing,Huntington Beach
,,,,3933.0,https://www.inc.com/profile/submittable,Submittable,Software,Missoula
,,,,3934.0,https://www.inc.com/profile/peck-brothers-roofing,Peck Brothers Roofing,Construction,Elmwood Park
,,,,3935.0,https://www.inc.com/profile/whim-hospitality,Whim Hospitality,Business Products & Services,Dripping Springs
,,,,3936.0,https://www.inc.com/profile/the-clearing,The Clearing,Business Products & Services,"Washington, DC"
,,,,3937.0,https://www.inc.com/profile/lightbridge-academy,Lightbridge Academy,Consumer Products & Services,Iselin
,,,,3938.0,https://www.inc.com/profile/l37-creative,L37 Creative,Business Products & Services,Henderson
,,,,3939.0,https://www.inc.com/profile/seaway-printing-company,Seaway Printing Company,Business Products & Services,Green Bay
,,,,3940.0,https://www.inc.com/profile/1st-class-real-estate,1st Class Real Estate,Real Estate,Virginia Beach
,,,,3941.0,https://www.inc.com/profile/ims-technology-services,IMS Technology Services,Business Products & Services,Garnet Valley
,,,,3942.0,https://www.inc.com/profile/envision,Envision,Consumer Products & Services,Dubuque
,,,,3943.0,https://www.inc.com/profile/buybackworld,BuyBackWorld,Consumer Products & Services,Edgewood
,,,,3944.0,https://www.inc.com/profile/cr,C&R,Advertising & Marketing,Santa Monica
,,,,3945.0,https://www.inc.com/profile/modo-modo-agency,Modo Modo Agency,Advertising & Marketing,Atlanta
,,,,3946.0,https://www.inc.com/profile/2020-teknology,2020 Teknology,IT Services,Ashburn
,,,,3947.0,https://www.inc.com/profile/cq-fluency,CQ fluency,Business Products & Services,Hackensack
,,,,3948.0,https://www.inc.com/profile/international-voyager,International Voyager,Travel & Hospitality,Morristown
,,,,3949.0,https://www.inc.com/profile/killer-visual-strategies,Killer Visual Strategies,Advertising & Marketing,Seattle
,,,,3950.0,https://www.inc.com/profile/burgos-group,Burgos Group,Government Services,Albuquerque
,,,,3951.0,https://www.inc.com/profile/conservice,Conservice,Real Estate,River Heights
,,,,3952.0,https://www.inc.com/profile/think-company,Think Company,Business Products & Services,Conshohocken
,,,,3953.0,https://www.inc.com/profile/air-solutions-balancing,Air Solutions & Balancing,Construction,Auburn
,,,,3954.0,https://www.inc.com/profile/sterling-staffing-solutions,Sterling Staffing Solutions,Health,Sugar Land
,,,,3955.0,https://www.inc.com/profile/clinicalmind,ClinicalMind,Health,New York
,,,,3956.0,https://www.inc.com/profile/hollister-construction-services,Hollister Construction Services,Construction,Parsippany
,,,,3957.0,https://www.inc.com/profile/acacia,Acacia,Manufacturing,Porter
,,,,3958.0,https://www.inc.com/profile/rtg-medical,RTG Medical,Health,Fremont
,,,,3959.0,https://www.inc.com/profile/true-hire,True Hire,Human Resources,Uniontown
,,,,3960.0,https://www.inc.com/profile/the-purple-guys,The Purple Guys,IT Management,Kansas City
,,,,3961.0,https://www.inc.com/profile/powerdms,PowerDMS,Software,Orlando
,,,,3962.0,https://www.inc.com/profile/imageworks,ImageWorks,Advertising & Marketing,Vernon
,,,,3963.0,https://www.inc.com/profile/blast-analytics-marketing,Blast Analytics & Marketing,Advertising & Marketing,Rocklin
,,,,3964.0,https://www.inc.com/profile/emex,EMEX,Energy,Houston
,,,,3965.0,https://www.inc.com/profile/optimal-design,Optimal Design,Engineering,Arlington Heights
,,,,3966.0,https://www.inc.com/profile/the-stem,The Stem,Business Products & Services,Larchmont
,,,,3967.0,https://www.inc.com/profile/inova-payroll,Inova Payroll,Human Resources,Nashville
,,,,3968.0,https://www.inc.com/profile/universal-painting-corporation,Universal Painting Corporation,Construction,Lakeland
,,,,3969.0,https://www.inc.com/profile/congruity-hr,Congruity HR,Human Resources,Kernersville
,,,,3970.0,https://www.inc.com/profile/archer,Archer,Financial Services,Berwyn
,,,,3971.0,https://www.inc.com/profile/jacobson-strategic-communications,Jacobson Strategic Communications,Advertising & Marketing,Philadelphia
,,,,3972.0,https://www.inc.com/profile/thomsen-homes,Thomsen Homes,Construction,Fargo
,,,,3973.0,https://www.inc.com/profile/rectangle-health,Rectangle Health,Health,Valhalla
,,,,3974.0,https://www.inc.com/profile/zelis-healthcare,Zelis Healthcare,Health,Bedminster
,,,,3975.0,https://www.inc.com/profile/pax-financial-group,Pax Financial Group,Financial Services,SAN ANTONIO
,,,,3976.0,https://www.inc.com/profile/culmen-international,Culmen International,Government Services,Alexandria
,,,,3977.0,https://www.inc.com/profile/sa-photonics,SA Photonics,Government Services,Los Gatos
,,,,3978.0,https://www.inc.com/profile/saxon-global,Saxon Global,IT System Development,Irving
,,,,3979.0,https://www.inc.com/profile/amuza,Amuza,Business Products & Services,San Diego
,,,,3980.0,https://www.inc.com/profile/city-winery,City Winery,Food & Beverage,New York
,,,,3981.0,https://www.inc.com/profile/twelve-points-wealth-management,Twelve Points Wealth Management,Financial Services,Concord
,,,,3982.0,https://www.inc.com/profile/environmental-pest-management,Environmental Pest Management,Environmental Services,Westerville
,,,,3983.0,https://www.inc.com/profile/adapture,Adapture,IT Services,Norcross
,,,,3984.0,https://www.inc.com/profile/credible-behavioral-health,Credible Behavioral Health,Software,Rockville
,,,,3985.0,https://www.inc.com/profile/connecticut-sealcoating,Connecticut Sealcoating,Construction,waterbury
,,,,3986.0,https://www.inc.com/profile/us-freight,US Freight,Logistics & Transportation,rocky river
,,,,3987.0,https://www.inc.com/profile/gsi-health,GSI Health,Health,Philadelphia
,,,,3988.0,https://www.inc.com/profile/jones-sign-company,Jones Sign Company,Manufacturing,De Pere
,,,,3989.0,https://www.inc.com/profile/north-terrace-property-management,North Terrace Property Management,Real Estate,Kansas City
,,,,3990.0,https://www.inc.com/profile/thorn-pest-solutions,Thorn Pest Solutions,Business Products & Services,Pleasant Grove
,,,,3991.0,https://www.inc.com/profile/land-info-worldwide-mapping,Land Info Worldwide Mapping,Business Products & Services,Castle Pines
,,,,3992.0,https://www.inc.com/profile/triage-medical-staffing,Triage Medical Staffing,Health,Omaha
,,,,3993.0,https://www.inc.com/profile/global-data-vault,Global Data Vault,IT Services,Dallas
,,,,3994.0,https://www.inc.com/profile/boost-payment-solutions,Boost Payment Solutions,Financial Services,New York
,,,,3995.0,https://www.inc.com/profile/smart-chemical-services,Smart Chemical Services,Energy,Amarillo
,,,,3996.0,https://www.inc.com/profile/kanda-software,Kanda Software,Software,Newton
,,,,3997.0,https://www.inc.com/profile/tender-belly,Tender Belly,Food & Beverage,Denver
,,,,3998.0,https://www.inc.com/profile/red-group,RED Group,Engineering,New Orleans
,,,,3999.0,https://www.inc.com/profile/syncshow,SyncShow,Advertising & Marketing,Rocky River
,,,,4000.0,https://www.inc.com/profile/access-information-management,Access Information Management,IT Management,Woburn
,,,,4001.0,https://www.inc.com/profile/nfi-industries,NFI Industries,Logistics & Transportation,Cher
,,,,4002.0,https://www.inc.com/profile/referralexchange,ReferralExchange,Real Estate,San Francisco
,,,,4003.0,https://www.inc.com/profile/mindgrub-technologies,Mindgrub Technologies,Software,Baltimore
,,,,4004.0,https://www.inc.com/profile/nte-energy,NTE Energy,Energy,St. Augustine
,,,,4005.0,https://www.inc.com/profile/starnes-media,Starnes Media,Media,Birmingham
,,,,4006.0,https://www.inc.com/profile/impekable,Impekable,Software,San Jose
,,,,4007.0,https://www.inc.com/profile/ccs-technology-group,CCS Technology Group,IT Management,Rolling Meadows
,,,,4008.0,https://www.inc.com/profile/trillion-technology-solutions,Trillion Technology Solutions,IT System Development,Reston
,,,,4009.0,https://www.inc.com/profile/mark-it-express,Mark-it Express,Logistics & Transportation,Lemont
,,,,4010.0,https://www.inc.com/profile/getwireless,GetWireless,Telecommunications,Eden Prairie
,,,,4011.0,https://www.inc.com/profile/rentex-audio-visual-computer-rentals,Rentex Audio Visual & Computer Rentals,Computer Hardware,Canton
,,,,4012.0,https://www.inc.com/profile/infogressive,Infogressive,Security,Lincoln
,,,,4013.0,https://www.inc.com/profile/swanktekinc,Swanktek,IT Services,Nutley
,,,,4014.0,https://www.inc.com/profile/annkissam,Annkissam,Software,Boston
,,,,4015.0,https://www.inc.com/profile/kaufman-development,Kaufman Development,Real Estate,Columbus
,,,,4016.0,https://www.inc.com/profile/tempco-glass-fabrication,Tempco Glass Fabrication,Manufacturing,Flushing
,,,,4017.0,https://www.inc.com/profile/medspeed,MedSpeed,Health,Elmhurst
,,,,4018.0,https://www.inc.com/profile/evolve-ip,Evolve IP,IT System Development,Wayne
,,,,4019.0,https://www.inc.com/profile/davenport-theatrical-enterprises,Davenport Theatrical Enterprises,Media,New York
,,,,4020.0,https://www.inc.com/profile/fractl,Fractl,Advertising & Marketing,Delray Beach
,,,,4021.0,https://www.inc.com/profile/simeio-solutions,Simeio Solutions,Security,Atlanta
,,,,4022.0,https://www.inc.com/profile/homespec-basementfix,HomeSpec BasementFix,Construction,Westland
,,,,4023.0,https://www.inc.com/profile/brilliant-ink,Brilliant Ink,Business Products & Services,New York
,,,,4024.0,https://www.inc.com/profile/smg,SMG,Health,Charleston
,,,,4025.0,https://www.inc.com/profile/clarity-partners,Clarity Partners,IT System Development,Chicago
,,,,4026.0,https://www.inc.com/profile/lewis-price-associates,Lewis-Price & Associates,Human Resources,McLean
,,,,4027.0,https://www.inc.com/profile/sceptre-hospitality-resources-shr,Sceptre Hospitality Resources (SHR),Travel & Hospitality,Houston
,,,,4028.0,https://www.inc.com/profile/intelliware,IntelliWare,Government Services,Fredericksburg
,,,,4029.0,https://www.inc.com/profile/express-logistics,Express Logistics,Logistics & Transportation,Waukee
,,,,4030.0,https://www.inc.com/profile/hostekcom,Hostek.com,IT Management,Tulsa
,,,,4031.0,https://www.inc.com/profile/exit-technologies,ExIT Technologies,Computer Hardware,Naples
,,,,4032.0,https://www.inc.com/profile/jarrett-logistics-systems,Jarrett Logistics Systems,Logistics & Transportation,Orrville
,,,,4033.0,https://www.inc.com/profile/cadenza-innovation,Cadenza Innovation,Energy,Bethel
,,,,4034.0,https://www.inc.com/profile/acuity-systems,Acuity Systems,IT System Development,Herndon
,,,,4035.0,https://www.inc.com/profile/brothers-international-desserts,Brothers International Desserts,Food & Beverage,Santa Ana
,,,,4036.0,https://www.inc.com/profile/vitality-medical,Vitality Medical,Health,COTTONWD HTS
,,,,4037.0,https://www.inc.com/profile/legitscript,LegitScript,Business Products & Services,Portland
,,,,4038.0,https://www.inc.com/profile/flores-financial-services,Flores Financial Services,Business Products & Services,Santee
,,,,4039.0,https://www.inc.com/profile/the-heyl-group-at-keller-williams,The Heyl Group at Keller Williams,Real Estate,Austin
,,,,4040.0,https://www.inc.com/profile/atis-elevator-inspections,ATIS Elevator Inspections,Business Products & Services,St. Louis
,,,,4041.0,https://www.inc.com/profile/innovative-commercial-environments,Innovative Commercial Environments,Business Products & Services,San Diego
,,,,4042.0,https://www.inc.com/profile/sonwil-distribution-and-logistics,Sonwil Distribution and Logistics,Logistics & Transportation,Buffalo
,,,,4043.0,https://www.inc.com/profile/dots,Dots,Consumer Products & Services,Brooklyn
,,,,4044.0,https://www.inc.com/profile/barrett-distribution-centers,Barrett Distribution Centers,Logistics & Transportation,Franklin
,,,,4045.0,https://www.inc.com/profile/verity-commercial,Verity Commercial,Real Estate,Reston
,,,,4046.0,https://www.inc.com/profile/bevilacqua-research,Bevilacqua Research,Government Services,Huntsville
,,,,4047.0,https://www.inc.com/profile/timos-air-conditioning-heating,Timo's Air Conditioning & Heating,Construction,Thousand Palms
,,,,4048.0,https://www.inc.com/profile/symmetrix-solutions,Symmetrix Solutions,IT Management,Greenwood Village
,,,,4049.0,https://www.inc.com/profile/wizehive,WizeHive,Software,Conshohocken
,,,,4050.0,https://www.inc.com/profile/aec-group,AEC Group,IT Services,Oakdale
,,,,4051.0,https://www.inc.com/profile/learn-on-demand-systems,Learn on Demand Systems,Business Products & Services,New Port Richey
,,,,4052.0,https://www.inc.com/profile/cenero,Cenero,Business Products & Services,Malvern
,,,,4053.0,https://www.inc.com/profile/proven-it,Proven IT,Business Products & Services,Tinley Park
,,,,4054.0,https://www.inc.com/profile/advanced-rpo,Advanced RPO,Human Resources,Chicago
,,,,4055.0,https://www.inc.com/profile/eguard-technology-services,eGuard Technology Services,IT Services,Washington
,,,,4056.0,https://www.inc.com/profile/poo~pourri,Poo~Pourri,Consumer Products & Services,Addison
,,,,4057.0,https://www.inc.com/profile/mindtouch,MindTouch,Software,San Diego
,,,,4058.0,https://www.inc.com/profile/all-about-events---jacksonville,All About Events - Jacksonville,Consumer Products & Services,Jacksonville
,,,,4059.0,https://www.inc.com/profile/makers-nutrition,Makers Nutrition,Manufacturing,HAUPPAUGE
,,,,4060.0,https://www.inc.com/profile/xtivia,Xtivia,Business Products & Services,Colorado Springs
,,,,4061.0,https://www.inc.com/profile/xtreme-xperience,Xtreme Xperience,Consumer Products & Services,Chicago
,,,,4062.0,https://www.inc.com/profile/stream-companies,Stream Companies,Advertising & Marketing,Malvern
,,,,4063.0,https://www.inc.com/profile/kendall-capital-management,Kendall Capital Management,Consumer Products & Services,ROCKVILLE
,,,,4064.0,https://www.inc.com/profile/cornerstone-wealth-management,Cornerstone Wealth Management,Financial Services,St. Louis
,,,,4065.0,https://www.inc.com/profile/candid-partners,Candid Partners,IT Management,Atlanta
,,,,4066.0,https://www.inc.com/profile/maximum-one-realty,Maximum One Realty,Real Estate,Atlanta
,,,,4067.0,https://www.inc.com/profile/stainless-steel-products,Stainless Steel products,Manufacturing,DEER PARK
,,,,4068.0,https://www.inc.com/profile/triple-j-armory,Triple J Armory,Manufacturing,Littleton
,,,,4069.0,https://www.inc.com/profile/clerestory-consulting,Clerestory Consulting,IT Management,Evanston
,,,,4070.0,https://www.inc.com/profile/cumberland-consulting-group,Cumberland Consulting Group,Health,Franklin
,,,,4071.0,https://www.inc.com/profile/servsys,Servsys,IT Management,Irving
,,,,4072.0,https://www.inc.com/profile/ppt-consulting,PPT Consulting,IT Services,Newtown Square
,,,,4073.0,https://www.inc.com/profile/allied-instructional-services,Allied Instructional Services,Education,Ashland
,,,,4074.0,https://www.inc.com/profile/procida-construction,Procida Construction,Construction,Bronx
,,,,4075.0,https://www.inc.com/profile/manufacturers-distributor,Manufacturers Distributor,Manufacturing,Odessa
,,,,4076.0,https://www.inc.com/profile/continental-mapping-consultants,Continental Mapping Consultants,Engineering,Sun Prairie
,,,,4077.0,https://www.inc.com/profile/conexus-cpa-group,CoNexus CPA Group,Financial Services,Atlanta
,,,,4078.0,https://www.inc.com/profile/isos-technology,Isos Technology,IT Services,Tempe
,,,,4079.0,https://www.inc.com/profile/mfs-supply,MFS Supply,Security,Solon
,,,,4080.0,https://www.inc.com/profile/elite-innovative-solutions,Elite Innovative Solutions,IT Management,Irving
,,,,4081.0,https://www.inc.com/profile/compressor-world,Compressor World,Business Products & Services,Plymouth
,,,,4082.0,https://www.inc.com/profile/ion-solar,ION Solar,Energy,Provo
,,,,4083.0,https://www.inc.com/profile/industrial-motor-power-coporation,Industrial Motor Power Coporation,Retail,Burbank
,,,,4084.0,https://www.inc.com/profile/sunshine-plumbing-heating-air,Sunshine Plumbing Heating Air,Construction,Henderson
,,,,4085.0,https://www.inc.com/profile/sanity-solutions,Sanity Solutions,Computer Hardware,Denver
,,,,4086.0,https://www.inc.com/profile/pipeline-equipment,Pipeline Equipment,Manufacturing,Tulsa
,,,,4087.0,https://www.inc.com/profile/iceportal,IcePortal,Advertising & Marketing,Hollywood
,,,,4088.0,https://www.inc.com/profile/lifescape-colorado,Lifescape Colorado,Construction,Denver
,,,,4089.0,https://www.inc.com/profile/acertara-acoustic-laboratories,Acertara Acoustic Laboratories,Engineering,Longmont
,,,,4090.0,https://www.inc.com/profile/graphics-and-more,Graphics and More,Retail,Rancho Cordova
,,,,4091.0,https://www.inc.com/profile/city-wide-franchise-company,City Wide Franchise Company,Business Products & Services,Lenexa
,,,,4092.0,https://www.inc.com/profile/dental-care-new-jersey,Dental Care New Jersey,Health,Somerset
,,,,4093.0,https://www.inc.com/profile/tom-drexler-plumbing-air,Tom Drexler Plumbing Air,Construction,Louisville
,,,,4094.0,https://www.inc.com/profile/pharmaceutical-strategies-group,Pharmaceutical Strategies Group,Health,Plano
,,,,4095.0,https://www.inc.com/profile/des-moines-truck-brokers,Des Moines Truck Brokers,Logistics & Transportation,Norwalk
,,,,4096.0,https://www.inc.com/profile/component-surfaces,Component Surfaces,Manufacturing,Poway
,,,,4097.0,https://www.inc.com/profile/cloud-for-good,Cloud for Good,IT Management,Asheville
,,,,4098.0,https://www.inc.com/profile/corvette-mods,Corvette Mods,Retail,Ft Worth
,,,,4099.0,https://www.inc.com/profile/threebridge-solutions,ThreeBridge Solutions,IT Services,Minneapolis
,,,,4100.0,https://www.inc.com/profile/insight-resource-group,Insight Resource Group,Advertising & Marketing,Lafayette
,,,,4101.0,https://www.inc.com/profile/freddys-frozen-custard,Freddy's Frozen Custard,Food & Beverage,Wichita
,,,,4102.0,https://www.inc.com/profile/chhj-franchising,CHHJ Franchising,Consumer Products & Services,Nashville
,,,,4103.0,https://www.inc.com/profile/endsight,Endsight,IT Management,Berkeley
,,,,4104.0,https://www.inc.com/profile/applied-educational-systems,Applied Educational Systems,Education,Lancaster
,,,,4105.0,https://www.inc.com/profile/new-vision-properties,New Vision Properties,Real Estate,Washington
,,,,4106.0,https://www.inc.com/profile/call-management-resources,Call Management Resources,Telecommunications,Grandview
,,,,4107.0,https://www.inc.com/profile/matthew-a-dickason-pc,Matthew A. Dickason,Business Products & Services,Atlanta
,,,,4108.0,https://www.inc.com/profile/tyler-petroleum,Tyler Petroleum,Retail,TYLER
,,,,4109.0,https://www.inc.com/profile/expert-computer-solutions,Expert Computer Solutions,IT Services,Houston
,,,,4110.0,https://www.inc.com/profile/venn-strategies,Venn Strategies,Business Products & Services,Washington
,,,,4111.0,https://www.inc.com/profile/blue-corona,Blue Corona,Advertising & Marketing,Gaithersburg
,,,,4112.0,https://www.inc.com/profile/terracycle,TerraCycle,Environmental Services,Trenton
,,,,4113.0,https://www.inc.com/profile/hap-investments,HAP Investments,Real Estate,New York
,,,,4114.0,https://www.inc.com/profile/big-outdoor,Big Outdoor,Advertising & Marketing,Dallas
,,,,4115.0,https://www.inc.com/profile/chhj-north-jersey,CHHJ North Jersey,Logistics & Transportation,Fairfield
,,,,4116.0,https://www.inc.com/profile/north-american-coating-laboratories,North American Coating Laboratories,Manufacturing,MENTOR
,,,,4117.0,https://www.inc.com/profile/lead-id,Lead id,Advertising & Marketing,Newport Beach
,,,,4118.0,https://www.inc.com/profile/interdev,InterDev,IT Management,Roswell
,,,,4119.0,https://www.inc.com/profile/architectural-fabrication,Architectural Fabrication,Construction,Fort Worth
,,,,4120.0,https://www.inc.com/profile/brandyourselfcom,BrandYourself.com,Software,New York
,,,,4121.0,https://www.inc.com/profile/vaco,Vaco,Human Resources,Brentwood
,,,,4122.0,https://www.inc.com/profile/cynet-systems,Cynet Systems,IT Management,Sterling
,,,,4123.0,https://www.inc.com/profile/inspired-elearning,Inspired eLearning,Education,San Antonio
,,,,4124.0,https://www.inc.com/profile/beacon-capital-management,Beacon Capital Management,Financial Services,Dayton
,,,,4125.0,https://www.inc.com/profile/element-three,Element Three,Advertising & Marketing,Indianapolis
,,,,4126.0,https://www.inc.com/profile/malwarebytes,Malwarebytes,Security,Santa Clara
,,,,4127.0,https://www.inc.com/profile/first-american-payment-systems,First American Payment Systems,Financial Services,Fort Worth
,,,,4128.0,https://www.inc.com/profile/just-right-products,Just Right Products,Manufacturing,Haltom city
,,,,4129.0,https://www.inc.com/profile/tint-world,Tint World,Retail,Boca Raton
,,,,4130.0,https://www.inc.com/profile/storage-media-group,Storage Media Group,Business Products & Services,Carlsbad
,,,,4131.0,https://www.inc.com/profile/pacific-western-painting,Pacific Western Painting,Construction,Oceanside
,,,,4132.0,https://www.inc.com/profile/power-home-remodeling,Power Home Remodeling,Construction,Chester
,,,,4133.0,https://www.inc.com/profile/international-tefl-academy,INTERNATIONAL TEFL ACADEMY,Education,Chicago
,,,,4134.0,https://www.inc.com/profile/m2-strategy,M2 Strategy,Government Services,McLean
,,,,4135.0,https://www.inc.com/profile/atlanta-communities-real-estate-brokerage,Atlanta Communities Real Estate Brokerage,Real Estate,Marietta
,,,,4136.0,https://www.inc.com/profile/saturn-tech,Saturn Tech,IT System Development,Farmington
,,,,4137.0,https://www.inc.com/profile/creditsafe-usa,Creditsafe USA,Business Products & Services,Allentown
,,,,4138.0,https://www.inc.com/profile/standard-black,Standard Black,Advertising & Marketing,Los Angeles
,,,,4139.0,https://www.inc.com/profile/triose,TRIOSE,Logistics & Transportation,Wyomissing
,,,,4140.0,https://www.inc.com/profile/long-story-short-media,Long Story Short Media,Media,Washington
,,,,4141.0,https://www.inc.com/profile/blueberry-builders,Blueberry Builders,Construction,New York
,,,,4142.0,https://www.inc.com/profile/kent-power,Kent Power,Construction,Rockford
,,,,4143.0,https://www.inc.com/profile/bws-plumbing-heating-and-air-conditioning,"BWS Plumbing, Heating and Air Conditioning",Construction,Edina
,,,,4144.0,https://www.inc.com/profile/centrify,Centrify,Software,Santa Clara
,,,,4145.0,https://www.inc.com/profile/accelerated-claims,Accelerated Claims,Financial Services,Kennesaw
,,,,4146.0,https://www.inc.com/profile/mvs,MVS,Government Services,Washington
,,,,4147.0,https://www.inc.com/profile/optconnect,OptConnect,Business Products & Services,Kaysville
,,,,4148.0,https://www.inc.com/profile/tarrytech-security,Tarrytech Security,IT Management,Elmsford
,,,,4149.0,https://www.inc.com/profile/signature-bank,Signature Bank,Financial Services,Rosemont
,,,,4150.0,https://www.inc.com/profile/entisys360,Entisys360,IT Management,Concord
,,,,4151.0,https://www.inc.com/profile/medcerts,MedCerts,Education,Livonia
,,,,4152.0,https://www.inc.com/profile/the-cydio-group,The Cydio Group,Human Resources,San Diego
,,,,4153.0,https://www.inc.com/profile/advanced-project-consulting,Advanced Project Consulting,Government Services,Warner Robins
,,,,4154.0,https://www.inc.com/profile/interlink-cloud-advisors,Interlink Cloud Advisors,IT Services,Cincinnati
,,,,4155.0,https://www.inc.com/profile/495-movers,495 Movers,Logistics & Transportation,Rockville
,,,,4156.0,https://www.inc.com/profile/natalies-orchid-island-juice-company,Natalie's Orchid Island Juice Company,Food & Beverage,Fort Pierce
,,,,4157.0,https://www.inc.com/profile/mie-solutions,MIE Solutions,Software,Garden Grove
,,,,4158.0,https://www.inc.com/profile/commerceiq,CommerceIQ,Software,Mountain View
,,,,4159.0,https://www.inc.com/profile/uptime-legal-systems,Uptime Legal Systems,IT Management,Eden Prairie
,,,,4160.0,https://www.inc.com/profile/plushnyc-post,Plushnyc Post,Media,New York
,,,,4161.0,https://www.inc.com/profile/reading-horizons,Reading Horizons,Education,Kasyville
,,,,4162.0,https://www.inc.com/profile/inscio,Inscio,Business Products & Services,Plano
,,,,4163.0,https://www.inc.com/profile/midwest-restoration,Midwest Restoration,Construction,LITTLE CHUTE
,,,,4164.0,https://www.inc.com/profile/solar-solution,Solar Solution,Energy,Washington
,,,,4165.0,https://www.inc.com/profile/vericon-construction-company,Vericon Construction Company,Construction,Mountainside
,,,,4166.0,https://www.inc.com/profile/united-medco,United Medco,Health,CORAL SPRINGS
,,,,4167.0,https://www.inc.com/profile/forrest-performance-group,Forrest Performance Group,Business Products & Services,Fort Worth
,,,,4168.0,https://www.inc.com/profile/winstons-of-northern-virginia,Winston's of Northern Virginia,Construction,Fairfax
,,,,4169.0,https://www.inc.com/profile/ahs-consulting,AHS Consulting,Logistics & Transportation,CHATTANOOGA
,,,,4170.0,https://www.inc.com/profile/zenmonics,Zenmonics,IT Management,Charlotte
,,,,4171.0,https://www.inc.com/profile/interworks,InterWorks,IT Management,Stillwater
,,,,4172.0,https://www.inc.com/profile/gemini-tech-services,Gemini Tech Services,Government Services,Willow Park
,,,,4173.0,https://www.inc.com/profile/evereve,Evereve,Retail,Edina
,,,,4174.0,https://www.inc.com/profile/pn-automation,PN Automation,Software,Baltimore
,,,,4175.0,https://www.inc.com/profile/capstone-information-technologies,Capstone Information Technologies,IT Management,Pittsford
,,,,4176.0,https://www.inc.com/profile/todays-business,Todays Business,Advertising & Marketing,Pine Brook
,,,,4177.0,https://www.inc.com/profile/creative-studio-promotions,Creative Studio Promotions,Advertising & Marketing,GRAND RAPIDS
,,,,4178.0,https://www.inc.com/profile/tapclassifieds-auto,TapClassifieds Auto,Advertising & Marketing,San Jose
,,,,4179.0,https://www.inc.com/profile/hiatus-spa-retreat,Hiatus Spa Retreat,Consumer Products & Services,Dallas
,,,,4180.0,https://www.inc.com/profile/drt-transportation,DRT Transportation,Logistics & Transportation,Lebanon
,,,,4181.0,https://www.inc.com/profile/community-association-management-company,Community Association Management Company,Real Estate,Fort Washington
,,,,4182.0,https://www.inc.com/profile/crm-passport,CRM Passport,Software,New York
,,,,4183.0,https://www.inc.com/profile/silk-worldwide,Silk Worldwide,Consumer Products & Services,Stafford
,,,,4184.0,https://www.inc.com/profile/balsam-hill,Balsam Hill,Retail,Redwood City
,,,,4185.0,https://www.inc.com/profile/pin-point-logistics,Pin-Point Logistics,Logistics & Transportation,Chicago
,,,,4186.0,https://www.inc.com/profile/anchor-distributing,Anchor Distributing,Consumer Products & Services,MENDOTA HEIGHTS
,,,,4187.0,https://www.inc.com/profile/my-shower-door-d3-glass,MY Shower Door / D3 Glass,Construction,Fort Myers
,,,,4187.0,https://www.inc.com/profile/capital-title-of-texas,Capital Title of Texas,Real Estate,Plano
,,,,4188.0,https://www.inc.com/profile/civicplus,CivicPlus,Government Services,Manhattan
,,,,4189.0,https://www.inc.com/profile/rocs-grad-staffing,ROCS Grad Staffing,Human Resources,Herndon
,,,,4190.0,https://www.inc.com/profile/nexcom,Nexcom,IT Services,Charlotte
,,,,4191.0,https://www.inc.com/profile/saalex-solutions,Saalex Solutions,Government Services,Camarillo
,,,,4192.0,https://www.inc.com/profile/apex-energy-solutions,Apex Energy Solutions,Construction,Zionsville
,,,,4193.0,https://www.inc.com/profile/berkley,Berkley,Manufacturing,Carson
,,,,4194.0,https://www.inc.com/profile/total-care-connections,Total Care Connections,Health,Mesa
,,,,4195.0,https://www.inc.com/profile/emergicon,Emergicon,Business Products & Services,Dallas
,,,,4196.0,https://www.inc.com/profile/landerholm-family-law,Landerholm Family Law,Consumer Products & Services,Portland
,,,,4197.0,https://www.inc.com/profile/itransition,Itransition,IT Management,Lakewood
,,,,4198.0,https://www.inc.com/profile/black-mountain-systems,Black Mountain Systems,Software,San Diego
,,,,4199.0,https://www.inc.com/profile/b2gnow,B2Gnow,Software,Phoenix
,,,,4200.0,https://www.inc.com/profile/torch-technologies,Torch Technologies,Government Services,Huntsville
,,,,4201.0,https://www.inc.com/profile/homelectrical,HomElectrical,Consumer Products & Services,kennesaw
,,,,4202.0,https://www.inc.com/profile/image-business-interiors,Image Business Interiors,Business Products & Services,Virginia Beach
,,,,4203.0,https://www.inc.com/profile/akuranvyka-dba,Akuranvyka DBA,Food & Beverage,San Francisco
,,,,4204.0,https://www.inc.com/profile/listrak,Listrak,Advertising & Marketing,Lititz
,,,,4205.0,https://www.inc.com/profile/it-direct,IT Direct,IT Services,West Hartford
,,,,4206.0,https://www.inc.com/profile/tk-promotions,TK Promotions,Advertising & Marketing,Glen Allen
,,,,4207.0,https://www.inc.com/profile/us-med-equip,US Med-Equip,Health,Houston
,,,,4208.0,https://www.inc.com/profile/atlantic-environmental-solutions,Atlantic Environmental Solutions,Environmental Services,Hoboken
,,,,4209.0,https://www.inc.com/profile/grasp-technologies,Grasp Technologies,Software,San Diego
,,,,4210.0,https://www.inc.com/profile/oncelogix,OnceLogix,Software,Winston Salem
,,,,4211.0,https://www.inc.com/profile/star-staffing-alpena,Star Staffing Alpena,Human Resources,Alpena
,,,,4212.0,https://www.inc.com/profile/urban-betty,Urban Betty,Retail,Austin
,,,,4213.0,https://www.inc.com/profile/boca-beauty-academy,Boca Beauty Academy,Education,Boca Raton
,,,,4214.0,https://www.inc.com/profile/glen-eagle,Glen Eagle,Financial Services,Kingston
,,,,4215.0,https://www.inc.com/profile/220-marketing-group-xurli,2:20 Marketing Group /Xurli,Advertising & Marketing,Saint George
,,,,4216.0,https://www.inc.com/profile/ob-hospitalist-group,Ob Hospitalist Group,Health,Greenville
,,,,4217.0,https://www.inc.com/profile/techcxo,TechCXO,Business Products & Services,Atlanta
,,,,4218.0,https://www.inc.com/profile/birds-barbershop,Birds Barbershop,Consumer Products & Services,Austin
,,,,4219.0,https://www.inc.com/profile/arke-systems,Arke Systems,Advertising & Marketing,Atlanta
,,,,4220.0,https://www.inc.com/profile/stomping-ground-photography,Stomping Ground Photography,Consumer Products & Services,Brooklyn
,,,,4221.0,https://www.inc.com/profile/jackrabbit-technologies,Jackrabbit Technologies,Software,Huntersville
,,,,4222.0,https://www.inc.com/profile/freight-hub-group,Freight Hub Group,Logistics & Transportation,Miami
,,,,4223.0,https://www.inc.com/profile/jonathans-grille,Jonathan's Grille,Food & Beverage,Franklin
,,,,4224.0,https://www.inc.com/profile/jones-pr,Jones PR,Advertising & Marketing,Oklahoma City
,,,,4225.0,https://www.inc.com/profile/applicantpro,ApplicantPro,Human Resources,Eagle Mountain
,,,,4226.0,https://www.inc.com/profile/open-dealer-exchange,Open Dealer Exchange,Software,Farmington Hills
,,,,4227.0,https://www.inc.com/profile/oklahoma-forge,Oklahoma Forge,Manufacturing,tulsa
,,,,4228.0,https://www.inc.com/profile/supplycore,SupplyCore,Government Services,Rockford
,,,,4229.0,https://www.inc.com/profile/drt-strategies,DRT Strategies,Government Services,Arlington
,,,,4230.0,https://www.inc.com/profile/legend-medical,Legend Medical,Health,Pennsauken
,,,,4231.0,https://www.inc.com/profile/altitude-marketing,Altitude Marketing,Advertising & Marketing,Emmaus
,,,,4232.0,https://www.inc.com/profile/golftec,Golftec,Consumer Products & Services,Englewood
,,,,4233.0,https://www.inc.com/profile/dbsync,DBSync,Software,Brentwood
,,,,4234.0,https://www.inc.com/profile/micamp-solutions,MiCamp Solutions,Financial Services,Scottsdale
,,,,4235.0,https://www.inc.com/profile/media-minefield,Media Minefield,Advertising & Marketing,Minnetonka
,,,,4236.0,https://www.inc.com/profile/homeside-financial,Homeside Financial,Financial Services,Columbia
,,,,4237.0,https://www.inc.com/profile/accord-group,Accord Group,Construction,Lee's Summit
,,,,4238.0,https://www.inc.com/profile/nexvortex,nexVortex,Telecommunications,Boca Raton
,,,,4239.0,https://www.inc.com/profile/westminster-american-insurance-company,Westminster American Insurance Company,Insurance,Owings Mills
,,,,4240.0,https://www.inc.com/profile/cable-ties-unlimited,Cable Ties Unlimited,Business Products & Services,Brunswick
,,,,4241.0,https://www.inc.com/profile/pqd-international,P.Q.D. International,Manufacturing,Plano
,,,,4242.0,https://www.inc.com/profile/woolley-robertson-group,Woolley Robertson Group,Software,Huntington Beach
,,,,4243.0,https://www.inc.com/profile/robinson-air,Robinson Air,Construction,Lawton
,,,,4244.0,https://www.inc.com/profile/investigroup-limited-liability-company,Investigroup Limited Liability Company,Business Products & Services,HILLSIDE
,,,,4245.0,https://www.inc.com/profile/authentic-custom-homes,Authentic Custom Homes,Real Estate,Edmond
,,,,4246.0,https://www.inc.com/profile/saxum,Saxum,Advertising & Marketing,Oklahoma City
,,,,4247.0,https://www.inc.com/profile/boardpaq,BoardPaq,Software,Saint Charles
,,,,4248.0,https://www.inc.com/profile/sbs-cybersecurity,SBS CyberSecurity,Financial Services,Madison
,,,,4249.0,https://www.inc.com/profile/new-city-moving,New City Moving,Logistics & Transportation,Chicago
,,,,4250.0,https://www.inc.com/profile/30-point-strategies,30 Point Strategies,Advertising & Marketing,Bethesda
,,,,4251.0,https://www.inc.com/profile/towner-communications,Towner Communications,Telecommunications,Mission
,,,,4252.0,https://www.inc.com/profile/krg-technologies,KRG Technologies,IT Management,Valencia
,,,,4253.0,https://www.inc.com/profile/trademasters-service,Trademasters Service,Business Products & Services,Lorton
,,,,4254.0,https://www.inc.com/profile/the-icebox,The Icebox,Business Products & Services,Atlanta
,,,,4255.0,https://www.inc.com/profile/gmf-steel-group,GMF Steel Group,Construction,Lakeland
,,,,4256.0,https://www.inc.com/profile/first-line-technology,First Line Technology,Manufacturing,CHANTILLY
,,,,4257.0,https://www.inc.com/profile/proforma-add-a-line,Proforma Add-a-Line,Business Products & Services,Lima
,,,,4258.0,https://www.inc.com/profile/the-complete-child,The Complete Child,Education,Colorado Springs
,,,,4259.0,https://www.inc.com/profile/web-shop-manager,Web Shop Manager,Software,San Diego
,,,,4260.0,https://www.inc.com/profile/integrity-services,Integrity Services,Business Products & Services,Wakefield
,,,,4261.0,https://www.inc.com/profile/pine-grove-financial-group,Pine Grove Financial Group,Financial Services,St Paul
,,,,4262.0,https://www.inc.com/profile/stone-resource-group,Stone Resource Group,Human Resources,Roswell
,,,,4263.0,https://www.inc.com/profile/planet-dds,Planet DDS,Software,Newport Beach
,,,,4264.0,https://www.inc.com/profile/discovery-health-partners,Discovery Health Partners,Health,Itasca
,,,,4265.0,https://www.inc.com/profile/resource-communications-group,Resource Communications Group,Telecommunications,Franklin
,,,,4266.0,https://www.inc.com/profile/window-world-of-baton-rouge,Window World of Baton Rouge,Construction,Baton Rouge
,,,,4267.0,https://www.inc.com/profile/freedom-specialty-services,Freedom Specialty Services,Business Products & Services,Westville
,,,,4268.0,https://www.inc.com/profile/midwest-prototyping,Midwest Prototyping,Manufacturing,Blue Mounds
,,,,4269.0,https://www.inc.com/profile/devada,Devada,Software,Cary
,,,,4269.0,https://www.inc.com/profile/servicenginebpo,Sebpo,Business Products & Services,Marlton
,,,,4270.0,https://www.inc.com/profile/consolidus,Consolidus,Advertising & Marketing,Akron
,,,,4271.0,https://www.inc.com/profile/crosscountry-consulting,CrossCountry Consulting,Business Products & Services,McLean
,,,,4272.0,https://www.inc.com/profile/executive-speakers-bureau,Executive Speakers Bureau,Business Products & Services,Collierville
,,,,4273.0,https://www.inc.com/profile/charlesgate-realty-group,Charlesgate Realty Group,Real Estate,Boston
,,,,4274.0,https://www.inc.com/profile/imobile,iMobile,Telecommunications,Plainview
,,,,4275.0,https://www.inc.com/profile/eclat-health-solutions,Eclat Health Solutions,Health,Herndon
,,,,4276.0,https://www.inc.com/profile/the-payroll-company-tpc,The Payroll Company (TPC),Human Resources,Springfield
,,,,4277.0,https://www.inc.com/profile/applied-training-solutions,Applied Training Solutions,Government Services,Hampton
,,,,4278.0,https://www.inc.com/profile/brio-benefit-consulting,Brio Benefit Consulting,Insurance,New York
,,,,4279.0,https://www.inc.com/profile/jazzhr,JazzHR,Software,Pittsburgh
,,,,4280.0,https://www.inc.com/profile/reemployability,ReEmployAbility,Insurance,Tampa
,,,,4281.0,https://www.inc.com/profile/codev,CoDev,Human Resources,LEHI
,,,,4282.0,https://www.inc.com/profile/milos-tea-company,Milo's Tea Company,Food & Beverage,Birmingham
,,,,4283.0,https://www.inc.com/profile/cook-security-group,Cook Security Group,Security,Portland
,,,,4284.0,https://www.inc.com/profile/alliance-resource-group,Alliance Resource Group,Human Resources,Irvine
,,,,4285.0,https://www.inc.com/profile/beauty-solutions,Beauty Solutions,Consumer Products & Services,Santa Cruz
,,,,4286.0,https://www.inc.com/profile/mathyspotestio,Mathys+Potestio,Human Resources,Portland
,,,,4287.0,https://www.inc.com/profile/the-northbridge-companies,The Northbridge Companies,Health,Burlington
,,,,4288.0,https://www.inc.com/profile/thriveon,Thriveon,IT Services,NEW ULM
,,,,4289.0,https://www.inc.com/profile/advanced-strategic-enterprise-concepts-3,Advanced Strategic Enterprise Concepts 3,Government Services,Reston
,,,,4290.0,https://www.inc.com/profile/1st-choice-roofing-company,1st Choice Roofing Company,Construction,Cleveland
,,,,4291.0,https://www.inc.com/profile/lba-haynes-strand,LBA Haynes Strand,Financial Services,Matthews
,,,,4292.0,https://www.inc.com/profile/ardent-learning,Ardent Learning,Business Products & Services,ROCHESTER
,,,,4293.0,https://www.inc.com/profile/ironedge-group,IronEdge Group,IT Management,Houston
,,,,4294.0,https://www.inc.com/profile/jewel-branding-licensing,Jewel Branding & Licensing,Advertising & Marketing,Brookhaven
,,,,4295.0,https://www.inc.com/profile/the-advocates,The Advocates,Consumer Products & Services,Salt Lake City
,,,,4296.0,https://www.inc.com/profile/barra-associates,Barra & Associates,Insurance,Itasca
,,,,4297.0,https://www.inc.com/profile/invision-security,InVision Security,Security,King of Prussia
,,,,4298.0,https://www.inc.com/profile/fc-construction-services,FC Construction Services,Construction,Dallas
,,,,4299.0,https://www.inc.com/profile/orion-technologies,Orion Technologies,Engineering,Orlando
,,,,4300.0,https://www.inc.com/profile/itility,ITility,Government Services,Herndon
,,,,4301.0,https://www.inc.com/profile/health-perspectives-group,Health Perspectives Group,Advertising & Marketing,Seattle
,,,,4302.0,https://www.inc.com/profile/the-dirt-connection,The Dirt Connection,Construction,Oceanside
,,,,4303.0,https://www.inc.com/profile/nayamode,Nayamode,Advertising & Marketing,redmond
,,,,4304.0,https://www.inc.com/profile/excel-education-systems,Excel Education Systems,Education,Plymouth
,,,,4305.0,https://www.inc.com/profile/solvaria,Solvaria,IT Management,Henrico
,,,,4306.0,https://www.inc.com/profile/ascii-group,Ascii Group,IT Services,Farmington
,,,,4307.0,https://www.inc.com/profile/xetex,XeteX,Manufacturing,Minneapolis
,,,,4308.0,https://www.inc.com/profile/dynamit,Dynamit,IT System Development,Columbus
,,,,4309.0,https://www.inc.com/profile/morales-group,Morales Group,Human Resources,Indianapolis
,,,,4310.0,https://www.inc.com/profile/swisstrax-corporation,Swisstrax Corporation,Consumer Products & Services,Indio
,,,,4311.0,https://www.inc.com/profile/econologics-financial-advisors,Econologics Financial Advisors,Business Products & Services,Largo
,,,,4312.0,https://www.inc.com/profile/monumetric,Monumetric,Advertising & Marketing,Farmington
,,,,4313.0,https://www.inc.com/profile/mountain-construction-and-management-denver-division,Mountain Construction and Management Denver Division,Construction,Thornton
,,,,4314.0,https://www.inc.com/profile/exactcare-pharmacy,ExactCare Pharmacy,Health,Valley View
,,,,4315.0,https://www.inc.com/profile/corbett-technology-solutions,Corbett Technology Solutions,Telecommunications,Chantilly
,,,,4316.0,https://www.inc.com/profile/crabtree-rowe-berger-pc,"Crabtree, Rowe & Berger",Financial Services,Huntsville
,,,,4317.0,https://www.inc.com/profile/bluetree-network,Bluetree Network,Health,Madison
,,,,4318.0,https://www.inc.com/profile/powerblanket,Powerblanket,Manufacturing,Salt Lake City
,,,,4319.0,https://www.inc.com/profile/the-firm-advisors,The Firm Advisors,Business Products & Services,Omaha
,,,,4320.0,https://www.inc.com/profile/v-digital-services,V Digital Services,Advertising & Marketing,Phoenix
,,,,4321.0,https://www.inc.com/profile/premier-graphics,Premier Graphics,Business Products & Services,Stratford
,,,,4322.0,https://www.inc.com/profile/blair-technology-group,Blair Technology Group,Computer Hardware,Covington
,,,,4323.0,https://www.inc.com/profile/southern-rv,Southern RV,Retail,McDonough
,,,,4324.0,https://www.inc.com/profile/crosslin-technologies,Crosslin Technologies,IT Management,Nashville
,,,,4325.0,https://www.inc.com/profile/precision-medical-products,Precision Medical Products,Health,Rocklin
,,,,4326.0,https://www.inc.com/profile/stackcommerce,StackCommerce,Business Products & Services,Venice
,,,,4327.0,https://www.inc.com/profile/oxagile,Oxagile,Software,New York
,,,,4328.0,https://www.inc.com/profile/etica,Etica,IT Management,San Marcos
,,,,4329.0,https://www.inc.com/profile/myitpros,MyITpros,IT Management,Austin
,,,,4330.0,https://www.inc.com/profile/eanes-heating-and-air,Eanes Heating and Air,Construction,High Point
,,,,4331.0,https://www.inc.com/profile/access-insurance-underwriter,Access Insurance Underwriter,Insurance,Fort Lauderdale
,,,,4332.0,https://www.inc.com/profile/clarendon-partners,Clarendon Partners,Financial Services,Arlington
,,,,4333.0,https://www.inc.com/profile/prohome-metro-dc,ProHome Metro DC,Construction,Catlett
,,,,4334.0,https://www.inc.com/profile/vox-network-solutions,VOX Network Solutions,Telecommunications,Brisbane
,,,,4335.0,https://www.inc.com/profile/itegria,ITEGRIA,IT Management,Northbrook
,,,,4336.0,https://www.inc.com/profile/timber-industries,Timber Industries,Manufacturing,Cockeysville
,,,,4337.0,https://www.inc.com/profile/ga-partners,G&A Partners,Human Resources,Houston
,,,,4338.0,https://www.inc.com/profile/phipps-reporting,Phipps Reporting,Business Products & Services,West Palm Beach
,,,,4339.0,https://www.inc.com/profile/insurance-services-group-of-the-southeast,Insurance Services Group of the Southeast,Insurance,ST PETERSBURG
,,,,4340.0,https://www.inc.com/profile/burnham-benefits-insurance-services,Burnham Benefits Insurance Services,Insurance,Irvine
,,,,4341.0,https://www.inc.com/profile/lighthouse-lab-services,Lighthouse Lab Services,Health,Holly Springs
,,,,4342.0,https://www.inc.com/profile/covenant-eyes,Covenant Eyes,Software,Owosso
,,,,4343.0,https://www.inc.com/profile/integrated-payroll-services,Integrated Payroll Services,Financial Services,St. Louis
,,,,4344.0,https://www.inc.com/profile/caring-commercial-cleaning,Caring Commercial Cleaning,Business Products & Services,Sugar Land
,,,,4345.0,https://www.inc.com/profile/compunnel-software-group,Compunnel Software Group,Human Resources,Plainsboro
,,,,4346.0,https://www.inc.com/profile/capstone-consulting,Capstone Consulting,IT Management,Omaha
,,,,4347.0,https://www.inc.com/profile/litigation-services,Litigation Services,Business Products & Services,Las Vegas
,,,,4348.0,https://www.inc.com/profile/united-franchise-group,United Franchise Group,Business Products & Services,West Palm Beach
,,,,4349.0,https://www.inc.com/profile/everlasting-capital,Everlasting Capital,Financial Services,Rochester
,,,,4350.0,https://www.inc.com/profile/stria,Stria,Business Products & Services,Bakersfield
,,,,4351.0,https://www.inc.com/profile/taylors-natural-green-lawn,Taylor's Natural Green Lawn,Consumer Products & Services,Princeton
,,,,4352.0,https://www.inc.com/profile/the-rainmaker-group,The Rainmaker Group,Software,Alpharetta
,,,,4353.0,https://www.inc.com/profile/fidelus-technologies,Fidelus Technologies,IT Services,New York
,,,,4354.0,https://www.inc.com/profile/right-sized-solutions,Right Sized Solutions,Government Services,Sterling
,,,,4355.0,https://www.inc.com/profile/nl-investment-corp,N&L Investment Corp,Construction,PHOENIX
,,,,4356.0,https://www.inc.com/profile/republic-bank-of-chicago,Republic Bank of Chicago,Financial Services,Oak Brook
,,,,4357.0,https://www.inc.com/profile/k-p-enterprises,K & P Enterprises,Construction,Knoxville
,,,,4358.0,https://www.inc.com/profile/tap-qa,tap|QA,Software,St Louis Park
,,,,4359.0,https://www.inc.com/profile/tpi-efficiency,TPI Efficiency,Business Products & Services,Cleveland
,,,,4360.0,https://www.inc.com/profile/spol,SPOL,Software,Coral Springs
,,,,4361.0,https://www.inc.com/profile/vs-carriers,VS carriers,Logistics & Transportation,Lake in the Hills
,,,,4362.0,https://www.inc.com/profile/hillmann-consulting,Hillmann Consulting,Environmental Services,Union
,,,,4363.0,https://www.inc.com/profile/top-class-actions,Top Class Actions,Consumer Products & Services,Phoenix
,,,,4364.0,https://www.inc.com/profile/brilliant-infotech,Brilliant Infotech,Software,Edison
,,,,4365.0,https://www.inc.com/profile/medication-management-partners,Medication Management Partners,Health,Crestwood
,,,,4366.0,https://www.inc.com/profile/consumer-cellular,Consumer Cellular,Telecommunications,Portland
,,,,4367.0,https://www.inc.com/profile/onesource-virtual,OneSource Virtual,Business Products & Services,Dallas
,,,,4368.0,https://www.inc.com/profile/the-wireless-experience,The Wireless Experience,Retail,Manahawkin
,,,,4369.0,https://www.inc.com/profile/ths-constructors,THS Constructors,Construction,Greenville
,,,,4370.0,https://www.inc.com/profile/milk-honey,Milk + Honey,Consumer Products & Services,Austin
,,,,4371.0,https://www.inc.com/profile/seattle-coffee-gear,Seattle Coffee Gear,Retail,Lynnwood
,,,,4372.0,https://www.inc.com/profile/netrepid,Netrepid,IT Management,Harrisburg
,,,,4373.0,https://www.inc.com/profile/service-professor,Service Professor,Consumer Products & Services,Grand Rapids
,,,,4374.0,https://www.inc.com/profile/uis,UIS,Business Products & Services,Dexter
,,,,4375.0,https://www.inc.com/profile/edwards-performance-solutions,Edwards Performance Solutions,Business Products & Services,Elkridge
,,,,4376.0,https://www.inc.com/profile/maverick-networks,Maverick Networks,Telecommunications,Folsom
,,,,4377.0,https://www.inc.com/profile/impiger-technologies,Impiger Technologies,Software,Richardson
,,,,4378.0,https://www.inc.com/profile/ups-protection,UPS Protection,IT Services,anaheim
,,,,4379.0,https://www.inc.com/profile/immersion-active,Immersion Active,Advertising & Marketing,Frederick
,,,,4380.0,https://www.inc.com/profile/pharmalogics-recruiting,PharmaLogics Recruiting,Human Resources,Quincy
,,,,4381.0,https://www.inc.com/profile/mortgage-capital-trading,Mortgage Capital Trading,Business Products & Services,San Diego
,,,,4382.0,https://www.inc.com/profile/five-star-connect,Five Star Connect,Software,Spanish Fork
,,,,4383.0,https://www.inc.com/profile/canale-communications,Canale Communications,Media,San Diego
,,,,4384.0,https://www.inc.com/profile/cleanchoice-energy,CleanChoice Energy,Energy,Washington
,,,,4385.0,https://www.inc.com/profile/innovative-enterprises,Innovative Enterprises,Business Products & Services,Newport News
,,,,4386.0,https://www.inc.com/profile/gnt-solutions,GNT Solutions,IT Management,Sacramento
,,,,4387.0,https://www.inc.com/profile/professional-capital-services,Professional Capital Services,Financial Services,Philadelphia
,,,,4388.0,https://www.inc.com/profile/24hr-homecare,24Hr HomeCare,Health,El Segundo
,,,,4389.0,https://www.inc.com/profile/newmark-merrill-companies,NewMark Merrill Companies,Real Estate,Woodland Hills
,,,,4390.0,https://www.inc.com/profile/fluid-aire-dynamics,Fluid-Aire Dynamics,Manufacturing,Schaumberg
,,,,4391.0,https://www.inc.com/profile/faye-business-systems-group,Faye Business Systems Group,Software,Woodland Hills
,,,,4392.0,https://www.inc.com/profile/custom-tree-care,Custom Tree Care,Construction,Topeka
,,,,4393.0,https://www.inc.com/profile/lumark-technologies,Lumark Technologies,Government Services,Fairfax
,,,,4394.0,https://www.inc.com/profile/primal-health,Primal Health,Health,Allen
,,,,4395.0,https://www.inc.com/profile/coast-professional,Coast Professional,Financial Services,Geneseo
,,,,4396.0,https://www.inc.com/profile/remindermedia,ReminderMedia,Advertising & Marketing,King of Prussia
,,,,4397.0,https://www.inc.com/profile/college-hunks-hauling-junk-moving-of-long-island,College Hunks Hauling Junk & Moving of Long Island,Logistics & Transportation,Bohemia
,,,,4398.0,https://www.inc.com/profile/akorbi,Akorbi,Business Products & Services,Plano
,,,,4399.0,https://www.inc.com/profile/motherg,MotherG,IT Management,Itasca
,,,,4400.0,https://www.inc.com/profile/jusbyjuliecom,JusbyJulie.com,Food & Beverage,Brooklyn
,,,,4401.0,https://www.inc.com/profile/blue-microphones,Blue Microphones,Consumer Products & Services,WESTLAKE VILLAGE
,,,,4402.0,https://www.inc.com/profile/nexdine,NexDine,Food & Beverage,Mansfield
,,,,4403.0,https://www.inc.com/profile/comprehensive-finance,Comprehensive Finance,Financial Services,Grapevine
,,,,4404.0,https://www.inc.com/profile/trideum-corporation,Trideum Corporation,Government Services,Huntsville
,,,,4405.0,https://www.inc.com/profile/v-soft-consulting-group,V-Soft Consulting Group,IT Management,Louisville
,,,,4406.0,https://www.inc.com/profile/exb-solutions,EXB Solutions,Software,Plymouth
,,,,4407.0,https://www.inc.com/profile/listengage,ListEngage,Advertising & Marketing,Framingham
,,,,4408.0,https://www.inc.com/profile/masteryprep,MasteryPrep,Education,Baton Rouge
,,,,4409.0,https://www.inc.com/profile/forthea-interactive,Forthea Interactive,Advertising & Marketing,Houston
,,,,4410.0,https://www.inc.com/profile/morgan-properties,Morgan Properties,Real Estate,King of Prussia
,,,,4411.0,https://www.inc.com/profile/first-flight-solutions,First Flight Solutions,Logistics & Transportation,Emerald Isle
,,,,4412.0,https://www.inc.com/profile/blend360,Blend360,Advertising & Marketing,Columbia
,,,,4413.0,https://www.inc.com/profile/illegal-petes,Illegal Pete's,Food & Beverage,Denver
,,,,4414.0,https://www.inc.com/profile/whereoware,Whereoware,Advertising & Marketing,Chantilly
,,,,4415.0,https://www.inc.com/profile/insurance-brokers-west,Insurance Brokers West,Insurance,Moorpark
,,,,4416.0,https://www.inc.com/profile/krd---kutchins-robbins-diamond-ltd,"KRD - Kutchins, Robbins & Diamond, Ltd.",Business Products & Services,Schaumberg
,,,,4417.0,https://www.inc.com/profile/influence,Influence & Co.,Advertising & Marketing,Columbia
,,,,4418.0,https://www.inc.com/profile/dane-street,Dane Street,Health,Boston
,,,,4419.0,https://www.inc.com/profile/nightlight-pediatric-urgent-care,Nightlight Pediatric Urgent Care,Health,Sugarland
,,,,4420.0,https://www.inc.com/profile/ivision,iVision,IT Management,Atlanta
,,,,4421.0,https://www.inc.com/profile/groggy-dog-sportswear-graphic-design,Groggy Dog Sportswear & Graphic Design,Business Products & Services,Denton
,,,,4422.0,https://www.inc.com/profile/momentum-telecom,Momentum Telecom,Telecommunications,Kennesaw
,,,,4423.0,https://www.inc.com/profile/parkers,Parker's,Retail,Savannah
,,,,4424.0,https://www.inc.com/profile/walker-elliott,Walker Elliott,Human Resources,Houston
,,,,4425.0,https://www.inc.com/profile/inboundprospect,InboundProspect,Advertising & Marketing,Newport Beach
,,,,4426.0,https://www.inc.com/profile/big-data-supply,Big Data Supply,Computer Hardware,Santa Ana
,,,,4427.0,https://www.inc.com/profile/comtec-cloud-management-company,Comtec Cloud Management Company,Telecommunications,Vineland
,,,,4428.0,https://www.inc.com/profile/vdart,VDart,IT Management,Alpharetta
,,,,4429.0,https://www.inc.com/profile/hasko-trading,Hasko Trading,Manufacturing,Santa Fe Springs
,,,,4430.0,https://www.inc.com/profile/groover-seminars,Groover Seminars,Education,Loveland
,,,,4431.0,https://www.inc.com/profile/freight-management-team,Freight Management Team,Logistics & Transportation,Lakewood
,,,,4432.0,https://www.inc.com/profile/trelevate,Trelevate,Business Products & Services,Phoenix
,,,,4433.0,https://www.inc.com/profile/interglass-corp,Interglass Corp,Manufacturing,Miami
,,,,4434.0,https://www.inc.com/profile/impact-advisors,Impact Advisors,Health,Naperville
,,,,4435.0,https://www.inc.com/profile/tgrp-solutions,TGRP Solutions,Business Products & Services,Englewood
,,,,4436.0,https://www.inc.com/profile/karavan-trailers,Karavan Trailers,Manufacturing,Fox Lake
,,,,4437.0,https://www.inc.com/profile/pyramid-dental-integration,Pyramid Dental Integration,Health,Vienna
,,,,4438.0,https://www.inc.com/profile/exclusive-concepts,Exclusive Concepts,Advertising & Marketing,Burlington
,,,,4439.0,https://www.inc.com/profile/adler-windows,Adler Windows,Construction,New York
,,,,4440.0,https://www.inc.com/profile/myjobhelpercom,MyJobHelper.com,Business Products & Services,New York
,,,,4441.0,https://www.inc.com/profile/aggressor-adventures,Aggressor Adventures,Travel & Hospitality,Augusta
,,,,4442.0,https://www.inc.com/profile/ware-malcomb,Ware Malcomb,Engineering,Irvine
,,,,4443.0,https://www.inc.com/profile/resonate,Resonate,Software,Reston
,,,,4444.0,https://www.inc.com/profile/classic-rock-fabrication,Classic Rock Fabrication,Manufacturing,Harrisburg
,,,,4445.0,https://www.inc.com/profile/wgroup,WGroup,IT Management,Radnor
,,,,4446.0,https://www.inc.com/profile/gaspar-insurance-services,Gaspar Insurance Services,Insurance,WOODLAND HILLS
,,,,4447.0,https://www.inc.com/profile/pjp-marketing,PJP Marketing,Advertising & Marketing,Smithtown
,,,,4448.0,https://www.inc.com/profile/exact-solar,Exact Solar,Energy,Yardley
,,,,4449.0,https://www.inc.com/profile/revel-interactive,Revel Interactive,Advertising & Marketing,Denver
,,,,4450.0,https://www.inc.com/profile/jmjs,JMJS,Business Products & Services,Smock
,,,,4451.0,https://www.inc.com/profile/taradel,Taradel,Advertising & Marketing,Glen Allen
,,,,4452.0,https://www.inc.com/profile/zoom-technical-services,Zoom Technical Services,Business Products & Services,Woburn
,,,,4453.0,https://www.inc.com/profile/pop-yachts,POP Yachts,Consumer Products & Services,SARASOTA
,,,,4454.0,https://www.inc.com/profile/critical-link,Critical Link,Engineering,Syracuse
,,,,4455.0,https://www.inc.com/profile/hms-global-maritime,HMS Global Maritime,Travel & Hospitality,New Albany
,,,,4456.0,https://www.inc.com/profile/stored-technology-solutions,Stored Technology Solutions,IT Services,Queensbury
,,,,4457.0,https://www.inc.com/profile/hnh-investment-lp,HNH Investment LP,Retail,College Station
,,,,4458.0,https://www.inc.com/profile/momentum-consulting,Momentum Consulting,IT Management,Miami Lakes
,,,,4459.0,https://www.inc.com/profile/connectyourcare,ConnectYourCare,Health,Hunt Valley
,,,,4460.0,https://www.inc.com/profile/vault-communications,Vault Communications,Advertising & Marketing,Plymouth Meeting
,,,,4461.0,https://www.inc.com/profile/maryland-and-delaware-group-of-long-and-foster,Maryland and Delaware Group of Long and Foster,Real Estate,Salisbury
,,,,4462.0,https://www.inc.com/profile/medrisk,MedRisk,Health,King of Prussia
,,,,4463.0,https://www.inc.com/profile/connective-talent,Connective Talent,Human Resources,Houston
,,,,4464.0,https://www.inc.com/profile/lumitec-lighting,Lumitec Lighting,Engineering,delray beach
,,,,4465.0,https://www.inc.com/profile/synchr,SyncHR,Human Resources,Denver
,,,,4466.0,https://www.inc.com/profile/intellect-solutions,Intellect Solutions,Government Services,Alexandria
,,,,4467.0,https://www.inc.com/profile/tens-rx,TENS Rx,Health,Montgomery
,,,,4468.0,https://www.inc.com/profile/advanced-clinical,Advanced Clinical,Health,Deerfield
,,,,4469.0,https://www.inc.com/profile/demco-automation,Demco Automation,Manufacturing,Quakertown
,,,,4470.0,https://www.inc.com/profile/pra-business-events-new-orleans,PRA Business Events New Orleans,Travel & Hospitality,NEW ORLEANS
,,,,4471.0,https://www.inc.com/profile/bluestone-staffing,blueStone Staffing,IT Management,Palatine
,,,,4472.0,https://www.inc.com/profile/juno-search-partners,Juno Search Partners,Human Resources,Philadelphia
,,,,4473.0,https://www.inc.com/profile/ehealth-technologies,eHealth Technologies,Health,West Henrietta
,,,,4474.0,https://www.inc.com/profile/illuminate,Illuminate,Business Products & Services,Boston
,,,,4475.0,https://www.inc.com/profile/bottlerocket-media,Bottlerocket Media,Media,Oak Park
,,,,4476.0,https://www.inc.com/profile/corporate-essentials,Corporate Essentials,Food & Beverage,Parsippany
,,,,4477.0,https://www.inc.com/profile/globotech-usa-corporation,Globotech USA Corporation,Advertising & Marketing,Miami
,,,,4478.0,https://www.inc.com/profile/tech-keys,Tech-Keys,IT Management,Howell
,,,,4479.0,https://www.inc.com/profile/staff-matters,Staff Matters,Human Resources,Tucson
,,,,4480.0,https://www.inc.com/profile/midtown-home-improvements,Midtown Home Improvements,Construction,Ofallon
,,,,4481.0,https://www.inc.com/profile/envision-capital-group,Envision Capital Group,Financial Services,Laguna Hills
,,,,4482.0,https://www.inc.com/profile/the-eye-doctors,The Eye Doctors,Health,Tampa
,,,,4483.0,https://www.inc.com/profile/dempsey-construction,Dempsey Construction,Construction,Carlsbad
,,,,4484.0,https://www.inc.com/profile/9gauge-partners,9Gauge Partners,Financial Services,Austin
,,,,4485.0,https://www.inc.com/profile/parsonex-enterprises,Parsonex Enterprises,Financial Services,Englewood
,,,,4486.0,https://www.inc.com/profile/baskervill,Baskervill,Engineering,Richmond
,,,,4487.0,https://www.inc.com/profile/consolidated-analytics,Consolidated Analytics,Financial Services,Ahaheim
,,,,4488.0,https://www.inc.com/profile/edg,EDG,Engineering,New York
,,,,4489.0,https://www.inc.com/profile/aterra-real-estate,Aterra Real Estate,Real Estate,West Des Moines
,,,,4490.0,https://www.inc.com/profile/azpro,Azpro,Business Products & Services,Avondale
,,,,4491.0,https://www.inc.com/profile/cota-global,CoTa Global,Consumer Products & Services,Chatsworth
,,,,4492.0,https://www.inc.com/profile/scalar,Scalar,Financial Services,Draper
,,,,4493.0,https://www.inc.com/profile/pro-mach,Pro Mach,Manufacturing,Covington
,,,,4494.0,https://www.inc.com/profile/fakhoury-global-immigration,Fakhoury Global Immigration,Business Products & Services,Troy
,,,,4495.0,https://www.inc.com/profile/kenway-consulting,Kenway Consulting,IT Services,Chicago
,,,,4496.0,https://www.inc.com/profile/avian,Avian,Government Services,Lexington Park
,,,,4497.0,https://www.inc.com/profile/trinity-solar,Trinity Solar,Energy,Wall
,,,,4498.0,https://www.inc.com/profile/relevant-web-strategies,Relevant Web Strategies,Business Products & Services,Los Angeles
,,,,4499.0,https://www.inc.com/profile/ingo-money,Ingo Money,Financial Services,Alpharetta
,,,,4500.0,https://www.inc.com/profile/aegis-law,Aegis Law,Business Products & Services,Frontenac
,,,,4501.0,https://www.inc.com/profile/azimuth,Azimuth,Government Services,Beavercreek
,,,,4502.0,https://www.inc.com/profile/sriven-technologies,Sriven Technologies,IT System Development,ASHBURN
,,,,4503.0,https://www.inc.com/profile/bernard-health,Bernard Health,Human Resources,Nashville
,,,,4504.0,https://www.inc.com/profile/summit-wealth-group,Summit Wealth Group,Financial Services,Colorado Springs
,,,,4505.0,https://www.inc.com/profile/vantage-point,Vantage Point,Computer Hardware,kenosha
,,,,4506.0,https://www.inc.com/profile/path-interactive,Path Interactive,Advertising & Marketing,New York
,,,,4507.0,https://www.inc.com/profile/ameex-technologies,Ameex Technologies,Software,Schaumberg
,,,,4508.0,https://www.inc.com/profile/highlands-residential-mortgage,Highlands Residential Mortgage,Financial Services,Dallas
,,,,4509.0,https://www.inc.com/profile/q-ship-usa,Q Ship USA,Logistics & Transportation,Brooklyn
,,,,4510.0,https://www.inc.com/profile/premier-automation,Premier Automation,Engineering,Monroeville
,,,,4511.0,https://www.inc.com/profile/source-alliance-network,Source Alliance Network,Logistics & Transportation,Chicago
,,,,4512.0,https://www.inc.com/profile/ticketmanager,TicketManager,Software,Calabasas
,,,,4513.0,https://www.inc.com/profile/guaranteed-rate,Guaranteed Rate,Financial Services,Chicago
,,,,4514.0,https://www.inc.com/profile/poetic-systems,Poetic Systems,Software,Houston
,,,,4515.0,https://www.inc.com/profile/equator-coffees,Equator Coffees,Food & Beverage,San Rafael
,,,,4516.0,https://www.inc.com/profile/supreme-resources,Supreme Resources,Business Products & Services,Atlanta
,,,,4517.0,https://www.inc.com/profile/fuel-talent,Fuel Talent,Human Resources,Seattle
,,,,4518.0,https://www.inc.com/profile/united-real-estate-group,United Real Estate Group,Real Estate,Kansas City
,,,,4519.0,https://www.inc.com/profile/jw-construction,JW Construction,Construction,Burlington
,,,,4520.0,https://www.inc.com/profile/intercare-therapy,Intercare Therapy,Health,Los Angeles
,,,,4521.0,https://www.inc.com/profile/bizzell-corporation,Bizzell Corporation,Government Services,Cheyenne
,,,,4522.0,https://www.inc.com/profile/right-height-manufacturing,Right Height Manufacturing,Manufacturing,Manchester
,,,,4523.0,https://www.inc.com/profile/special-aerospace-services,Special Aerospace Services,Engineering,Boulder
,,,,4524.0,https://www.inc.com/profile/bm2-freight-services,BM2 Freight Services,Logistics & Transportation,Covington
,,,,4525.0,https://www.inc.com/profile/pma,PMA,Advertising & Marketing,Cerritos
,,,,4526.0,https://www.inc.com/profile/compass-self-storage,Compass Self Storage,Logistics & Transportation,Cleveland
,,,,4527.0,https://www.inc.com/profile/the-woodhouse-day-spas,The Woodhouse Day Spas,Health,Victoria
,,,,4528.0,https://www.inc.com/profile/ap-air-conditioning,A&P Air Conditioning,Construction,Hialeah
,,,,4529.0,https://www.inc.com/profile/myriad360,Myriad360,IT Management,New York
,,,,4530.0,https://www.inc.com/profile/zzperformance,ZZPerformance,Consumer Products & Services,Wyoming
,,,,4531.0,https://www.inc.com/profile/tengointernet,TengoInternet,Telecommunications,Austin
,,,,4532.0,https://www.inc.com/profile/spoke-marketing,Spoke Marketing,Advertising & Marketing,St. Louis MO
,,,,4533.0,https://www.inc.com/profile/the-signature-real-estate-companies,The Signature Real Estate Companies,Real Estate,Boca Raton
,,,,4534.0,https://www.inc.com/profile/dreamclinic,Dreamclinic,Health,Seattle
,,,,4535.0,https://www.inc.com/profile/peopleg2,PeopleG2,Business Products & Services,Brea
,,,,4536.0,https://www.inc.com/profile/involta,Involta,IT Management,Cedar Rapids
,,,,4537.0,https://www.inc.com/profile/all-safe-industries,All Safe Industries,Security,Louisville
,,,,4538.0,https://www.inc.com/profile/law-offices-of-anidjar,Law Offices of Anidjar,Consumer Products & Services,Fort Lauderdale
,,,,4539.0,https://www.inc.com/profile/3pillar-global,3Pillar Global,Software,Fairfax
,,,,4540.0,https://www.inc.com/profile/double-good,Double Good,Food & Beverage,Burr Ridge
,,,,4541.0,https://www.inc.com/profile/ascend-staffing,Ascend Staffing,Human Resources,North Salt Lake
,,,,4542.0,https://www.inc.com/profile/pics-itech,PICS ITech,IT Services,Mt. Holly
,,,,4543.0,https://www.inc.com/profile/thermal-vac-technology,Thermal-Vac Technology,Manufacturing,Orange
,,,,4544.0,https://www.inc.com/profile/convergence-consulting-group,Convergence Consulting Group,IT Management,Tampa
,,,,4545.0,https://www.inc.com/profile/rendition-infosec,Rendition Infosec,Security,Augusta
,,,,4546.0,https://www.inc.com/profile/organicix,Organicix,Consumer Products & Services,Las Vegas
,,,,4547.0,https://www.inc.com/profile/sunny-days-in-home-care,Sunny Days In-Home Care,Health,McMurray
,,,,4548.0,https://www.inc.com/profile/flowing-wells-landscape,Flowing Wells Landscape,Construction,Chandler
,,,,4549.0,https://www.inc.com/profile/kinetix,Kinetix,Security,Boothwyn
,,,,4550.0,https://www.inc.com/profile/tradetec-skyline,TradeTec Skyline,Business Products & Services,Lombard
,,,,4551.0,https://www.inc.com/profile/financial-carrier-services,Financial Carrier Services,Logistics & Transportation,Fort Lauderdale
,,,,4552.0,https://www.inc.com/profile/abacus-group,Abacus Group,IT Services,New York
,,,,4553.0,https://www.inc.com/profile/educere,Educere,Education,Fort Washington
,,,,4554.0,https://www.inc.com/profile/silicus-technologies,Silicus Technologies,IT System Development,Houston
,,,,4555.0,https://www.inc.com/profile/ss-industries,SS Industries,Manufacturing,COLLEGEVILLE
,,,,4556.0,https://www.inc.com/profile/ids-international-government-services,IDS International Government Services,Government Services,Arlington
,,,,4557.0,https://www.inc.com/profile/windsong-productions,Windsong Productions,Media,Fresno
,,,,4558.0,https://www.inc.com/profile/insight-technology-solutions,Insight Technology Solutions,Government Services,Bowie
,,,,4559.0,https://www.inc.com/profile/rxlogix-corporation,RxLogix Corporation,IT Services,Princeton
,,,,4560.0,https://www.inc.com/profile/netsertive,Netsertive,Advertising & Marketing,Morrisville
,,,,4561.0,https://www.inc.com/profile/hooten-construction,Hooten Construction,Construction,Columbia
,,,,4562.0,https://www.inc.com/profile/angler-construction,Angler Construction,Construction,Houston
,,,,4563.0,https://www.inc.com/profile/a-tech-consulting,A-Tech Consulting,Environmental Services,Orange
,,,,4564.0,https://www.inc.com/profile/transport-express,Transport Express,Logistics & Transportation,Eagan
,,,,4565.0,https://www.inc.com/profile/force-marketing,Force Marketing,Advertising & Marketing,Atlanta
,,,,4566.0,https://www.inc.com/profile/avizion-technologies-group-company,Avizion Technologies Group Company,IT Services,Dallas
,,,,4567.0,https://www.inc.com/profile/atlantic-blowers,Atlantic Blowers,Manufacturing,Dallas
,,,,4568.0,https://www.inc.com/profile/vanguard-fire-systems,Vanguard Fire Systems,Construction,Pflugerville
,,,,4569.0,https://www.inc.com/profile/seeking-health,Seeking Health,Health,Bellingham
,,,,4570.0,https://www.inc.com/profile/customized-energy-solutions,Customized Energy Solutions,Energy,Philadelphia
,,,,4571.0,https://www.inc.com/profile/tm5-properties,TM5 Properties,Real Estate,College Station
,,,,4572.0,https://www.inc.com/profile/ctems,Ctems,Manufacturing,Milpitas
,,,,4573.0,https://www.inc.com/profile/palmer-signs,Palmer Signs,Advertising & Marketing,Roseville
,,,,4574.0,https://www.inc.com/profile/primerevenue,PrimeRevenue,Financial Services,Atlanta
,,,,4575.0,https://www.inc.com/profile/morton,Morton,IT Management,Richmond
,,,,4576.0,https://www.inc.com/profile/opav,OPAV,Media,Orlando
,,,,4577.0,https://www.inc.com/profile/triangle-insights-group,Triangle Insights Group,Business Products & Services,Durham
,,,,4578.0,https://www.inc.com/profile/180-engineering,180 Engineering,Engineering,Lisle
,,,,4579.0,https://www.inc.com/profile/powertrain-products,Powertrain Products,Manufacturing,Stevensville
,,,,4580.0,https://www.inc.com/profile/comfort-supply,Comfort Supply,Consumer Products & Services,Pittsburgh
,,,,4581.0,https://www.inc.com/profile/oasis-turf-tree,Oasis Turf & Tree,Consumer Products & Services,Loveland
,,,,4582.0,https://www.inc.com/profile/apex-hcm,Apex HCM,Software,Roswell
,,,,4583.0,https://www.inc.com/profile/etek-it-services,eTek IT Services,IT Management,Schaumberg
,,,,4584.0,https://www.inc.com/profile/10pearls,10Pearls,IT Services,Vienna
,,,,4585.0,https://www.inc.com/profile/factory-expo-home-centers,Factory Expo Home Centers,Retail,Chandler
,,,,4586.0,https://www.inc.com/profile/kidd-roofing,Kidd Roofing,Construction,Austin
,,,,4587.0,https://www.inc.com/profile/advanced-electronic-designs,Advanced Electronic Designs,Engineering,Bozeman
,,,,4588.0,https://www.inc.com/profile/brewer-stratton-property-management,Brewer & Stratton Property Management,Real Estate,Mesa
,,,,4589.0,https://www.inc.com/profile/americorp-the-matt-laricy-group,Americorp-The Matt Laricy Group,Real Estate,Chicago
,,,,4590.0,https://www.inc.com/profile/sbc-contractors,SBC Contractors,Construction,Roseville
,,,,4591.0,https://www.inc.com/profile/artful-living,Artful Living,Media,Minneapolis
,,,,4592.0,https://www.inc.com/profile/crepes-a-latte,Crepes a Latte,Advertising & Marketing,Vernon Hills
,,,,4593.0,https://www.inc.com/profile/mcci,MCCi,Business Products & Services,Tallahassee
,,,,4594.0,https://www.inc.com/profile/international-van-lines-ocean-star-international-,International Van Lines ( Ocean Star International ),Logistics & Transportation,Coral Springs
,,,,4595.0,https://www.inc.com/profile/luminfire,LuminFire,Software,Minneapolis
,,,,4596.0,https://www.inc.com/profile/liquid-web,Liquid Web,IT Management,Lansing
,,,,4597.0,https://www.inc.com/profile/sustainable-supply,Sustainable Supply,Retail,Broomfield
,,,,4598.0,https://www.inc.com/profile/empireworks,EmpireWorks,Construction,Irvine
,,,,4599.0,https://www.inc.com/profile/fresh-concepts,Fresh Concepts,Food & Beverage,Murrieta
,,,,4600.0,https://www.inc.com/profile/highwire-public-relations,Highwire Public Relations,Advertising & Marketing,San Francisco
,,,,4601.0,https://www.inc.com/profile/ch-baseball,C&H Baseball,Manufacturing,Lakewood Ranch
,,,,4602.0,https://www.inc.com/profile/ovm-financial,OVM Financial,Financial Services,Chesapeake
,,,,4603.0,https://www.inc.com/profile/biotech-x-ray,Biotech X-ray,Health,St. Louis
,,,,4604.0,https://www.inc.com/profile/intralogic-solutions,IntraLogic Solutions,Security,Massapequa
,,,,4605.0,https://www.inc.com/profile/invariant,Invariant,Business Products & Services,Washington
,,,,4606.0,https://www.inc.com/profile/targetxcom,TargetX.com,Advertising & Marketing,Oakland
,,,,4607.0,https://www.inc.com/profile/forcebrands,ForceBrands,Human Resources,New York
,,,,4608.0,https://www.inc.com/profile/safety-management-group,Safety Management Group,Business Products & Services,Indianapolis
,,,,4609.0,https://www.inc.com/profile/total-quality-logistics,Total Quality Logistics,Logistics & Transportation,Cincinnati
,,,,4610.0,https://www.inc.com/profile/pure-financial-advisors,Pure Financial Advisors,Financial Services,San Diego
,,,,4611.0,https://www.inc.com/profile/linx,LINX,Telecommunications,Denver
,,,,4612.0,https://www.inc.com/profile/avroko,AvroKO,Construction,New York
,,,,4613.0,https://www.inc.com/profile/morrow-family-medicine,Morrow Family Medicine,Health,Cumming
,,,,4614.0,https://www.inc.com/profile/expomarketing-group,ExpoMarketing Group,Business Products & Services,Tustin
,,,,4615.0,https://www.inc.com/profile/the-denzel-group,The Denzel Group,Human Resources,Allentown
,,,,4616.0,https://www.inc.com/profile/rock-solid-stabilization,Rock Solid Stabilization,Construction,Genoa City
,,,,4617.0,https://www.inc.com/profile/brewer-enterprises,Brewer Enterprises,Construction,Phoenix
,,,,4618.0,https://www.inc.com/profile/softclouds,SoftClouds,IT Management,San Diego
,,,,4619.0,https://www.inc.com/profile/swipeclock,SwipeClock,Software,South Jordan
,,,,4620.0,https://www.inc.com/profile/ntiva,Ntiva,IT Management,McLean
,,,,4621.0,https://www.inc.com/profile/infinite-windows,Infinite Windows,Construction,Doral
,,,,4622.0,https://www.inc.com/profile/quantum-workplace,Quantum Workplace,Software,Omaha
,,,,4623.0,https://www.inc.com/profile/municipay,MuniciPAY,Government Services,Portland
,,,,4624.0,https://www.inc.com/profile/primary-staffing,Primary Staffing,Human Resources,Chicago
,,,,4625.0,https://www.inc.com/profile/pyramid-technologies,Pyramid Technologies,Manufacturing,Mesa
,,,,4626.0,https://www.inc.com/profile/the-credit-pros,The Credit Pros,Consumer Products & Services,Newark
,,,,4627.0,https://www.inc.com/profile/americollect,Americollect,Health,Manitowoc
,,,,4628.0,https://www.inc.com/profile/nexgrill-industries,Nexgrill Industries,Consumer Products & Services,Chino
,,,,4629.0,https://www.inc.com/profile/cumming,Cumming,Construction,Los Angeles
,,,,4630.0,https://www.inc.com/profile/pinnacle-lodging,Pinnacle Lodging,Travel & Hospitality,Frisco
,,,,4631.0,https://www.inc.com/profile/haztek,HazTek,Business Products & Services,Medford
,,,,4632.0,https://www.inc.com/profile/sentinel-security-solutions,Sentinel Security Solutions,Security,Grover Beach
,,,,4633.0,https://www.inc.com/profile/streamline-publishing,Streamline Publishing,Advertising & Marketing,Boca Raton
,,,,4634.0,https://www.inc.com/profile/jc-restoration,J.C. Restoration,Construction,Rolling Meadows
,,,,4635.0,https://www.inc.com/profile/julianna-rae,Julianna Rae,Retail,Burlington
,,,,4636.0,https://www.inc.com/profile/landscape-workshop,Landscape Workshop,Environmental Services,Birmingham
,,,,4637.0,https://www.inc.com/profile/sacramento-rack-and-shelving,Sacramento Rack and Shelving,Business Products & Services,Sacramento
,,,,4638.0,https://www.inc.com/profile/touchsource,TouchSource,Business Products & Services,Lafayette
,,,,4639.0,https://www.inc.com/profile/msc-development,MSC Development,Consumer Products & Services,Fort Worth
,,,,4640.0,https://www.inc.com/profile/innovative-office-solutions,Innovative Office Solutions,Business Products & Services,Burnsville
,,,,4641.0,https://www.inc.com/profile/vha-prepaid-wireless,VHA Prepaid Wireless,Telecommunications,Diamond Bar
,,,,4642.0,https://www.inc.com/profile/AgentHR,ARG - AgentHR Recruiting Group,Human Resources,Suwanee
,,,,4643.0,https://www.inc.com/profile/trutech-tools,TruTech Tools,Business Products & Services,Mogadore
,,,,4644.0,https://www.inc.com/profile/peterman-heating-cooling-plumbing,"Peterman Heating, Cooling & Plumbing",Consumer Products & Services,Indianapolis
,,,,4645.0,https://www.inc.com/profile/secure-medical,Secure Medical,Health,tempe
,,,,4646.0,https://www.inc.com/profile/klemchuk-llp,Klemchuk,Business Products & Services,Dallas
,,,,4647.0,https://www.inc.com/profile/sundance-marketing-solutions,SunDance Marketing Solutions,Manufacturing,Orlando
,,,,4648.0,https://www.inc.com/profile/accellis-technology-group,Accellis Technology Group,IT Management,Cleveland
,,,,4649.0,https://www.inc.com/profile/danas-bakery,Dana's Bakery,Food & Beverage,South Hackensack
,,,,4650.0,https://www.inc.com/profile/northside-tool-rental,Northside Tool Rental,Retail,Atlanta
,,,,4651.0,https://www.inc.com/profile/precision-laser-services,Precision Laser Services,Manufacturing,Fort Wayne
,,,,4652.0,https://www.inc.com/profile/softworld,Softworld,Human Resources,Waltham
,,,,4653.0,https://www.inc.com/profile/neogov,Neogov,Human Resources,El Segundo
,,,,4654.0,https://www.inc.com/profile/meeting-tomorrow,Meeting Tomorrow,Business Products & Services,Chicago
,,,,4655.0,https://www.inc.com/profile/trilliant-surgical,Trilliant Surgical,Health,Houston
,,,,4656.0,https://www.inc.com/profile/medsource,MedSource,Health,Houston
,,,,4657.0,https://www.inc.com/profile/techmd,TechMD,IT Management,South Coast Metro
,,,,4658.0,https://www.inc.com/profile/dynamic-systems,Dynamic Systems,IT Management,El Segundo
,,,,4659.0,https://www.inc.com/profile/opys,OPYS,Health,Indianapolis
,,,,4660.0,https://www.inc.com/profile/the-copley-consulting-group,The Copley Consulting Group,IT Management,Woburn
,,,,4661.0,https://www.inc.com/profile/clickstop,Clickstop,Consumer Products & Services,Urbana
,,,,4662.0,https://www.inc.com/profile/weatherly-asset-management-lp,Weatherly Asset Management,Financial Services,Del Mar
,,,,4663.0,https://www.inc.com/profile/internet-creations,Internet Creations,Software,Hamilton
,,,,4664.0,https://www.inc.com/profile/rebelmouse,RebelMouse,Software,New York
,,,,4665.0,https://www.inc.com/profile/goldenhelix,Goldenhelix,Software,Bozeman
,,,,4666.0,https://www.inc.com/profile/infoworks,InfoWorks,IT System Development,Nashville
,,,,4667.0,https://www.inc.com/profile/motivworks,Motivworks,Business Products & Services,Seattle
,,,,4668.0,https://www.inc.com/profile/american-painting-renovations,American Painting & Renovations,Construction,Suwanee
,,,,4669.0,https://www.inc.com/profile/common-angle,Common Angle,IT Services,Petoskey
,,,,4670.0,https://www.inc.com/profile/carpet-source,Carpet Source,Consumer Products & Services,WINTER PARK
,,,,4671.0,https://www.inc.com/profile/annex-wealth-management,Annex Wealth Management,Financial Services,Elm Grove
,,,,4672.0,https://www.inc.com/profile/modern-technology-solutions,Modern Technology Solutions,Engineering,Alexandria
,,,,4673.0,https://www.inc.com/profile/carolinas-it,Carolinas IT,IT Services,Raleigh
,,,,4674.0,https://www.inc.com/profile/consolidated-asset-recovery-systems,Consolidated Asset Recovery Systems,Software,Raleigh
,,,,4675.0,https://www.inc.com/profile/mdg-connected-solutions,MDG Connected Solutions,Telecommunications,Crystal Lake
,,,,4676.0,https://www.inc.com/profile/park-square-homes,Park Square Homes,Construction,Orlando
,,,,4677.0,https://www.inc.com/profile/benchmark-realty,Benchmark Realty,Real Estate,Franklin
,,,,4678.0,https://www.inc.com/profile/bravotech,BravoTECH,Human Resources,Dallas
,,,,4679.0,https://www.inc.com/profile/butters-construction-development,Butters Construction & Development,Real Estate,Coconut Creek
,,,,4680.0,https://www.inc.com/profile/xposolutions,XpoSolutions,Logistics & Transportation,Lemont
,,,,4681.0,https://www.inc.com/profile/s-bravo-systems,S. Bravo Systems,Manufacturing,Commerce
,,,,4682.0,https://www.inc.com/profile/k-parks-consulting,K. Parks Consulting,Education,Melbourne
,,,,4683.0,https://www.inc.com/profile/wa-smith-financial-group,W.A. Smith Financial Group,Financial Services,Sandusky
,,,,4684.0,https://www.inc.com/profile/just-ryt-foods,Just Ryt Foods,Food & Beverage,Pompano Beach
,,,,4685.0,https://www.inc.com/profile/van-horn-law-group-pa,"Van Horn Law Group, PA",Consumer Products & Services,Fort Lauderdale
,,,,4686.0,https://www.inc.com/profile/five-star-restoration,Five Star Restoration,Construction,Gold River
,,,,4687.0,https://www.inc.com/profile/rapid-response-marketing,Rapid Response Marketing,Advertising & Marketing,Las Vegas
,,,,4688.0,https://www.inc.com/profile/grobstein-teeple,Grobstein Teeple,Financial Services,Woodland Hills
,,,,4689.0,https://www.inc.com/profile/scalefast,Scalefast,Business Products & Services,El Segundo
,,,,4690.0,https://www.inc.com/profile/jl-dimensional-services,J&L Dimensional Services,Manufacturing,La Porte
,,,,4691.0,https://www.inc.com/profile/lss-life-safety-services,LSS Life Safety Services,Business Products & Services,Louisville
,,,,4692.0,https://www.inc.com/profile/cardinal-staffing-services,Cardinal Staffing Services,Human Resources,Maumee
,,,,4693.0,https://www.inc.com/profile/plumbing-hvac-seo,Plumbing & HVAC SEO,Advertising & Marketing,Doral
,,,,4694.0,https://www.inc.com/profile/underground-printing,Underground Printing,Consumer Products & Services,Ann Arbor
,,,,4695.0,https://www.inc.com/profile/bridge-partners,Bridge Partners,Business Products & Services,Kirkland
,,,,4696.0,https://www.inc.com/profile/advent-advisory-group,Advent Advisory Group,Health,Northport
,,,,4697.0,https://www.inc.com/profile/total-maintenance-services,Total Maintenance Services,Business Products & Services,Toms River
,,,,4698.0,https://www.inc.com/profile/improving,Improving,IT Management,Plano
,,,,4699.0,https://www.inc.com/profile/corefact,Corefact,Advertising & Marketing,Hayward
,,,,4700.0,https://www.inc.com/profile/express-corporate-housing,Express Corporate Housing,Travel & Hospitality,Houston
,,,,4701.0,https://www.inc.com/profile/any-lab-test-now,Any Lab Test Now,Health,Woodstock
,,,,4702.0,https://www.inc.com/profile/monster-technology,Monster Technology,Business Products & Services,Lawndale
,,,,4703.0,https://www.inc.com/profile/reliable-pharmaceutical-returns,Reliable Pharmaceutical Returns,Health,Nashville
,,,,4704.0,https://www.inc.com/profile/smoothie-king,Smoothie King,Food & Beverage,Dallas
,,,,4705.0,https://www.inc.com/profile/access-physical-therapy,Access Physical Therapy,Health,Campbell Hall
,,,,4706.0,https://www.inc.com/profile/exhibitus,Exhibitus,Advertising & Marketing,Tucker
,,,,4707.0,https://www.inc.com/profile/scrimmage,Scrimmage,Software,Minneapolis
,,,,4708.0,https://www.inc.com/profile/athaco,Athaco,Manufacturing,Ontario
,,,,4709.0,https://www.inc.com/profile/the-garland-company,The Garland Company,Manufacturing,Cleveland
,,,,4710.0,https://www.inc.com/profile/md-connect,MD Connect,Advertising & Marketing,Waltham
,,,,4711.0,https://www.inc.com/profile/4-walls,4 Walls,Advertising & Marketing,Narberth
,,,,4712.0,https://www.inc.com/profile/radiant-plumbing-air-conditioning,Radiant Plumbing & Air Conditioning,Consumer Products & Services,Austin
,,,,4713.0,https://www.inc.com/profile/medicus-healthcare-solutions,Medicus Healthcare Solutions,Health,Windham
,,,,4714.0,https://www.inc.com/profile/nassau-national-cable,Nassau National Cable,Business Products & Services,GREAT NECK
,,,,4715.0,https://www.inc.com/profile/duvals-fresh-local-seafood,Duval's Fresh. Local. Seafood.,Food & Beverage,Sarasota
,,,,4716.0,https://www.inc.com/profile/leigh-marcus-properties,Leigh Marcus | @properties,Real Estate,Chicago
,,,,4717.0,https://www.inc.com/profile/dimensional-innovations,Dimensional Innovations,Business Products & Services,Overland Park
,,,,4718.0,https://www.inc.com/profile/united-services-group,United Services Group,Construction,Charlotte
,,,,4719.0,https://www.inc.com/profile/mgx-copy,MGX Copy,Business Products & Services,San Diego
,,,,4720.0,https://www.inc.com/profile/well-crafted-wine-beverage,Well Crafted Wine & Beverage,Food & Beverage,Manassas
,,,,4721.0,https://www.inc.com/profile/intelligent-logistics,Intelligent Logistics,Logistics & Transportation,Austin
,,,,4722.0,https://www.inc.com/profile/quaker-window-products,Quaker Window Products,Manufacturing,Freeburg
,,,,4723.0,https://www.inc.com/profile/3nom,3nom,IT Services,Teaneck
,,,,4724.0,https://www.inc.com/profile/netropole,Netropole,IT Services,Portland
,,,,4725.0,https://www.inc.com/profile/northstar-restoration-services,NorthStar Restoration Services,Construction,Wausau
,,,,4726.0,https://www.inc.com/profile/scisafe,SciSafe,Health,Cranbury
,,,,4727.0,https://www.inc.com/profile/zipline-logistics,Zipline Logistics,Logistics & Transportation,Columbus
,,,,4728.0,https://www.inc.com/profile/intellifarms,Intellifarms,Engineering,Garden City
,,,,4729.0,https://www.inc.com/profile/neostek,Neostek,Government Services,Arlington
,,,,4730.0,https://www.inc.com/profile/dciny,Dciny,Media,New York
,,,,4731.0,https://www.inc.com/profile/arservices,ARServices,Government Services,Alexandria
,,,,4732.0,https://www.inc.com/profile/black-clover-enterprises,Black Clover Enterprises,Consumer Products & Services,DRAPER
,,,,4733.0,https://www.inc.com/profile/redtail-technology,Redtail Technology,Software,Sacramento
,,,,4734.0,https://www.inc.com/profile/quality-mobile-home-services,Quality Mobile Home Services,Construction,Lake Elsinore
,,,,4735.0,https://www.inc.com/profile/list-partners,List Partners,Advertising & Marketing,Atlanta
,,,,4736.0,https://www.inc.com/profile/ben-kinney-companies,Ben Kinney Companies,Real Estate,Bellingham
,,,,4737.0,https://www.inc.com/profile/applied-imaging,Applied Imaging,Business Products & Services,Grand Rapids
,,,,4738.0,https://www.inc.com/profile/orthopedic-motion,Orthopedic Motion,Health,Las Vegas
,,,,4739.0,https://www.inc.com/profile/windhaven-insurance,Windhaven Insurance,Insurance,Miami
,,,,4740.0,https://www.inc.com/profile/advice-media,Advice Media,Advertising & Marketing,Park CIty
,,,,4741.0,https://www.inc.com/profile/seam-group,SEAM Group,Business Products & Services,Indianapolis
,,,,4742.0,https://www.inc.com/profile/studio-movie-grill,Studio Movie Grill,Food & Beverage,Dallas
,,,,4743.0,https://www.inc.com/profile/actenviro,ACTenviro,Construction,San Jose
,,,,4744.0,https://www.inc.com/profile/imperial-lighting-maintenance-company,Imperial Lighting Maintenance Company,Business Products & Services,Chicago
,,,,4745.0,https://www.inc.com/profile/nexus-systems,Nexus Systems,Software,Falls Church
,,,,4746.0,https://www.inc.com/profile/program-productions,Program Productions,Media,Lombard
,,,,4747.0,https://www.inc.com/profile/shopperschoicecom-dba-bbqguys,ShoppersChoice.com dba BBQGuys,Consumer Products & Services,Baton Rouge
,,,,4748.0,https://www.inc.com/profile/plastic-molding-technology,Plastic Molding Technology,Manufacturing,EL PASO
,,,,4749.0,https://www.inc.com/profile/l-squared-engineering,L Squared Engineering,Engineering,Montgomery
,,,,4750.0,https://www.inc.com/profile/monkee-boy-web-design,Monkee-Boy Web Design,Advertising & Marketing,Austin
,,,,4751.0,https://www.inc.com/profile/crown-coverings,Crown Coverings,Construction,Roselle
,,,,4752.0,https://www.inc.com/profile/jones-therapy-services,Jones Therapy Services,Health,Franklin
,,,,4753.0,https://www.inc.com/profile/royal-interpack-group-usa,Royal Interpack Group USA,Manufacturing,RIVERSIDE
,,,,4754.0,https://www.inc.com/profile/harmonics-consulting,Harmonics Consulting,Government Services,Fairfax
,,,,4755.0,https://www.inc.com/profile/spacebound,SpaceBound,Retail,Lagrange
,,,,4756.0,https://www.inc.com/profile/schneller-and-knochelmann-plumbing-heating-and-air,Schneller and Knochelmann Plumbing Heating and Air,Consumer Products & Services,Cincinnati
,,,,4757.0,https://www.inc.com/profile/multilingual-connections,Multilingual Connections,Business Products & Services,Evanston
,,,,4758.0,https://www.inc.com/profile/image-systems,Image Systems,Business Products & Services,Elk Grove Village
,,,,4759.0,https://www.inc.com/profile/universal-plant-services,Universal Plant Services,Construction,Deer Park
,,,,4760.0,https://www.inc.com/profile/boston-government-services,Boston Government Services,Government Services,Oak Ridge
,,,,4761.0,https://www.inc.com/profile/mobiledemand,MobileDemand,Computer Hardware,Hiawatha
,,,,4762.0,https://www.inc.com/profile/buckfire-buckfire,Buckfire & Buckfire,Consumer Products & Services,Southfield
,,,,4763.0,https://www.inc.com/profile/employment-screening-services,Employment Screening Services,Human Resources,Birmingham
,,,,4764.0,https://www.inc.com/profile/certified-languages-international,Certified Languages International,Business Products & Services,Portland
,,,,4765.0,https://www.inc.com/profile/empist,Empist,IT Management,Chicago
,,,,4766.0,https://www.inc.com/profile/secure-ideas,Secure Ideas,Security,Jacksonville
,,,,4767.0,https://www.inc.com/profile/sedona-soul-adventures,Sedona Soul Adventures,Health,Sedona
,,,,4768.0,https://www.inc.com/profile/debtmerica,Debtmerica,Financial Services,Santa Ana
,,,,4769.0,https://www.inc.com/profile/clarity-software-solutions,Clarity Software Solutions,Software,Madison
,,,,4770.0,https://www.inc.com/profile/mobile-advance,Mobile Advance,Computer Hardware,Chino
,,,,4771.0,https://www.inc.com/profile/eating-recovery-center,Eating Recovery Center,Health,Denver
,,,,4772.0,https://www.inc.com/profile/career-support-systems,Career Support Systems,Health,Richmond
,,,,4773.0,https://www.inc.com/profile/coury-buehler-physical-therapy,Coury & Buehler Physical Therapy,Health,Brea
,,,,4774.0,https://www.inc.com/profile/hughes-environmental,Hughes Environmental,Environmental Services,Louisville
,,,,4775.0,https://www.inc.com/profile/jkaiser-workspaces,JKaiser Workspaces,Retail,Tucson
,,,,4776.0,https://www.inc.com/profile/milosi,Milosi,Business Products & Services,Hendersonville
,,,,4777.0,https://www.inc.com/profile/the-kingston-group,The Kingston Group,Construction,Nashville
,,,,4778.0,https://www.inc.com/profile/rhythmlink-international,Rhythmlink International,Manufacturing,Columbia
,,,,4779.0,https://www.inc.com/profile/tech-guru,Tech Guru,IT Management,Minneapolis
,,,,4780.0,https://www.inc.com/profile/priority-designs,Priority Designs,Business Products & Services,Columbus
,,,,4781.0,https://www.inc.com/profile/strategic-factory,Strategic Factory,Advertising & Marketing,Owings Mills
,,,,4782.0,https://www.inc.com/profile/wet-sounds,Wet Sounds,Manufacturing,Houston
,,,,4783.0,https://www.inc.com/profile/snapshot-interactive,SnapShot Interactive,Advertising & Marketing,Nashville
,,,,4784.0,https://www.inc.com/profile/gxa-network-solutions,GXA Network Solutions,IT Services,Richardson
,,,,4785.0,https://www.inc.com/profile/del-toro-loan-servicing,Del Toro Loan Servicing,Financial Services,Chula Vista
,,,,4786.0,https://www.inc.com/profile/xidax-pcs,Xidax PCs,Computer Hardware,Midvale
,,,,4787.0,https://www.inc.com/profile/rf-smart,RF-Smart,Software,Jacksonville
,,,,4788.0,https://www.inc.com/profile/davenport-group,Davenport Group,IT Management,St. Paul
,,,,4789.0,https://www.inc.com/profile/century-solutions-group,Century Solutions Group,IT Management,Tyrone
,,,,4790.0,https://www.inc.com/profile/transport-services,Transport Services,Logistics & Transportation,Cleveland
,,,,4791.0,https://www.inc.com/profile/pariveda-solutions,Pariveda Solutions,IT Management,Dallas
,,,,4792.0,https://www.inc.com/profile/clarion-security,Clarion Security,Security,memphis
,,,,4793.0,https://www.inc.com/profile/big-d-construction-corp,Big-D Construction Corp.,Construction,Salt Lake City
,,,,4794.0,https://www.inc.com/profile/hrq,hrQ,Human Resources,Denver
,,,,4795.0,https://www.inc.com/profile/neta-scientific,Neta Scientific,Business Products & Services,Hainesport
,,,,4796.0,https://www.inc.com/profile/angeion-group,Angeion Group,Business Products & Services,Philadelphia
,,,,4797.0,https://www.inc.com/profile/fig,FIG,Advertising & Marketing,New York
,,,,4798.0,https://www.inc.com/profile/keen-360,Keen 360,Business Products & Services,King
,,,,4799.0,https://www.inc.com/profile/world-of-wheels,World of Wheels,Retail,West Des Moines
,,,,4800.0,https://www.inc.com/profile/saffron-road-foods,Saffron Road Foods,Consumer Products & Services,Stamford
,,,,4801.0,https://www.inc.com/profile/readerlink,Readerlink,Consumer Products & Services,Oak Brook
,,,,4802.0,https://www.inc.com/profile/cap-city-dental-lab,Cap City Dental Lab,Manufacturing,Columbus
,,,,4803.0,https://www.inc.com/profile/next-day-dumpsters,Next Day Dumpsters,Consumer Products & Services,Gaithersburg
,,,,4804.0,https://www.inc.com/profile/tapestry-technologies,Tapestry Technologies,Security,Chambersburg
,,,,4805.0,https://www.inc.com/profile/ipipeline,ipipeline,Software,Downingtown
,,,,4806.0,https://www.inc.com/profile/7summits,7Summits,Business Products & Services,Milwaukee
,,,,4807.0,https://www.inc.com/profile/raw-artists,RAW Artists,Advertising & Marketing,Los Angeles
,,,,4808.0,https://www.inc.com/profile/3-blind-mice-window-coverings,3 Blind Mice Window Coverings,Business Products & Services,San Diego
,,,,4809.0,https://www.inc.com/profile/infutor-data-solutions,Infutor Data Solutions,Business Products & Services,Oakbrook Terrace
,,,,4810.0,https://www.inc.com/profile/re-360,RE 360,Real Estate,Pittsburgh
,,,,4811.0,https://www.inc.com/profile/sterling-computers,Sterling Computers,Government Services,Dakota Dunes
,,,,4812.0,https://www.inc.com/profile/constellation-software-engineering,Constellation Software Engineering,Government Services,Annapolis
,,,,4813.0,https://www.inc.com/profile/abacus-wealth-partners,Abacus Wealth Partners,Financial Services,Santa Monica
,,,,4814.0,https://www.inc.com/profile/ebs-associates,Ebs Associates,Financial Services,Tigard
,,,,4815.0,https://www.inc.com/profile/reach-sports-marketing-group,Reach Sports Marketing Group,Advertising & Marketing,Eden Prairie
,,,,4816.0,https://www.inc.com/profile/oxi-fresh-carpet-cleaning,Oxi Fresh Carpet Cleaning,Consumer Products & Services,Lakewood
,,,,4817.0,https://www.inc.com/profile/rezora,rezora,Advertising & Marketing,Boulder
,,,,4818.0,https://www.inc.com/profile/barone-consulting,Barone Consulting,Government Services,Arlington
,,,,4819.0,https://www.inc.com/profile/skyplanner,SkyPlanner,IT Services,Miami
,,,,4820.0,https://www.inc.com/profile/rogers-healy-and-associates-real-estate,Rogers Healy and Associates Real Estate,Real Estate,Dallas
,,,,4821.0,https://www.inc.com/profile/arora-engineers,Arora Engineers,Engineering,Chadds Ford
,,,,4822.0,https://www.inc.com/profile/victor-12,Victor 12,Government Services,Orlando
,,,,4823.0,https://www.inc.com/profile/cassaday-company,Cassaday & Company,Financial Services,Mclean
,,,,4824.0,https://www.inc.com/profile/fresh-technology,Fresh Technology,IT Services,Hoover
,,,,4825.0,https://www.inc.com/profile/ej4,ej4,Business Products & Services,St. Louis
,,,,4826.0,https://www.inc.com/profile/managed-solution,Managed Solution,IT Management,San Diego
,,,,4827.0,https://www.inc.com/profile/clubdrive-systems,ClubDrive Systems,IT Services,Atlanta
,,,,4828.0,https://www.inc.com/profile/gantom-lighting,Gantom Lighting,Manufacturing,Valencia
,,,,4829.0,https://www.inc.com/profile/partner-assessment,Partner Assessment,Environmental Services,Torrance
,,,,4830.0,https://www.inc.com/profile/grapevine-msp-technology-services,Grapevine MSP Technology Services,IT Services,Bakersfield
,,,,4831.0,https://www.inc.com/profile/traffic-planning-and-design,Traffic Planning and Design,Engineering,Pottstown
,,,,4832.0,https://www.inc.com/profile/jpl,JPL,Advertising & Marketing,Harrisburg
,,,,4833.0,https://www.inc.com/profile/meridian-star-pos,Meridian Star POS,Software,Oakland Park
,,,,4834.0,https://www.inc.com/profile/choura-events,Choura Events,Business Products & Services,Torrance
,,,,4835.0,https://www.inc.com/profile/money-matters-with-ken-moraif,Money Matters with Ken Moraif,Financial Services,Plano
,,,,4836.0,https://www.inc.com/profile/acquia,Acquia,Software,Boston
,,,,4837.0,https://www.inc.com/profile/wood-expressions,Wood Expressions,Consumer Products & Services,Los Angeles
,,,,4838.0,https://www.inc.com/profile/softcrylic,Softcrylic,IT Management,Minneapolis
,,,,4839.0,https://www.inc.com/profile/thread,Thread,Human Resources,Alpharetta
,,,,4840.0,https://www.inc.com/profile/full-visibility,Full Visibility,Government Services,Vienna
,,,,4841.0,https://www.inc.com/profile/bizstream,BizStream,Software,Allendale
,,,,4842.0,https://www.inc.com/profile/american-technologies,American Technologies,Construction,Anaheim
,,,,4843.0,https://www.inc.com/profile/cold-jet,Cold Jet,Manufacturing,Loveland
,,,,4844.0,https://www.inc.com/profile/mosaic-technologies-group,Mosaic Technologies Group,Government Services,Fulton
,,,,4845.0,https://www.inc.com/profile/bast-amron-llp,Bast Amron LLP,Business Products & Services,Miami
,,,,4846.0,https://www.inc.com/profile/kaplansky-insurance-agency,Kaplansky Insurance Agency,Insurance,Needham
,,,,4847.0,https://www.inc.com/profile/link-strategic-partners,LINK Strategic Partners,Advertising & Marketing,Washington
,,,,4848.0,https://www.inc.com/profile/air-control-air-conditioning,Air Control Air Conditioning,Construction,Lake Havasu City
,,,,4849.0,https://www.inc.com/profile/commcreative,CommCreative,Advertising & Marketing,Framingham
,,,,4850.0,https://www.inc.com/profile/equus-software,Equus Software,Software,Denver
,,,,4851.0,https://www.inc.com/profile/pmd,pMD,Health,San Francisco
,,,,4852.0,https://www.inc.com/profile/nina-hale,Nina Hale,Advertising & Marketing,Minneapolis
,,,,4853.0,https://www.inc.com/profile/five-lakes-professional-services,Five Lakes Professional Services,Business Products & Services,Mayfield Heights
,,,,4854.0,https://www.inc.com/profile/vance-thompson-vision,Vance Thompson Vision,Health,Sioux Falls
,,,,4855.0,https://www.inc.com/profile/netplanner-systems,NetPlanner Systems,Telecommunications,Peachtree Corners
,,,,4856.0,https://www.inc.com/profile/openarc,OpenArc,IT Management,Wexford
,,,,4857.0,https://www.inc.com/profile/stonebrooke-engineering,Stonebrooke Engineering,Government Services,Burnsville
,,,,4858.0,https://www.inc.com/profile/foreman-therapy-services,Foreman Therapy Services,Health,Dallas
,,,,4859.0,https://www.inc.com/profile/computer-solutions-east,Computer Solutions East,IT Management,New Rochelle
,,,,4860.0,https://www.inc.com/profile/dobi-associates,Dobi & Associates,Business Products & Services,San Diego
,,,,4861.0,https://www.inc.com/profile/redpepper,Redpepper,Advertising & Marketing,Nashville
,,,,4862.0,https://www.inc.com/profile/w-l-french-excavating,W. L. French Excavating,Construction,North Billerica
,,,,4863.0,https://www.inc.com/profile/us-logistics,US Logistics,Logistics & Transportation,Cincinnati
,,,,4864.0,https://www.inc.com/profile/kbts-technologies,KBTS Technologies,IT System Development,Novi
,,,,4865.0,https://www.inc.com/profile/securestrux,SecureStrux,Security,Arlington
,,,,4866.0,https://www.inc.com/profile/mcgill-restoration,McGill Restoration,Construction,Omaha
,,,,4867.0,https://www.inc.com/profile/the-greer-group,The Greer Group,Human Resources,Raleigh
,,,,4868.0,https://www.inc.com/profile/zone-enterprises,Zone Enterprises,Manufacturing,St Louis
,,,,4869.0,https://www.inc.com/profile/kidder-mathews,Kidder Mathews,Real Estate,Seattle
,,,,4870.0,https://www.inc.com/profile/creative-alignments,Creative Alignments,Human Resources,Boulder
,,,,4871.0,https://www.inc.com/profile/muscular-moving-men-storage,Muscular Moving Men & Storage,Logistics & Transportation,Phoenix
,,,,4872.0,https://www.inc.com/profile/senior1care,Senior1Care,Health,Mishawaka
,,,,4873.0,https://www.inc.com/profile/datatility,Datatility,IT System Development,Ashburn
,,,,4874.0,https://www.inc.com/profile/evok-advertising,Evok Advertising,Advertising & Marketing,Lake Mary
,,,,4875.0,https://www.inc.com/profile/extension,Extension,Human Resources,Milwaukee
,,,,4876.0,https://www.inc.com/profile/sovereign-lending-group,Sovereign Lending Group,Financial Services,Costa Mesa
,,,,4877.0,https://www.inc.com/profile/veracity-consulting,Veracity Consulting,IT Services,Overland Park
,,,,4878.0,https://www.inc.com/profile/quest-national-services,Quest National Services,Business Products & Services,Orlando
,,,,4879.0,https://www.inc.com/profile/high-level-marketing,High Level Marketing,Advertising & Marketing,West Bloomfield
,,,,4880.0,https://www.inc.com/profile/4cite-marketing,4CITE Marketing,Software,Albany
,,,,4881.0,https://www.inc.com/profile/liquid-technology,Liquid Technology,IT Services,Brooklyn
,,,,4882.0,https://www.inc.com/profile/the-event-studio,The Event Studio,Business Products & Services,Parker
,,,,4883.0,https://www.inc.com/profile/ion-exhibits,Ion Exhibits,Advertising & Marketing,Itasca
,,,,4884.0,https://www.inc.com/profile/reliant-foodservice,Reliant Foodservice,Food & Beverage,Temecula
,,,,4885.0,https://www.inc.com/profile/argent-financial-group,Argent Financial Group,Financial Services,Ruston
,,,,4886.0,https://www.inc.com/profile/threepds,ThreePDS,Human Resources,Addison
,,,,4887.0,https://www.inc.com/profile/body-details,BODY DETAILS,Retail,Boca Raton
,,,,4888.0,https://www.inc.com/profile/all-american-pest-control,All-American Pest Control,Consumer Products & Services,Nashville
,,,,4889.0,https://www.inc.com/profile/timmons-group,Timmons Group,Engineering,Richmond
,,,,4890.0,https://www.inc.com/profile/american-drapery-systems,American Drapery Systems,Business Products & Services,GOLDEN VALLEY
,,,,4891.0,https://www.inc.com/profile/noble-capital-group,Noble Capital Group,Financial Services,Austin
,,,,4892.0,https://www.inc.com/profile/environmental-lights,Environmental Lights,Business Products & Services,San Diego
,,,,4893.0,https://www.inc.com/profile/shipoffers,ShipOffers,Health,Centennial
,,,,4894.0,https://www.inc.com/profile/gen3-marketing,Gen3 Marketing,Advertising & Marketing,Blue Bell
,,,,4895.0,https://www.inc.com/profile/harvest-software-solutions,Harvest Software Solutions,IT System Development,Jacksonville
,,,,4896.0,https://www.inc.com/profile/snap36,Snap36,Consumer Products & Services,Chicago
,,,,4897.0,https://www.inc.com/profile/tekcommands,TekCommands,IT System Development,Troy
,,,,4898.0,https://www.inc.com/profile/horizontal-integration,Horizontal Integration,IT Management,Saint Louis Park
,,,,4899.0,https://www.inc.com/profile/manifold,Manifold,Advertising & Marketing,San Francisco
,,,,4900.0,https://www.inc.com/profile/profit-builders,Profit Builders,Financial Services,Wichita
,,,,4901.0,https://www.inc.com/profile/microsystems-automation-group,MicroSystems Automation Group,Government Services,FALLS CHURCH
,,,,4902.0,https://www.inc.com/profile/hirewell,Hirewell,Human Resources,Chicago
,,,,4903.0,https://www.inc.com/profile/meathead-movers,Meathead Movers,Logistics & Transportation,San Luis Obispo
,,,,4904.0,https://www.inc.com/profile/freedom-information-systems,Freedom Information Systems,Government Services,Tampa
,,,,4905.0,https://www.inc.com/profile/in-store-experience,In Store Experience,Advertising & Marketing,Westport
,,,,4906.0,https://www.inc.com/profile/ckd-technology-partners,CKD Technology Partners,Software,Wheat Ridge
,,,,4907.0,https://www.inc.com/profile/civicminds,CivicMinds,Human Resources,STANTON
,,,,4908.0,https://www.inc.com/profile/addventures,(Add)ventures,Advertising & Marketing,East Providence
,,,,4909.0,https://www.inc.com/profile/agent-elite,Agent Elite,Advertising & Marketing,Newport Beach
,,,,4910.0,https://www.inc.com/profile/frontier-truck-gear,Frontier Truck Gear,Manufacturing,Center Point
,,,,4911.0,https://www.inc.com/profile/page-per-page,Page Per Page,Business Products & Services,Chandler
,,,,4912.0,https://www.inc.com/profile/360-wraps,360 Wraps,Advertising & Marketing,Dallas
,,,,4913.0,https://www.inc.com/profile/audio-visual-management-solutions,Audio Visual Management Solutions,Travel & Hospitality,Seattle
,,,,4914.0,https://www.inc.com/profile/watersports-central,WaterSports Central,Retail,BUFORD
,,,,4915.0,https://www.inc.com/profile/red-caffeine,Red Caffeine,Advertising & Marketing,Lombard
,,,,4916.0,https://www.inc.com/profile/netria-corporation,Netria Corporation,Computer Hardware,Exeter
,,,,4917.0,https://www.inc.com/profile/tayse-international-trading,Tayse International Trading,Consumer Products & Services,CALHOUN
,,,,4918.0,https://www.inc.com/profile/open-sky-group,Open Sky Group,Logistics & Transportation,Fuquay-Varina
,,,,4919.0,https://www.inc.com/profile/procentrix,Procentrix,IT System Development,Herndon
,,,,4920.0,https://www.inc.com/profile/avenue-link,Avenue Link,Advertising & Marketing,Overland Park
,,,,4921.0,https://www.inc.com/profile/vantage-outsourcing,Vantage Outsourcing,Health,Effingham
,,,,4922.0,https://www.inc.com/profile/wtwh-media,WTWH Media,Media,Cleveland
,,,,4923.0,https://www.inc.com/profile/across-borders-management-consulting-group,Across Borders Management Consulting Group,IT Services,Lake Mary
,,,,4924.0,https://www.inc.com/profile/clayton-signs,Clayton Signs,Manufacturing,Lake City
,,,,4925.0,https://www.inc.com/profile/upsellit,UpSellit,Business Products & Services,Agoura Hills
,,,,4926.0,https://www.inc.com/profile/pavone-marketing-group,Pavone Marketing Group,Advertising & Marketing,Harrisburg
,,,,4927.0,https://www.inc.com/profile/84-lumber-company,84 Lumber Company,Construction,Eighty Four
,,,,4928.0,https://www.inc.com/profile/blount-fine-foods,Blount Fine Foods,Food & Beverage,Fall River
,,,,4929.0,https://www.inc.com/profile/280-group,280 Group,Business Products & Services,Los Gatos
,,,,4930.0,https://www.inc.com/profile/virtual-supply,Virtual Supply,Consumer Products & Services,Beaverton
,,,,4931.0,https://www.inc.com/profile/green-mountain-technology,Green Mountain Technology,Logistics & Transportation,Memphis
,,,,4932.0,https://www.inc.com/profile/paradigm-sample,Paradigm Sample,Advertising & Marketing,Port Washington
,,,,4933.0,https://www.inc.com/profile/lasalle-network,LaSalle Network,Human Resources,Chicago
,,,,4934.0,https://www.inc.com/profile/team-velocity,Team Velocity,Advertising & Marketing,Herndon
,,,,4935.0,https://www.inc.com/profile/softerware,SofterWare,Software,Fort Washington
,,,,4936.0,https://www.inc.com/profile/trextel,Trextel,IT Services,Duluth
,,,,4937.0,https://www.inc.com/profile/john-greene-realtor,John Greene Realtor,Real Estate,Naperville
,,,,4938.0,https://www.inc.com/profile/johnston-architectural-systems,Johnston Architectural Systems,Manufacturing,Jacksonville
,,,,4939.0,https://www.inc.com/profile/wine-cellar-international,Wine Cellar International,Construction,Fort Lauderdale
,,,,4940.0,https://www.inc.com/profile/tekla-research,Tekla Research,Government Services,Fredericksburg
,,,,4941.0,https://www.inc.com/profile/perfecta,Perfecta,IT System Development,Springfield
,,,,4942.0,https://www.inc.com/profile/green-lawn-fertilizing,Green Lawn Fertilizing,Consumer Products & Services,West Chester
,,,,4943.0,https://www.inc.com/profile/icube-consultancy-services,Icube Consultancy Services,IT Services,Jacksonville
,,,,4944.0,https://www.inc.com/profile/access-tca,Access TCA,Advertising & Marketing,Whitinsville
,,,,4945.0,https://www.inc.com/profile/intercambio-express,Intercambio Express,Financial Services,Elkhart
,,,,4946.0,https://www.inc.com/profile/precision-machinery-systems,Precision Machinery Systems,Manufacturing,York
,,,,4947.0,https://www.inc.com/profile/audacious-inquiry,Audacious Inquiry,Software,Baltimore
,,,,4948.0,https://www.inc.com/profile/usa-financial,USA Financial,Financial Services,Ada
,,,,4949.0,https://www.inc.com/profile/bankers-healthcare-group,Bankers Healthcare Group,Financial Services,Davie
,,,,4950.0,https://www.inc.com/profile/mmi-engineered-solutions,MMI Engineered Solutions,Manufacturing,Saline
,,,,4951.0,https://www.inc.com/profile/miles-technologies,Miles Technologies,IT Services,Lumberton
,,,,4952.0,https://www.inc.com/profile/centurion-land-title,Centurion Land Title,Real Estate,Fort Wayne
,,,,4953.0,https://www.inc.com/profile/data-path,Data Path,IT Services,Modesto
,,,,4954.0,https://www.inc.com/profile/cogent-solutions,Cogent Solutions,Government Services,Fredericksburg
,,,,4955.0,https://www.inc.com/profile/oceans-healthcare,Oceans Healthcare,Health,Plano
,,,,4956.0,https://www.inc.com/profile/adelante-consulting,Adelante Consulting,Environmental Services,Beaufort
,,,,4957.0,https://www.inc.com/profile/proliant,Proliant,Business Products & Services,Atlanta
,,,,4958.0,https://www.inc.com/profile/american-specialty-health,American Specialty Health,Health,Carmel
,,,,4959.0,https://www.inc.com/profile/western-timber-frame,Western Timber Frame,Manufacturing,Lehi
,,,,4960.0,https://www.inc.com/profile/exact-data,Exact Data,Advertising & Marketing,Chicago
,,,,4961.0,https://www.inc.com/profile/corevist,Corevist,Software,Raleigh
,,,,4962.0,https://www.inc.com/profile/m9-solutions,M9 Solutions,IT Management,Atlanta
,,,,4963.0,https://www.inc.com/profile/monogram-foods,Monogram Foods,Food & Beverage,Memphis
,,,,4964.0,https://www.inc.com/profile/workforce-software,WorkForce Software,Software,Livonia
,,,,4965.0,https://www.inc.com/profile/morris---sockle-pllc,"Morris - Sockle, PLLC",Consumer Products & Services,Olympia
,,,,4966.0,https://www.inc.com/profile/drexel-building-supply,Drexel Building Supply,Construction,Campbellsport
,,,,4967.0,https://www.inc.com/profile/alliance-2020,Alliance 2020,Business Products & Services,Renton
,,,,4968.0,https://www.inc.com/profile/atlas-oil-company,Atlas Oil Company,Energy,Taylor
,,,,4969.0,https://www.inc.com/profile/clearlyrated,ClearlyRated,Software,Portland
,,,,4970.0,https://www.inc.com/profile/americaneaglecom,Americaneagle.com,Business Products & Services,Des Plaines
,,,,4971.0,https://www.inc.com/profile/freedom-boat-club,Freedom Boat Club,Consumer Products & Services,Venice
,,,,4972.0,https://www.inc.com/profile/the-smb-help-desk,The SMB Help Desk,IT Services,Chicago
,,,,4973.0,https://www.inc.com/profile/malone-media-group,Malone Media Group,Advertising & Marketing,Houston
,,,,4974.0,https://www.inc.com/profile/pacific-dental-services,Pacific Dental Services,Health,Irvine
,,,,4975.0,https://www.inc.com/profile/the-perfect-workout,The Perfect Workout,Health,Encinitass
,,,,4976.0,https://www.inc.com/profile/spur,Spur,Human Resources,Huntsville
,,,,4977.0,https://www.inc.com/profile/jetco-delivery,Jetco Delivery,Logistics & Transportation,Houston
,,,,4978.0,https://www.inc.com/profile/internet-marketing-expert-group,Internet Marketing Expert Group,Travel & Hospitality,Sevierville
,,,,4979.0,https://www.inc.com/profile/jackson-design-and-remodeling,Jackson Design and Remodeling,Construction,San Diego
,,,,4980.0,https://www.inc.com/profile/msnw-group,MSNW Group,Business Products & Services,Ferndale
,,,,4981.0,https://www.inc.com/profile/starfire-direct,Starfire Direct,Retail,Temecula
,,,,4982.0,https://www.inc.com/profile/advantage-gold,Advantage Gold,Financial Services,Los Angeles
,,,,4983.0,https://www.inc.com/profile/film-solutions,Film Solutions,Software,Burbank
,,,,4984.0,https://www.inc.com/profile/dymax,Dymax,Manufacturing,Torrington
,,,,4985.0,https://www.inc.com/profile/equip-studio,Equip Studio,Construction,GREENVILLE
,,,,4986.0,https://www.inc.com/profile/sunation-solar-systems,SUNation Solar Systems,Energy,RONKONKOMA
,,,,4987.0,https://www.inc.com/profile/imarket-solutions,iMarket Solutions,Advertising & Marketing,Burlington
,,,,4988.0,https://www.inc.com/profile/vector-choice-technology-solutions,Vector Choice Technology Solutions,IT Management,Duluth
,,,,4989.0,https://www.inc.com/profile/taco-truck-creative,Taco Truck Creative,Advertising & Marketing,Carlsbad
,,,,4990.0,https://www.inc.com/profile/smart-energy-today,Smart Energy Today,Energy,Tumwater
,,,,4991.0,https://www.inc.com/profile/Distillery,Distillery,Software,Santa Monica
,,,,4992.0,https://www.inc.com/profile/american-thermal-systems,American Thermal Systems,Construction,Conroe
,,,,4993.0,https://www.inc.com/profile/red-six-media,Red Six Media,Advertising & Marketing,Baton Rouge
,,,,4994.0,https://www.inc.com/profile/gemini-power-systems,Gemini Power Systems,Telecommunications,Saint Petersburg
,,,,4995.0,https://www.inc.com/profile/golden-star-technology,Golden Star Technology,IT Services,Cerritos
,,,,4996.0,https://www.inc.com/profile/village-plumbing-air,Village Plumbing & Air,Consumer Products & Services,Houston
,,,,4997.0,https://www.inc.com/profile/real-restoration-group,Real Restoration Group,Construction,Chicago
,,,,4998.0,https://www.inc.com/profile/naval-systems,Naval Systems,Government Services,LEXINGTON PARK
,,,,4999.0,https://www.inc.com/profile/hnm-systems,HNM Systems,Telecommunications,Solana Beach
,,,,5000.0,https://www.inc.com/profile/vivayic,Vivayic,Business Products & Services,Lincoln
