id,name,surname,researchfield,university,age
1,Max,Sanchez,Software,Aalto University,24
2,Hugo,Scott,Construction,Aristotle University of Thessaloniki,37
3,Chloe,Lombardi,Environmental Services,Chalmers University of Technology,32
4,Angelina,Thomas,Health,University of Barcelona,28
5,Irene,Lee,Education,The University of Edinburgh,25
6,Alice,Martin,Advertising & Marketing,University of Geneva,38
7,Laura,Lopez,Business Products & Services,Ghent University,24
8,Leah,Lombardi,Business Products & Services,University of Strasbourg,36
9,Evelyn,Wright,Business Products & Services,University of Lisbon,40
10,Christopher,Wright,Advertising & Marketing,University of Zurich,28
11,Rebecca,Rossi,Human Resources,Chalmers University of Technology,28
12,Jasmine,Walker,Software,Aristotle University of Thessaloniki,38
13,Nicholas,Carter,Software,Trinity College Dublin,21
14,Elisa,Clark,Construction,Tel Aviv University,25
15,Max,Green,Food & Beverage,The University of Manchester,20
16,Dimitris,Sanchez,Food & Beverage,University College London,39
17,Catherine,Lopez,Software,University of Strasbourg,38
18,Joseph,Davis,Government Services,Tel Aviv University,19
19,Evelyn,Martin,Health,Jagiellonian University,29
20,Leah,Garcia,Media,Imperial College London,23
21,Isabella,Muller,Consumer Products & Services,National and Kapodistrian University of Athens,19
22,Oscar,Muller,Environmental Services,National and Kapodistrian University of Athens,38
23,Irene,Lopez,Business Products & Services,University of Ljubljana,18
24,Grace,Perez,Government Services,University of Groningen,29
25,Lucy,Young,Energy,National and Kapodistrian University of Athens,39
26,Penelope,Gonzalez,Software,Aristotle University of Thessaloniki,29
27,Harris,Jackson,Energy,Technical University of Munich,34
28,Christopher,Lombardi,IT Management,Aristotle University of Thessaloniki,27
29,Nicole,Hall,Advertising & Marketing,University of Patras,33
30,Peter,Garcia,Advertising & Marketing,The University of Edinburgh,32
31,Ivy,Thomas,Health,Aristotle University of Thessaloniki,32
32,Benjamin,Allen,Energy,Technical University of Munich,36
33,Lucas,Gonzalez,Consumer Products & Services,Imperial College London,29
34,Christos,Lombardi,Health,National and Kapodistrian University of Athens,40
35,Bianca,Garcia,Retail,University of Strasbourg,37
36,Roman,Clark,Real Estate,Trinity College Dublin,20
37,James,Novak,Software,Aarhus University,22
38,Martin,Walker,Business Products & Services,Sapienza University of Rome,36
39,Evelyn,Horvath,Business Products & Services,National and Kapodistrian University of Athens,24
40,Christina,Martinez,Software,University of Amsterdam,38
41,Sara,Nielsen,IT Management,Stockholm University,26
42,Arthur,Sanchez,Financial Services,University of Barcelona,24
43,Isabella,Wright,Engineering,Delft University of Technology,35
44,Sofia,Carter,Retail,University of Belgrade,21
45,Henry,Perez,Software,University of Geneva,31
46,Roxanne,Kowalski,Advertising & Marketing,Aarhus University,35
47,Zoe,Jackson,Construction,Imperial College London,26
48,Irene,Johnson,Food & Beverage,Eindhoven University of Technology,38
49,Dimitris,Lopez,Consumer Products & Services,Aarhus University,19
50,Diana,White,Advertising & Marketing,Leiden University,37
51,David,King,Advertising & Marketing,Charles University,32
52,Michael,Moore,Human Resources,Aristotle University of Thessaloniki,24
53,Andreas,Perez,Construction,Ghent University,29
54,Theodora,Brown,Business Products & Services,University of Belgrade,25
55,Lucas,Baker,Financial Services,National and Kapodistrian University of Athens,32
56,Mark,Nielsen,Health,KU Leuven,20
57,James,Gonzalez,Advertising & Marketing,Utrecht University,31
58,Andreas,Thompson,Security,University of Vienna,34
59,Penelope,Kowalski,IT Management,National and Kapodistrian University of Athens,21
60,Leo,Gonzalez,Software,University of Ljubljana,35
61,Eva,Perez,Software,University of Ljubljana,25
62,Jack,Walker,Environmental Services,University of Geneva,21
63,Marina,Young,Education,Ghent University,19
64,Richard,Hall,Logistics & Transportation,University of Patras,23
65,Chloe,Walker,Insurance,University of Patras,39
66,Leah,Thompson,Health,The University of Manchester,27
67,Jack,Brown,Retail,The University of Manchester,21
68,Maria,White,Telecommunications,Technion – Israel Institute of Technology,39
69,Christopher,Wright,Business Products & Services,Aarhus University,35
70,Alice,Dubois,Consumer Products & Services,University of Patras,29
71,Noah,Martin,IT Management,University of Bern,19
72,Chloe,Harris,IT Management,National and Kapodistrian University of Athens,27
73,Dimitris,Rossi,Education,University of Warsaw,21
74,Veronica,Williams,Health,KU Leuven,31
75,Julia,Lee,Health,ETH Zurich,33
76,Emily,Young,IT System Development,Utrecht University,32
77,Jack,Perez,Telecommunications,EPFL,25
78,Alice,Martin,Security,Aristotle University of Thessaloniki,31
79,Christina,Adams,Retail,KU Leuven,40
80,Georgia,Taylor,Software,EPFL,25
81,Elisa,Green,Health,Lund University,38
82,Maria,Moore,Business Products & Services,University of Patras,33
83,Liam,Nielsen,Consumer Products & Services,Sciences Po,30
84,Anthony,Rossi,Media,National and Kapodistrian University of Athens,35
85,Matthew,Garcia,Government Services,National and Kapodistrian University of Athens,32
86,Leah,Mitchell,Health,Sapienza University of Rome,38
87,Martin,Mitchell,Financial Services,Aristotle University of Thessaloniki,30
88,Christina,Harris,Construction,Politecnico di Milano,26
89,Leah,Martinez,Security,University of Patras,32
90,Andreas,Carter,Advertising & Marketing,National and Kapodistrian University of Athens,30
91,Oscar,Green,Software,Technion – Israel Institute of Technology,18
92,Joseph,Johnson,Advertising & Marketing,University of Porto,24
93,Nikoleta,Dubois,Financial Services,University of Bern,26
94,Ivy,Johnson,Advertising & Marketing,National and Kapodistrian University of Athens,18
95,Roxanne,Robinson,Software,National and Kapodistrian University of Athens,29
96,Maria,Miller,IT Management,University of Bern,25
97,Diana,Nielsen,Financial Services,University of Amsterdam,28
98,Oscar,Horvath,Software,Aristotle University of Thessaloniki,36
99,Christos,Harris,Construction,University of Strasbourg,34
100,Peter,Clark,Construction,Aristotle University of Thessaloniki,25
101,Natalie,Nielsen,Software,Aristotle University of Thessaloniki,20
102,Liam,Nielsen,Human Resources,University of Zurich,20
103,Eva,Baker,Government Services,University of Patras,18
104,Victor,Jones,Retail,University of Belgrade,22
105,Leo,Bianchi,Business Products & Services,University of Oslo,27
106,Anthony,Brown,Construction,University of Amsterdam,24
107,Angelina,Scott,Advertising & Marketing,KTH Royal Institute of Technology,26
108,Stella,Moore,IT System Development,National and Kapodistrian University of Athens,24
109,Chloe,Lewis,Logistics & Transportation,University of Ljubljana,26
110,Stephen,Green,Environmental Services,University of Groningen,25
111,Angelina,Hernandez,Insurance,Aalto University,29
112,Spyros,Taylor,Business Products & Services,The University of Edinburgh,19
113,Dimitris,Green,Consumer Products & Services,University of Patras,18
114,Penelope,Walker,IT Management,Aalto University,33
115,Martin,Horvath,Financial Services,University of Patras,40
116,Leo,Martin,Software,Aalto University,40
117,Anthony,Lopez,Government Services,Sciences Po,22
118,Paula,Taylor,Financial Services,Charles University,20
119,Joseph,Lewis,Health,Aristotle University of Thessaloniki,29
120,Irene,Harris,Food & Beverage,University of Copenhagen,25
121,Roxanne,Perez,Human Resources,Aarhus University,39
122,Sofia,Moore,Manufacturing,University of Patras,20
123,Isabella,Baker,Health,Aristotle University of Thessaloniki,18
124,Nikoleta,Dubois,Business Products & Services,University of Patras,20
125,Christos,Jackson,Consumer Products & Services,Aarhus University,22
126,Dimitris,Smith,Retail,University of Strasbourg,32
127,Liam,Williams,Software,Jagiellonian University,31
128,Elisa,Johnson,Advertising & Marketing,University of Cambridge,20
129,Olivia,Muller,Advertising & Marketing,University of Warsaw,18
130,Timothy,Scott,Energy,Eindhoven University of Technology,22
131,Oscar,Davis,Advertising & Marketing,Aristotle University of Thessaloniki,40
132,Harris,King,Software,Delft University of Technology,31
133,Nikoleta,Walker,Construction,National and Kapodistrian University of Athens,24
134,Georgia,Wright,Real Estate,Technion – Israel Institute of Technology,26
135,Nikoleta,Williams,Software,National and Kapodistrian University of Athens,32
136,Isabella,Taylor,Health,University of Barcelona,32
137,Anna,Lopez,Consumer Products & Services,University of Porto,27
138,Nicole,Lee,IT Services,Aristotle University of Thessaloniki,30
139,Christina,Johnson,Software,Imperial College London,36
140,Matthew,Martin,Manufacturing,National and Kapodistrian University of Athens,24
141,Joseph,Rossi,Construction,The University of Edinburgh,34
142,Georgia,Nielsen,Government Services,National and Kapodistrian University of Athens,37
143,Jason,Novak,IT Management,Sciences Po,21
144,Bianca,Jackson,Advertising & Marketing,National and Kapodistrian University of Athens,22
145,Diana,Williams,Media,Uppsala University,40
146,Alice,White,Advertising & Marketing,University of Warsaw,24
147,Victor,Schmidt,Business Products & Services,University of Barcelona,30
148,Arthur,Garcia,Engineering,EPFL,32
149,Victor,Robinson,Software,Aristotle University of Thessaloniki,28
150,Stella,Bianchi,Construction,Sciences Po,21
151,Kostas,Walker,IT Management,National and Kapodistrian University of Athens,30
152,Eleni,Martinez,Construction,University of Groningen,24
153,Victor,Schmidt,Financial Services,The University of Edinburgh,36
154,Grace,White,Software,National and Kapodistrian University of Athens,39
155,Julia,Miller,Business Products & Services,University of Lisbon,19
156,Timothy,Jones,Software,National and Kapodistrian University of Athens,27
157,Nicole,Jones,Software,Aristotle University of Thessaloniki,30
158,Mark,King,Consumer Products & Services,Aarhus University,38
159,Nicole,Dubois,Health,Aristotle University of Thessaloniki,23
160,Spyros,Horvath,Logistics & Transportation,University of Patras,29
161,William,Muller,Consumer Products & Services,National and Kapodistrian University of Athens,29
162,Andrew,Dubois,Health,University of Ljubljana,37
163,Evelyn,Perez,Financial Services,National and Kapodistrian University of Athens,28
164,Nadia,Johnson,Construction,University of Copenhagen,40
165,Kostas,Smith,Real Estate,Ghent University,24
166,Grace,Schmidt,Software,University of Vienna,18
167,Christopher,Green,Advertising & Marketing,Aristotle University of Thessaloniki,18
168,Theodora,Carter,Business Products & Services,Sapienza University of Rome,37
169,Julia,Anderson,Manufacturing,Stockholm University,30
170,Max,Davis,Business Products & Services,University of Amsterdam,26
171,Michael,Schmidt,IT Management,National and Kapodistrian University of Athens,20
172,Kostas,Nelson,Food & Beverage,University College Dublin,24
173,Adrian,Walker,Advertising & Marketing,Aalto University,23
174,Philip,Hernandez,Financial Services,EPFL,25
175,Roxanne,Carter,Financial Services,National and Kapodistrian University of Athens,26
176,Julia,Lee,Advertising & Marketing,University of Bern,22
177,Christos,Gonzalez,Energy,National and Kapodistrian University of Athens,18
178,Penelope,Hall,Government Services,University of Patras,36
179,Grace,King,Software,Tel Aviv University,27
180,Alex,Schmidt,Retail,Ludwig Maximilian University of Munich,29
181,Leah,Johnson,Real Estate,University College Dublin,32
182,Julia,Lee,Advertising & Marketing,National and Kapodistrian University of Athens,39
183,Eleni,White,Health,University of Belgrade,26
184,Lucas,Allen,Manufacturing,University of Patras,37
185,Nicholas,Hernandez,Food & Beverage,The University of Edinburgh,34
186,Theodora,Davis,Food & Beverage,Uppsala University,34
187,Eleni,Thompson,Business Products & Services,National and Kapodistrian University of Athens,37
188,Leo,Bianchi,IT System Development,University of Zurich,29
189,Helen,Adams,Real Estate,Technion – Israel Institute of Technology,24
190,Leah,Sanchez,Health,Charles University,19
191,Stephen,Robinson,Retail,University College Dublin,20
192,Nicholas,Lopez,Engineering,Ghent University,34
193,Evelyn,Hall,Health,ETH Zurich,22
194,Georgia,Miller,Food & Beverage,KU Leuven,34
195,Zoe,Martin,Construction,University of Belgrade,34
196,Maria,Perez,Manufacturing,Aarhus University,34
197,Matthew,Baker,Business Products & Services,Aarhus University,19
198,Adrian,White,Travel & Hospitality,Imperial College London,19
199,Benjamin,Sanchez,Human Resources,University of Zurich,39
200,Leo,Lopez,Business Products & Services,Aristotle University of Thessaloniki,40
201,Marta,Novak,Human Resources,University of Cambridge,22
202,Chloe,Green,Business Products & Services,The University of Manchester,18
203,Leo,King,Engineering,Stockholm University,18
204,Adrian,Jackson,Software,University of Oxford,36
205,Joseph,Robinson,Business Products & Services,Ghent University,19
206,Katerina,Johnson,Government Services,Delft University of Technology,38
207,Alex,Wright,Business Products & Services,Aristotle University of Thessaloniki,29
208,Christina,Dubois,Financial Services,Aristotle University of Thessaloniki,23
209,Marta,Walker,Financial Services,ETH Zurich,40
210,George,Lewis,Security,University of Bern,21
211,Marina,Muller,Retail,University of Ljubljana,40
212,Thomas,Green,IT Management,Politecnico di Milano,28
213,Maria,Horvath,Real Estate,University of Geneva,34
214,Joseph,Davis,Software,University of Zurich,23
215,Rebecca,Young,Retail,University of Zurich,22
216,Roxanne,Martin,Government Services,KU Leuven,37
217,Timothy,Adams,Telecommunications,Technical University of Munich,19
218,Samuel,Johnson,Construction,Chalmers University of Technology,23
219,Irene,Walker,Advertising & Marketing,University of Geneva,39
220,Maya,Nielsen,Advertising & Marketing,National and Kapodistrian University of Athens,28
221,Ivy,Martin,Government Services,EPFL,33
222,Ivy,Young,IT Services,University of Barcelona,33
223,Harris,Lewis,Business Products & Services,National and Kapodistrian University of Athens,18
224,Maya,Sanchez,Health,Technical University of Munich,26
225,Zoe,Adams,Business Products & Services,National and Kapodistrian University of Athens,23
226,Noah,Davis,Business Products & Services,Chalmers University of Technology,33
227,Angelina,Bianchi,Health,National and Kapodistrian University of Athens,20
228,Sara,Lee,Business Products & Services,Lund University,37
229,Adrian,Harris,Government Services,The University of Manchester,21
230,Arthur,Anderson,Advertising & Marketing,Imperial College London,36
231,Victor,Rossi,Environmental Services,The University of Manchester,20
232,Marta,Miller,Business Products & Services,The University of Edinburgh,36
233,Penelope,Davis,Software,University of Patras,37
234,Chloe,Baker,Software,Leiden University,24
235,Roman,Taylor,Software,KU Leuven,37
236,Hugo,Moore,Travel & Hospitality,University of Patras,26
237,William,Wright,Business Products & Services,University of Patras,18
238,Adrian,Nelson,IT System Development,University College London,25
239,Ivy,Jackson,Business Products & Services,Charles University,24
240,Nadia,Miller,Food & Beverage,University of Strasbourg,35
241,Leo,Anderson,Business Products & Services,Delft University of Technology,25
242,Nikos,Walker,Logistics & Transportation,EPFL,18
243,Catherine,Mitchell,Logistics & Transportation,Charles University,28
244,Martin,Sanchez,Education,University of Cambridge,35
245,Anthony,Scott,Advertising & Marketing,National and Kapodistrian University of Athens,40
246,Eleni,Dubois,Business Products & Services,Aristotle University of Thessaloniki,27
247,Richard,Adams,Financial Services,Tel Aviv University,20
248,Martin,Muller,Logistics & Transportation,University of Patras,24
249,Nicholas,Martin,Advertising & Marketing,National and Kapodistrian University of Athens,33
250,Paul,Brown,Business Products & Services,University of Patras,33
251,Lydia,Nielsen,Computer Hardware,University of Warsaw,37
252,Theodora,Wright,Computer Hardware,Aristotle University of Thessaloniki,34
253,Lucas,Thompson,Software,Pompeu Fabra University,19
254,Jason,Perez,Retail,University of Patras,18
255,Katerina,Lee,Financial Services,EPFL,33
256,Victor,Schmidt,Health,Sapienza University of Rome,29
257,Chloe,Harris,Consumer Products & Services,University of Patras,22
258,Matthew,Anderson,Engineering,University of Vienna,22
259,Julia,Williams,IT System Development,University of Vienna,40
260,Georgia,Gonzalez,IT Management,National and Kapodistrian University of Athens,26
261,Nicholas,Novak,Software,University of Patras,26
262,Zoe,Adams,Construction,University of Patras,20
263,Isabella,Carter,Business Products & Services,Aristotle University of Thessaloniki,36
264,Liam,Perez,Engineering,University of Patras,33
265,Daniel,Smith,IT Management,University of Ljubljana,33
266,Olivia,White,Business Products & Services,University of Oxford,20
267,Max,Novak,Software,Uppsala University,37
268,Laura,Moore,Insurance,National and Kapodistrian University of Athens,39
269,Eleni,Muller,Business Products & Services,Charles University,18
270,Irene,Baker,Business Products & Services,Politecnico di Milano,37
271,Roxanne,Wright,Logistics & Transportation,Jagiellonian University,28
272,Thomas,Green,Business Products & Services,ETH Zurich,34
273,Gregory,Wright,Health,Eindhoven University of Technology,25
274,Victoria,Gonzalez,Construction,Stockholm University,21
275,Peter,Bianchi,Financial Services,University of Oxford,23
276,Vasilis,Jackson,Telecommunications,Uppsala University,25
277,Lucas,Gonzalez,Financial Services,Trinity College Dublin,37
278,Nicole,Allen,Consumer Products & Services,Chalmers University of Technology,20
279,Roman,Horvath,Software,Technion – Israel Institute of Technology,33
280,Olivia,Sanchez,Software,Aristotle University of Thessaloniki,20
281,Hugo,King,Health,University of Oslo,35
282,Dimitris,Baker,Software,Aristotle University of Thessaloniki,31
283,Harris,Schmidt,Financial Services,Imperial College London,35
284,Peter,Dubois,Insurance,University of Tartu,19
285,Patricia,Miller,Education,Aristotle University of Thessaloniki,39
286,Vasilis,Davis,Government Services,Aristotle University of Thessaloniki,20
287,Eleni,Hall,Business Products & Services,University of Oslo,33
288,Adrian,Novak,Software,Ludwig Maximilian University of Munich,26
289,Benjamin,Jones,Financial Services,University of Tartu,21
290,David,Robinson,Manufacturing,Aristotle University of Thessaloniki,18
291,Victor,Martinez,Telecommunications,Ghent University,21
292,Robert,Muller,Human Resources,National and Kapodistrian University of Athens,18
293,Natalie,Smith,Consumer Products & Services,The University of Manchester,31
294,Benjamin,Taylor,Software,Uppsala University,38
295,Eleni,Scott,IT Management,National and Kapodistrian University of Athens,33
296,Robert,Schmidt,Advertising & Marketing,National and Kapodistrian University of Athens,37
297,Julia,Garcia,Construction,ETH Zurich,25
298,Marta,Taylor,Logistics & Transportation,Aristotle University of Thessaloniki,24
299,Spyros,Hernandez,Consumer Products & Services,Charles University,20
300,George,Young,Business Products & Services,Aristotle University of Thessaloniki,34
301,Alex,Garcia,Computer Hardware,Imperial College London,18
302,Harris,Williams,Business Products & Services,The University of Edinburgh,33
303,Alexandra,Hall,Engineering,University of Amsterdam,29
304,Athena,Wright,Logistics & Transportation,University of Tartu,36
305,Maria,Taylor,Construction,ETH Zurich,39
306,Leo,Rossi,Manufacturing,University of Bern,40
307,Thomas,Scott,Financial Services,National and Kapodistrian University of Athens,39
308,Angelina,Wright,Manufacturing,University of Patras,31
309,Veronica,Martinez,Software,Technical University of Munich,23
310,Diana,Schmidt,Health,Jagiellonian University,23
311,Philip,Baker,Human Resources,National and Kapodistrian University of Athens,30
312,Katerina,Perez,Business Products & Services,University of Strasbourg,36
313,Marina,Walker,Government Services,Aristotle University of Thessaloniki,39
314,Michael,Smith,Construction,Stockholm University,25
315,Julia,Lopez,Software,University of Patras,19
316,Georgia,Garcia,Advertising & Marketing,ETH Zurich,38
317,David,Hall,Consumer Products & Services,University of Oxford,18
318,Andreas,Lopez,Government Services,Aristotle University of Thessaloniki,32
319,William,Dubois,IT Management,National and Kapodistrian University of Athens,18
320,Jack,Kowalski,Logistics & Transportation,University of Helsinki,22
321,Mark,White,Software,University of Strasbourg,33
322,Paula,Scott,Software,University of Strasbourg,36
323,Nicholas,Gonzalez,Government Services,Aristotle University of Thessaloniki,21
324,Michael,Mitchell,Food & Beverage,University of Patras,20
325,Bianca,Lewis,Human Resources,University of Oxford,34
326,Nicholas,Adams,Advertising & Marketing,Ghent University,34
327,Alice,Bianchi,Human Resources,National and Kapodistrian University of Athens,29
328,Paul,Taylor,Logistics & Transportation,Aristotle University of Thessaloniki,31
329,Alex,Anderson,Retail,University of Geneva,38
330,Harris,Lopez,Government Services,Uppsala University,23
331,James,Scott,Consumer Products & Services,University of Patras,20
332,Dimitris,Kowalski,Health,Lund University,26
333,Katerina,Moore,Business Products & Services,University of Groningen,22
334,Hugo,Mitchell,Business Products & Services,University of Patras,34
335,George,Horvath,Telecommunications,ETH Zurich,31
336,Nicole,Lewis,Government Services,University of Oxford,38
337,Georgia,Scott,Health,Stockholm University,20
338,Spyros,Carter,Consumer Products & Services,University College Dublin,18
339,Gregory,Thompson,Food & Beverage,University of Groningen,37
340,Peter,Sanchez,Insurance,Technical University of Munich,38
341,Christos,Allen,IT Management,University of Zurich,40
342,Philip,Moore,Health,Trinity College Dublin,18
343,Nikoleta,Harris,Environmental Services,KTH Royal Institute of Technology,20
344,Christos,Schmidt,IT Services,Technical University of Munich,35
345,Natalie,Dubois,Health,Sciences Po,27
346,Arthur,Martinez,Advertising & Marketing,Aristotle University of Thessaloniki,39
347,Katerina,Taylor,Construction,Technical University of Munich,20
348,Alexandra,Scott,Software,University of Patras,25
349,Julia,Horvath,Advertising & Marketing,Tel Aviv University,31
350,Athena,Sanchez,Government Services,Chalmers University of Technology,35
351,Oscar,Smith,Financial Services,National and Kapodistrian University of Athens,32
352,Roxanne,Gonzalez,IT Management,Charles University,39
353,Nikos,Perez,Computer Hardware,University of Barcelona,40
354,Nadia,Thomas,Business Products & Services,Technion – Israel Institute of Technology,19
355,Stella,Anderson,Engineering,Delft University of Technology,27
356,Robert,Sanchez,Telecommunications,University of Amsterdam,19
357,Joseph,Jones,Government Services,Pompeu Fabra University,34
358,Leo,Smith,Education,Aristotle University of Thessaloniki,25
359,Jason,Lee,Insurance,KU Leuven,18
360,Georgia,Novak,Government Services,University of Barcelona,26
361,Henry,Hernandez,Retail,University of Barcelona,28
362,Maya,Hernandez,IT Management,University College Dublin,39
363,Emily,Novak,Advertising & Marketing,Lund University,33
364,Zoe,Davis,Software,Charles University,24
365,Irene,Green,Retail,Aalto University,27
366,Spyros,Allen,IT System Development,University of Patras,40
367,Christos,Harris,Government Services,University of Warsaw,20
368,Harris,Davis,Government Services,University of Zurich,35
369,Veronica,Brown,Logistics & Transportation,EPFL,30
370,Martin,Mitchell,Construction,University of Patras,24
371,Irene,Allen,Software,KTH Royal Institute of Technology,21
372,Christopher,Carter,Consumer Products & Services,University of Amsterdam,30
373,Benjamin,Taylor,Logistics & Transportation,National and Kapodistrian University of Athens,37
374,Helen,Jones,Manufacturing,Leiden University,18
375,Rebecca,Clark,Media,University of Cambridge,25
376,Eva,Rossi,Retail,University of Barcelona,31
377,Christos,Baker,Consumer Products & Services,University of Lisbon,33
378,David,Martin,Advertising & Marketing,Charles University,31
379,Philip,Clark,Manufacturing,University of Belgrade,29
380,Alexandra,Rossi,Business Products & Services,University College Dublin,36
381,Joseph,Smith,Logistics & Transportation,The University of Edinburgh,40
382,Christopher,Hernandez,Human Resources,Charles University,32
383,Stella,White,Security,KU Leuven,19
384,Richard,Lopez,Health,University of Groningen,19
385,Maria,Hall,Consumer Products & Services,Technion – Israel Institute of Technology,40
386,Leo,Nelson,Government Services,Aristotle University of Thessaloniki,39
387,Alice,Dubois,Software,ETH Zurich,36
388,Noah,Lee,Government Services,University College London,39
389,Oscar,Lewis,Advertising & Marketing,Chalmers University of Technology,39
390,Peter,Mitchell,Software,University College Dublin,34
391,Liam,Nielsen,Travel & Hospitality,Leiden University,37
392,Penelope,Walker,Business Products & Services,Eindhoven University of Technology,27
393,Andrew,Thompson,Government Services,University of Lisbon,23
394,Catherine,Baker,Advertising & Marketing,University of Oslo,32
395,Marta,Green,Manufacturing,Aalto University,39
396,Peter,Bianchi,Advertising & Marketing,Lund University,28
397,Liam,Lombardi,Government Services,University of Vienna,22
398,Matthew,Hernandez,Retail,Aristotle University of Thessaloniki,18
399,Christina,Jones,Consumer Products & Services,National and Kapodistrian University of Athens,25
400,Richard,Nelson,Advertising & Marketing,University of Geneva,38
401,Julia,Anderson,Consumer Products & Services,University of Geneva,29
402,Timothy,Davis,Government Services,University of Porto,29
403,Jason,Dubois,Government Services,Tel Aviv University,22
404,George,Moore,Software,University of Porto,24
405,Maya,White,Food & Beverage,University of Oslo,21
406,Lucy,Thomas,Financial Services,Aarhus University,23
407,Catherine,Thompson,Business Products & Services,Ghent University,30
408,Claire,Adams,Retail,University of Oslo,37
409,Peter,Davis,Health,National and Kapodistrian University of Athens,32
410,Matthew,Martinez,Consumer Products & Services,National and Kapodistrian University of Athens,20
411,Sara,Scott,Education,Aristotle University of Thessaloniki,40
412,Roxanne,Nelson,Consumer Products & Services,Technical University of Munich,25
413,Dimitris,Bianchi,IT Management,University of Vienna,37
414,Evelyn,Nielsen,Software,Uppsala University,33
415,Thomas,Robinson,Advertising & Marketing,ETH Zurich,30
416,Hugo,Harris,Telecommunications,Delft University of Technology,35
417,Noah,Adams,Business Products & Services,University of Tartu,27
418,Ivy,Nielsen,Software,Aristotle University of Thessaloniki,36
419,Alexandra,Nelson,Human Resources,University of Oslo,34
420,Henry,Carter,Advertising & Marketing,Aristotle University of Thessaloniki,36
421,Timothy,White,Human Resources,Pompeu Fabra University,40
422,Nicole,Schmidt,Construction,University of Belgrade,22
423,Chloe,Mitchell,Business Products & Services,University of Strasbourg,38
424,David,Lombardi,Business Products & Services,Technion – Israel Institute of Technology,40
425,Ivy,Sanchez,Logistics & Transportation,University of Patras,26
426,Christopher,Moore,IT Management,Aristotle University of Thessaloniki,29
427,Liam,Taylor,Media,National and Kapodistrian University of Athens,38
428,Daniel,Smith,Financial Services,University of Patras,18
429,Paul,Martin,Advertising & Marketing,National and Kapodistrian University of Athens,18
430,Paul,Moore,Consumer Products & Services,Aalto University,32
431,James,Miller,IT Management,Eindhoven University of Technology,19
432,Thomas,Mitchell,Software,University of Patras,39
433,Richard,Anderson,Business Products & Services,KTH Royal Institute of Technology,33
434,Claire,Anderson,Financial Services,The University of Edinburgh,25
435,Leah,Taylor,Financial Services,The University of Edinburgh,30
436,Lucas,Sanchez,Consumer Products & Services,Aarhus University,38
437,Alex,Smith,Construction,University of Copenhagen,18
438,Zoe,Gonzalez,IT Management,Aalto University,33
439,Angelina,Jones,Health,University of Belgrade,24
440,Marina,Brown,Manufacturing,Aristotle University of Thessaloniki,22
441,Ivy,Martinez,Construction,Ludwig Maximilian University of Munich,39
442,Irene,King,Insurance,University of Patras,40
443,Daniel,Young,Health,University of Zurich,20
444,Alexandra,Hall,IT Services,University of Patras,29
445,Nikos,Lombardi,Consumer Products & Services,Aristotle University of Thessaloniki,33
446,Isabella,Sanchez,Government Services,ETH Zurich,36
447,Anna,Gonzalez,Business Products & Services,National and Kapodistrian University of Athens,22
448,Victor,Lee,Business Products & Services,Chalmers University of Technology,39
449,Christos,King,Software,The University of Manchester,31
450,Elisa,Muller,Construction,Charles University,22
451,Victor,Garcia,Construction,National and Kapodistrian University of Athens,32
452,Richard,Jackson,Real Estate,University of Oxford,34
453,Dimitris,Baker,Software,University of Geneva,31
454,Andreas,Walker,Advertising & Marketing,University of Belgrade,37
455,Catherine,Robinson,Retail,Pompeu Fabra University,22
456,Eleni,Nielsen,Logistics & Transportation,University College Dublin,29
457,Theodora,Robinson,Business Products & Services,National and Kapodistrian University of Athens,33
458,Kostas,Horvath,Business Products & Services,Technion – Israel Institute of Technology,33
459,Noah,Sanchez,Government Services,ETH Zurich,38
460,Anthony,Clark,Manufacturing,Aristotle University of Thessaloniki,24
461,Jason,Lee,Business Products & Services,University of Helsinki,21
462,Theodora,Scott,Real Estate,The University of Manchester,18
463,Stella,Gonzalez,Education,EPFL,22
464,Penelope,Scott,Construction,Utrecht University,40
465,Anthony,Miller,Food & Beverage,Charles University,27
466,Thomas,Carter,IT Management,Utrecht University,39
467,Liam,Moore,Advertising & Marketing,University of Patras,22
468,John,Taylor,Travel & Hospitality,National and Kapodistrian University of Athens,21
469,Adrian,Rossi,Government Services,Aristotle University of Thessaloniki,19
470,Harris,White,Food & Beverage,Sapienza University of Rome,37
471,Helen,Horvath,Software,University of Geneva,27
472,Adrian,Anderson,Construction,University of Geneva,36
473,Michael,Hall,Advertising & Marketing,Lund University,18
474,Christopher,Baker,Business Products & Services,Aristotle University of Thessaloniki,22
475,William,Young,Software,Aristotle University of Thessaloniki,30
476,Christos,Wright,Health,University of Tartu,21
477,Paul,Novak,Telecommunications,Technion – Israel Institute of Technology,33
478,John,Thompson,Construction,Aalto University,33
479,Jason,Kowalski,Software,National and Kapodistrian University of Athens,40
480,Evelyn,Garcia,Telecommunications,KU Leuven,19
481,Eva,Baker,Government Services,The University of Manchester,34
482,Christina,Hall,IT System Development,Aristotle University of Thessaloniki,37
483,William,Bianchi,Financial Services,University College Dublin,29
484,Katerina,Clark,Financial Services,University of Amsterdam,35
485,Paula,Thomas,Environmental Services,National and Kapodistrian University of Athens,20
486,Nadia,Johnson,Advertising & Marketing,Utrecht University,18
487,Eleni,Lewis,Retail,National and Kapodistrian University of Athens,18
488,Christos,Allen,Software,ETH Zurich,36
489,Mark,Nielsen,Business Products & Services,University of Belgrade,28
490,Hugo,Lombardi,Logistics & Transportation,University of Lisbon,22
491,Theodora,Clark,Business Products & Services,Stockholm University,29
492,Matthew,Dubois,Consumer Products & Services,University of Patras,20
493,Daniel,Hall,Manufacturing,University of Vienna,18
494,Chloe,Moore,Advertising & Marketing,University of Patras,18
495,Theodora,Mitchell,Food & Beverage,Trinity College Dublin,25
496,Timothy,Baker,Advertising & Marketing,Charles University,27
497,Benjamin,Hernandez,IT System Development,University of Helsinki,28
498,Alexandra,Robinson,Advertising & Marketing,University of Cambridge,29
499,Henry,Lewis,IT Management,Delft University of Technology,30
500,Penelope,Thomas,Construction,KTH Royal Institute of Technology,29
501,Victoria,Schmidt,Health,ETH Zurich,31
502,Nikos,Smith,IT Management,University of Copenhagen,19
503,Mark,Hernandez,Advertising & Marketing,The University of Manchester,36
504,Hugo,Young,Consumer Products & Services,University of Patras,35
505,Julia,Lewis,Business Products & Services,University of Patras,20
506,Jason,Scott,Retail,Lund University,40
507,George,Hernandez,Software,National and Kapodistrian University of Athens,34
508,Roxanne,Smith,Software,National and Kapodistrian University of Athens,25
509,Harris,Nelson,Retail,National and Kapodistrian University of Athens,27
510,Jasmine,Lee,Consumer Products & Services,University of Patras,19
511,Henry,Harris,Business Products & Services,National and Kapodistrian University of Athens,36
512,Peter,Davis,Health,Aarhus University,26
513,Nikoleta,Lewis,Energy,Jagiellonian University,24
514,Athena,Thompson,Manufacturing,Lund University,21
515,Victoria,King,Environmental Services,University of Strasbourg,38
516,Leo,Smith,Manufacturing,University of Patras,35
517,Richard,Carter,Construction,University of Strasbourg,30
518,Victor,White,Financial Services,University of Patras,28
519,Christopher,Williams,Health,University of Patras,21
520,Zoe,Bianchi,Health,Jagiellonian University,38
521,Emily,White,Construction,University of Belgrade,21
522,Leo,Bianchi,Logistics & Transportation,University of Lisbon,27
523,Andreas,Sanchez,Consumer Products & Services,University of Warsaw,22
524,Nikoleta,Walker,Manufacturing,Tel Aviv University,26
525,Theodora,Williams,Business Products & Services,Aristotle University of Thessaloniki,20
526,Mark,Novak,Real Estate,National and Kapodistrian University of Athens,34
527,Jack,Horvath,Media,Aristotle University of Thessaloniki,20
528,Jason,Thompson,Business Products & Services,National and Kapodistrian University of Athens,33
529,Andrew,White,Security,Sapienza University of Rome,21
530,Helen,Rossi,Software,Aristotle University of Thessaloniki,35
531,Laura,Brown,Advertising & Marketing,The University of Manchester,34
532,Zoe,Adams,Business Products & Services,National and Kapodistrian University of Athens,24
533,Richard,Johnson,Consumer Products & Services,Sciences Po,40
534,Anna,Horvath,Media,University of Barcelona,22
535,Helen,Sanchez,Business Products & Services,University of Warsaw,29
536,Alex,Carter,Advertising & Marketing,Politecnico di Milano,34
537,Hugo,Rossi,IT System Development,National and Kapodistrian University of Athens,40
538,James,Allen,Real Estate,University of Porto,30
539,Oscar,Wright,Financial Services,Delft University of Technology,40
540,Natalie,Thomas,Software,University College London,20
541,Richard,Sanchez,IT Management,University of Patras,26
542,Peter,Schmidt,Consumer Products & Services,University of Patras,34
543,Leah,Bianchi,Software,University of Cambridge,34
544,Sara,Muller,Consumer Products & Services,University of Oslo,37
545,Thomas,Green,Advertising & Marketing,Aristotle University of Thessaloniki,33
546,Athena,Davis,Consumer Products & Services,University of Patras,39
547,Katerina,Williams,Food & Beverage,University of Patras,30
548,Jack,Lewis,Software,Aalto University,36
549,Angelina,Johnson,IT Management,Aristotle University of Thessaloniki,34
550,Chloe,Mitchell,Software,Chalmers University of Technology,21
551,Dimitris,Horvath,IT System Development,National and Kapodistrian University of Athens,29
552,Peter,Anderson,Financial Services,The University of Manchester,26
553,Nicholas,Horvath,Human Resources,Sapienza University of Rome,36
554,Nicole,Schmidt,Real Estate,Stockholm University,29
555,William,Thomas,Food & Beverage,University of Ljubljana,26
556,Maya,Martinez,Construction,National and Kapodistrian University of Athens,24
557,Helen,Miller,Advertising & Marketing,Aristotle University of Thessaloniki,31
558,Maria,Perez,Business Products & Services,Aristotle University of Thessaloniki,37
559,Ivy,Garcia,Health,University of Strasbourg,36
560,Irene,Brown,Construction,Technical University of Munich,32
561,Athena,Young,Construction,Sciences Po,33
562,Harris,Rossi,Human Resources,Technion – Israel Institute of Technology,38
563,Lucy,Horvath,Construction,University of Strasbourg,22
564,Lucas,Brown,Government Services,National and Kapodistrian University of Athens,20
565,Nikoleta,Gonzalez,Telecommunications,University of Belgrade,29
566,Mark,Davis,Business Products & Services,Stockholm University,37
567,Emily,Green,Advertising & Marketing,Ghent University,38
568,Veronica,White,Advertising & Marketing,University of Oslo,21
569,Nicole,Hernandez,Travel & Hospitality,Aarhus University,38
570,Elisa,Bianchi,Retail,Aristotle University of Thessaloniki,40
571,Timothy,Mitchell,Government Services,University of Tartu,33
572,Paula,Schmidt,Advertising & Marketing,Politecnico di Milano,24
573,Rebecca,Johnson,Advertising & Marketing,Sapienza University of Rome,30
574,Mark,Harris,Government Services,University of Patras,38
575,Nicholas,Kowalski,Telecommunications,University of Tartu,27
576,Alex,Gonzalez,IT Management,University of Oslo,24
577,Stephen,Horvath,Financial Services,Ludwig Maximilian University of Munich,31
578,Alice,Taylor,Business Products & Services,National and Kapodistrian University of Athens,22
579,Max,Nelson,Health,Eindhoven University of Technology,20
580,Timothy,Dubois,Business Products & Services,University of Patras,40
581,Natalie,Lewis,Software,University College London,28
582,Oscar,Scott,Food & Beverage,Technion – Israel Institute of Technology,28
583,Laura,Smith,Business Products & Services,Aristotle University of Thessaloniki,35
584,James,Lombardi,Environmental Services,University of Geneva,32
585,Anthony,Walker,Engineering,Aristotle University of Thessaloniki,29
586,Paula,Perez,Software,University of Porto,26
587,Angelina,Lombardi,Real Estate,Jagiellonian University,27
588,Zoe,Lombardi,Business Products & Services,Charles University,29
589,Marta,Brown,Business Products & Services,University of Barcelona,34
590,Mark,Jones,Advertising & Marketing,Charles University,23
591,Lydia,Hernandez,Advertising & Marketing,The University of Manchester,24
592,Jack,Muller,Consumer Products & Services,Aristotle University of Thessaloniki,31
593,Diana,King,Financial Services,University of Patras,30
594,Daniel,Anderson,Consumer Products & Services,Tel Aviv University,25
595,Julia,Dubois,Software,Jagiellonian University,27
596,Alexandra,White,Logistics & Transportation,University of Zurich,26
597,Roman,Miller,Real Estate,KU Leuven,35
598,Robert,Thomas,Construction,Trinity College Dublin,19
599,James,Young,Government Services,Utrecht University,22
600,Anna,Williams,IT Management,National and Kapodistrian University of Athens,22
601,Spyros,White,Consumer Products & Services,University of Patras,23
602,Evelyn,Carter,Government Services,Pompeu Fabra University,36
603,James,Hernandez,Financial Services,Jagiellonian University,25
604,Paula,Novak,Business Products & Services,KTH Royal Institute of Technology,33
605,Paul,King,Real Estate,University of Barcelona,30
606,Jason,Perez,Construction,Aristotle University of Thessaloniki,18
607,Spyros,Thomas,Retail,University of Patras,39
608,Christina,Rossi,IT Management,University of Copenhagen,37
609,Veronica,Schmidt,Insurance,The University of Edinburgh,34
610,Emily,Smith,Financial Services,Chalmers University of Technology,24
611,Patricia,Lee,Insurance,Trinity College Dublin,30
612,Dimitris,White,Advertising & Marketing,University of Vienna,21
613,Michael,Baker,Government Services,Jagiellonian University,21
614,John,Clark,IT System Development,Aristotle University of Thessaloniki,23
615,Laura,Garcia,Advertising & Marketing,National and Kapodistrian University of Athens,36
616,Arthur,Harris,Real Estate,University of Patras,29
617,Noah,Allen,Consumer Products & Services,University of Lisbon,39
618,Spyros,Adams,Advertising & Marketing,Aristotle University of Thessaloniki,24
619,Mark,Novak,Health,Delft University of Technology,27
620,Eleni,Miller,Government Services,Trinity College Dublin,36
621,Anna,Adams,Real Estate,National and Kapodistrian University of Athens,24
622,Grace,Allen,Health,National and Kapodistrian University of Athens,20
623,Victoria,Miller,Business Products & Services,University College Dublin,30
624,Jason,Garcia,Telecommunications,University of Zurich,30
625,Maria,Miller,Business Products & Services,Aristotle University of Thessaloniki,35
626,Oscar,Thomas,Retail,University of Patras,37
627,Roxanne,Dubois,Construction,University College Dublin,25
628,Paula,Miller,Engineering,University of Patras,26
629,Andrew,Thomas,Construction,National and Kapodistrian University of Athens,24
630,Zoe,Gonzalez,Health,University of Patras,18
631,Leah,Nelson,Government Services,ETH Zurich,20
632,Roxanne,Rossi,IT Management,University of Tartu,30
633,Paul,Johnson,Advertising & Marketing,Uppsala University,34
634,Claire,Nielsen,Government Services,University of Barcelona,18
635,Samuel,Taylor,Retail,KTH Royal Institute of Technology,23
636,Olivia,Smith,Retail,Technion – Israel Institute of Technology,38
637,Katerina,Moore,Software,National and Kapodistrian University of Athens,23
638,Martin,Rossi,Manufacturing,Sciences Po,29
639,Harris,Lewis,Advertising & Marketing,Ghent University,30
640,Georgia,Allen,Construction,University of Belgrade,30
641,Kostas,Miller,Retail,The University of Edinburgh,32
642,Vasilis,Dubois,Health,University of Warsaw,38
643,Nicholas,Jackson,Construction,Eindhoven University of Technology,33
644,Jason,Lee,Logistics & Transportation,National and Kapodistrian University of Athens,39
645,Leo,Kowalski,Manufacturing,Utrecht University,38
646,Nikos,Bianchi,Business Products & Services,University of Lisbon,28
647,Jack,Hernandez,Software,KTH Royal Institute of Technology,22
648,Georgia,Schmidt,Advertising & Marketing,University College Dublin,21
649,Liam,Muller,Food & Beverage,Charles University,20
650,Leah,Schmidt,Health,National and Kapodistrian University of Athens,36
651,Daniel,Martinez,Software,Aristotle University of Thessaloniki,37
652,Elisa,Lee,Real Estate,University of Patras,35
653,Patricia,Brown,Advertising & Marketing,Leiden University,32
654,Emily,Robinson,Education,Aristotle University of Thessaloniki,26
655,Stephen,Horvath,Advertising & Marketing,National and Kapodistrian University of Athens,34
656,Marta,Lopez,Software,University of Patras,31
657,William,Thomas,Software,Ludwig Maximilian University of Munich,32
658,Eva,White,Consumer Products & Services,University of Strasbourg,18
659,Zoe,Martinez,Advertising & Marketing,Lund University,38
660,Lucy,Adams,Real Estate,National and Kapodistrian University of Athens,39
661,Chloe,Gonzalez,Government Services,Ludwig Maximilian University of Munich,39
662,Anna,Perez,Business Products & Services,University of Groningen,20
663,Mark,Martin,Financial Services,National and Kapodistrian University of Athens,33
664,Isabella,Hernandez,Government Services,University of Bern,40
665,Marta,White,Health,University of Warsaw,28
666,Dimitris,Hernandez,Financial Services,University of Geneva,29
667,Samuel,Thomas,IT Services,ETH Zurich,27
668,Nicholas,Lopez,Health,University of Ljubljana,33
669,Samuel,Thompson,Logistics & Transportation,University of Barcelona,25
670,Oscar,Novak,IT System Development,Aristotle University of Thessaloniki,23
671,John,Young,IT Services,Delft University of Technology,29
672,Kostas,Thompson,Construction,Charles University,38
673,Diana,Miller,Real Estate,Aristotle University of Thessaloniki,25
674,Stephen,Wright,Advertising & Marketing,Ludwig Maximilian University of Munich,21
675,Diana,Clark,Education,University of Amsterdam,25
676,Liam,Nelson,IT System Development,Stockholm University,35
677,Grace,Lewis,Human Resources,University of Patras,22
678,Vasilis,Clark,Business Products & Services,University of Porto,26
679,Athena,Nielsen,Consumer Products & Services,Imperial College London,21
680,George,Bianchi,Manufacturing,The University of Manchester,39
681,Kostas,Scott,Health,Aalto University,34
682,Claire,Young,Consumer Products & Services,Ghent University,26
683,Gregory,Rossi,Software,Aristotle University of Thessaloniki,18
684,Grace,Kowalski,IT Management,University of Amsterdam,38
685,Eleni,Taylor,IT Management,Uppsala University,37
686,Leah,Williams,Software,National and Kapodistrian University of Athens,30
687,Maya,Nelson,Real Estate,KU Leuven,33
688,Stephen,Robinson,Software,Lund University,30
689,Lydia,Anderson,Telecommunications,Chalmers University of Technology,31
690,Christopher,Green,Advertising & Marketing,National and Kapodistrian University of Athens,20
691,Richard,Adams,Advertising & Marketing,Aristotle University of Thessaloniki,23
692,Claire,Moore,IT System Development,Aarhus University,35
693,Lucy,Novak,IT Management,Pompeu Fabra University,36
694,Anthony,Hall,Construction,Aristotle University of Thessaloniki,22
695,Stephen,Clark,Government Services,University of Warsaw,32
696,Joseph,Bianchi,IT Management,University of Strasbourg,19
697,George,Kowalski,IT System Development,Ghent University,27
698,Nicholas,Lopez,Human Resources,National and Kapodistrian University of Athens,35
699,Samuel,Moore,IT Services,Aarhus University,30
700,Penelope,Harris,Food & Beverage,National and Kapodistrian University of Athens,22
701,Andreas,Novak,Software,University of Lisbon,40
702,Rebecca,King,Software,University College Dublin,18
703,Paula,Baker,Telecommunications,Sapienza University of Rome,39
704,Leah,Schmidt,Financial Services,University of Bern,18
705,David,White,Construction,Trinity College Dublin,35
706,Isabella,Miller,Health,University of Groningen,32
707,Thomas,King,Security,Aristotle University of Thessaloniki,34
708,Peter,Nielsen,Construction,Uppsala University,28
709,Theodora,Moore,Software,Sciences Po,38
710,Theodora,Thompson,Business Products & Services,KTH Royal Institute of Technology,39
711,Sara,Moore,Consumer Products & Services,Technical University of Munich,34
712,Anthony,Allen,Environmental Services,The University of Edinburgh,30
713,Irene,Thompson,Consumer Products & Services,Imperial College London,18
714,Emily,Williams,IT System Development,University of Patras,19
715,Jason,Garcia,Travel & Hospitality,University of Geneva,26
716,Harris,Scott,Financial Services,National and Kapodistrian University of Athens,20
717,Oscar,Lombardi,Retail,ETH Zurich,18
718,Joseph,Rossi,Business Products & Services,Ludwig Maximilian University of Munich,38
719,Nadia,Thomas,Retail,University of Patras,33
720,Lydia,Sanchez,Security,University of Oslo,40
721,Oscar,Martinez,Advertising & Marketing,University of Tartu,23
722,Stella,Allen,Logistics & Transportation,University of Oslo,34
723,Roman,Nelson,Software,Technion – Israel Institute of Technology,22
724,Arthur,Gonzalez,Engineering,National and Kapodistrian University of Athens,22
725,Samuel,Lewis,Engineering,National and Kapodistrian University of Athens,23
726,David,Adams,Government Services,Aarhus University,20
727,Michael,Robinson,Insurance,University of Vienna,38
728,Max,Lombardi,Construction,National and Kapodistrian University of Athens,40
729,Nicholas,Nelson,Advertising & Marketing,Politecnico di Milano,22
730,Henry,Williams,Construction,Technical University of Munich,38
731,Martin,Gonzalez,Security,Chalmers University of Technology,22
732,Andreas,Novak,Food & Beverage,National and Kapodistrian University of Athens,27
733,Katerina,Davis,Business Products & Services,Uppsala University,27
734,Isabella,Rossi,Human Resources,Aristotle University of Thessaloniki,36
735,Arthur,Clark,Health,Aristotle University of Thessaloniki,34
736,Lucy,Smith,Real Estate,University of Strasbourg,38
737,Leo,Taylor,Manufacturing,University of Amsterdam,31
738,Catherine,Perez,Retail,Aristotle University of Thessaloniki,26
739,Bianca,Sanchez,Health,Aalto University,31
740,Victor,Harris,Retail,University of Copenhagen,18
741,Laura,Harris,Health,Eindhoven University of Technology,36
742,Oscar,Bianchi,Government Services,University of Cambridge,30
743,Liam,Davis,IT Management,University of Patras,30
744,Grace,Thomas,Business Products & Services,Aristotle University of Thessaloniki,21
745,Leah,Clark,IT Management,Utrecht University,18
746,Laura,Lee,Construction,University of Strasbourg,34
747,Grace,Taylor,Advertising & Marketing,Technion – Israel Institute of Technology,25
748,Chloe,Allen,Business Products & Services,University of Vienna,19
749,Robert,Green,Business Products & Services,University of Helsinki,25
750,Irene,Thomas,Advertising & Marketing,University of Patras,24
751,Kostas,Muller,Government Services,University of Warsaw,19
752,Harris,Johnson,IT System Development,University College London,39
753,Peter,Young,Business Products & Services,University of Porto,39
754,Emily,Mitchell,Health,University of Vienna,20
755,Richard,Allen,Business Products & Services,University of Belgrade,35
756,Richard,Nelson,IT Management,Imperial College London,29
757,Christos,Adams,Logistics & Transportation,University of Geneva,18
758,Nicole,Novak,Software,Jagiellonian University,39
759,Paul,Hall,Health,University of Porto,29
760,Alexandra,Dubois,Manufacturing,University of Bern,22
761,Liam,Walker,Business Products & Services,University of Amsterdam,34
762,Helen,Sanchez,Construction,Technical University of Munich,33
763,Oscar,Jackson,Human Resources,University of Cambridge,32
764,John,Thompson,Health,Pompeu Fabra University,40
765,Victoria,Dubois,Logistics & Transportation,University of Patras,32
766,Olivia,Lewis,Financial Services,University of Geneva,22
767,Anna,Carter,Advertising & Marketing,Aristotle University of Thessaloniki,38
768,Spyros,Harris,Business Products & Services,Aristotle University of Thessaloniki,31
769,Stephen,Sanchez,Government Services,Jagiellonian University,19
770,Timothy,Kowalski,Software,Imperial College London,28
771,Arthur,Walker,Business Products & Services,Leiden University,36
772,James,Lee,Human Resources,Charles University,24
773,Athena,Williams,Software,Charles University,23
774,Benjamin,Martin,Health,University of Bern,19
775,Oscar,Muller,Advertising & Marketing,University of Oslo,23
776,Theodora,King,Human Resources,Charles University,35
777,Peter,Davis,Environmental Services,University of Patras,19
778,Stephen,Perez,Health,Charles University,35
779,Paula,Hall,Business Products & Services,Aristotle University of Thessaloniki,32
780,John,Nielsen,Logistics & Transportation,University of Patras,36
781,Hugo,White,Human Resources,ETH Zurich,19
782,Martin,Adams,Consumer Products & Services,Trinity College Dublin,37
783,Andreas,Walker,Logistics & Transportation,Imperial College London,23
784,Paul,Nelson,Business Products & Services,Sciences Po,18
785,Natalie,Johnson,Environmental Services,Lund University,32
786,Martin,Taylor,Advertising & Marketing,Aarhus University,40
787,Penelope,King,Travel & Hospitality,Politecnico di Milano,27
788,Joseph,Taylor,Consumer Products & Services,Uppsala University,36
789,Leo,Lee,Business Products & Services,Technical University of Munich,34
790,Claire,Carter,Advertising & Marketing,National and Kapodistrian University of Athens,22
791,Lucas,Novak,Software,KTH Royal Institute of Technology,21
792,Thomas,Scott,Advertising & Marketing,Aalto University,27
793,Marta,Hernandez,Advertising & Marketing,National and Kapodistrian University of Athens,34
794,Catherine,Adams,Health,University of Patras,27
795,Benjamin,Muller,IT Management,Stockholm University,34
796,Bianca,Martinez,IT Management,University College London,37
797,Richard,Martinez,Software,University of Patras,22
798,Nicholas,Lombardi,Manufacturing,Charles University,19
799,Stella,Harris,Manufacturing,Sapienza University of Rome,23
800,Athena,Brown,Manufacturing,University of Patras,38
801,Penelope,Miller,Software,National and Kapodistrian University of Athens,19
802,Maya,Lee,Real Estate,Aristotle University of Thessaloniki,30
803,Stephen,Nielsen,IT Management,University of Patras,28
804,Paul,Anderson,Financial Services,EPFL,28
805,Stella,Clark,Energy,Aristotle University of Thessaloniki,33
806,Nicholas,Allen,Business Products & Services,Uppsala University,28
807,Elisa,Walker,IT Management,University of Cambridge,36
808,Victoria,Taylor,Manufacturing,University College London,32
809,Max,Allen,Construction,Leiden University,40
810,Gregory,Smith,Business Products & Services,Stockholm University,40
811,Peter,Lombardi,Business Products & Services,Uppsala University,33
812,Patricia,Anderson,Retail,University of Tartu,28
813,Hugo,Hernandez,Real Estate,National and Kapodistrian University of Athens,39
814,Stella,Thomas,Advertising & Marketing,Aalto University,33
815,Grace,Lee,Consumer Products & Services,National and Kapodistrian University of Athens,25
816,Chloe,Lee,Advertising & Marketing,University of Barcelona,21
817,Nikos,Miller,Real Estate,University of Amsterdam,25
818,Theodora,Thomas,Software,University of Patras,21
819,Sofia,Jackson,Financial Services,Aristotle University of Thessaloniki,20
820,Penelope,Moore,Business Products & Services,University of Lisbon,20
821,Anthony,Hall,Human Resources,Utrecht University,35
822,Thomas,Miller,Financial Services,University of Lisbon,36
823,Alice,Dubois,Construction,University of Ljubljana,36
824,Martin,Jackson,Software,The University of Edinburgh,38
825,Victoria,Anderson,Government Services,University of Ljubljana,22
826,Rebecca,Kowalski,Construction,Eindhoven University of Technology,35
827,Harris,Baker,Software,National and Kapodistrian University of Athens,27
828,Emily,Nielsen,Government Services,Trinity College Dublin,39
829,Theodora,Lewis,Food & Beverage,University of Tartu,38
830,Elisa,Smith,Retail,National and Kapodistrian University of Athens,23
831,Arthur,Sanchez,Engineering,University of Belgrade,18
832,Gregory,Taylor,Computer Hardware,University College Dublin,22
833,William,Clark,Logistics & Transportation,ETH Zurich,26
834,Anthony,Davis,Logistics & Transportation,Utrecht University,29
835,Roxanne,Sanchez,Advertising & Marketing,University of Cambridge,31
836,Dimitris,Baker,Construction,University of Groningen,19
837,Paul,Kowalski,Food & Beverage,Aristotle University of Thessaloniki,34
838,Oscar,Walker,Media,Aristotle University of Thessaloniki,31
839,Peter,Novak,Construction,Technion – Israel Institute of Technology,30
840,Stella,Moore,Energy,Charles University,26
841,Veronica,Sanchez,Real Estate,University of Warsaw,32
842,Liam,Lombardi,Logistics & Transportation,Sciences Po,39
843,Christopher,Robinson,IT Management,Charles University,32
844,Spyros,Allen,Health,Sciences Po,28
845,Penelope,Horvath,Construction,University of Patras,33
846,Leah,Jackson,Advertising & Marketing,Aristotle University of Thessaloniki,34
847,Thomas,Muller,Business Products & Services,Sapienza University of Rome,21
848,Dimitris,Davis,Manufacturing,University of Bern,18
849,Nikos,Robinson,Business Products & Services,Technion – Israel Institute of Technology,25
850,Laura,Martinez,Travel & Hospitality,Stockholm University,34
851,Robert,Gonzalez,Software,University of Patras,20
852,Irene,Muller,Business Products & Services,Charles University,37
853,Rebecca,Martinez,Advertising & Marketing,Ghent University,32
854,Lydia,Walker,Health,Jagiellonian University,32
855,Nadia,Nielsen,Retail,National and Kapodistrian University of Athens,39
856,Leah,Gonzalez,Construction,National and Kapodistrian University of Athens,31
857,Andreas,Lopez,Health,National and Kapodistrian University of Athens,40
858,Benjamin,Kowalski,Retail,University of Patras,31
859,Claire,Dubois,IT System Development,Sapienza University of Rome,19
860,Nicholas,Hall,Business Products & Services,Charles University,30
861,Spyros,Carter,Health,Jagiellonian University,31
862,Martin,Walker,Logistics & Transportation,Aristotle University of Thessaloniki,36
863,Rebecca,Green,IT System Development,University of Copenhagen,24
864,Hugo,Jones,Consumer Products & Services,Ludwig Maximilian University of Munich,20
865,Katerina,Clark,Software,Pompeu Fabra University,32
866,George,Wright,Real Estate,University of Geneva,40
867,Athena,Lombardi,Government Services,University of Helsinki,31
868,Arthur,Schmidt,Advertising & Marketing,University of Lisbon,28
869,Christina,Nelson,Software,Lund University,32
870,Nicole,Johnson,Health,Pompeu Fabra University,30
871,Peter,Martin,Software,University College Dublin,35
872,Lucas,Carter,Computer Hardware,University of Belgrade,23
873,Harris,Thomas,Software,University College Dublin,20
874,Samuel,Nielsen,Advertising & Marketing,KU Leuven,36
875,Lucy,Jackson,IT Management,University College Dublin,32
876,Michael,Lewis,Advertising & Marketing,Aristotle University of Thessaloniki,40
877,Jasmine,Lewis,Business Products & Services,University of Barcelona,22
878,Alex,Harris,Business Products & Services,National and Kapodistrian University of Athens,27
879,Gregory,King,Travel & Hospitality,Politecnico di Milano,24
880,Marta,Smith,Logistics & Transportation,University of Lisbon,34
881,Helen,Mitchell,Software,Pompeu Fabra University,24
882,Christina,Carter,Telecommunications,The University of Edinburgh,39
883,Veronica,Muller,Software,Delft University of Technology,29
884,Georgia,Walker,Education,University of Vienna,34
885,Mark,Jones,Government Services,Utrecht University,30
886,Nicole,Bianchi,Retail,Aristotle University of Thessaloniki,37
887,Joseph,Martin,Health,University College Dublin,21
888,Andreas,Martinez,Travel & Hospitality,University of Ljubljana,27
889,George,Wright,Construction,University of Oslo,20
890,Bianca,Hernandez,Business Products & Services,Aarhus University,26
891,Diana,Williams,Manufacturing,National and Kapodistrian University of Athens,30
892,Paul,Moore,Health,National and Kapodistrian University of Athens,35
893,Lydia,Lee,Energy,University of Lisbon,32
894,Marta,Hall,Construction,University College Dublin,21
895,Marta,Miller,Construction,University of Copenhagen,32
896,Jason,Harris,IT System Development,University of Tartu,39
897,Noah,Robinson,Engineering,University of Amsterdam,19
898,Laura,Bianchi,Human Resources,University of Patras,32
899,Stephen,Thomas,Health,University of Barcelona,25
900,Emily,Hall,Advertising & Marketing,Technical University of Munich,25
901,Vasilis,Anderson,Advertising & Marketing,University of Patras,34
902,Victoria,Lopez,IT System Development,National and Kapodistrian University of Athens,29
903,Diana,Lee,Media,University of Geneva,36
904,Patricia,Robinson,Software,Eindhoven University of Technology,27
905,Spyros,Kowalski,Energy,University of Patras,26
906,John,Sanchez,Manufacturing,Tel Aviv University,22
907,Catherine,Williams,IT Management,National and Kapodistrian University of Athens,23
908,Victoria,Thompson,Business Products & Services,KU Leuven,37
909,Noah,Perez,Advertising & Marketing,Utrecht University,19
910,Benjamin,Thomas,Health,University of Patras,30
911,Nicholas,Taylor,IT System Development,University of Oxford,23
912,Liam,Walker,Advertising & Marketing,Aristotle University of Thessaloniki,22
913,Andreas,Kowalski,Advertising & Marketing,University of Patras,18
914,Patricia,Scott,Construction,Sciences Po,38
915,James,Davis,Consumer Products & Services,University College London,39
916,Laura,Allen,Business Products & Services,University of Belgrade,38
917,Thomas,Miller,Energy,ETH Zurich,23
918,Robert,Clark,Advertising & Marketing,Sapienza University of Rome,23
919,Theodora,Kowalski,IT System Development,The University of Edinburgh,40
920,Julia,Dubois,Logistics & Transportation,Aristotle University of Thessaloniki,33
921,Vasilis,Davis,Business Products & Services,Aristotle University of Thessaloniki,21
922,Irene,Bianchi,Consumer Products & Services,University of Patras,28
923,Alex,Walker,Real Estate,Tel Aviv University,40
924,Helen,Smith,Business Products & Services,University of Porto,26
925,Peter,Taylor,Real Estate,National and Kapodistrian University of Athens,40
926,Penelope,Gonzalez,Environmental Services,University of Patras,20
927,Joseph,Martinez,Business Products & Services,Chalmers University of Technology,36
928,Sofia,Adams,Business Products & Services,National and Kapodistrian University of Athens,25
929,Gregory,King,Software,University of Vienna,22
930,Kostas,Robinson,IT Management,National and Kapodistrian University of Athens,21
931,Emily,Kowalski,Construction,Stockholm University,23
932,Jack,Allen,Government Services,University of Helsinki,19
933,John,Smith,Manufacturing,Jagiellonian University,37
934,Lucy,Wright,Financial Services,Aristotle University of Thessaloniki,28
935,Olivia,Bianchi,Government Services,Tel Aviv University,21
936,Peter,Lombardi,Real Estate,Aristotle University of Thessaloniki,32
937,Athena,Walker,Health,Chalmers University of Technology,23
938,Christos,Hall,Advertising & Marketing,Technical University of Munich,39
939,Natalie,Nielsen,Health,Aristotle University of Thessaloniki,34
940,Lucy,Brown,Real Estate,Lund University,23
941,Spyros,Lee,Government Services,University of Patras,36
942,Joseph,Hall,Engineering,Uppsala University,19
943,Angelina,Thompson,Software,University of Patras,32
944,George,Schmidt,Financial Services,Utrecht University,28
945,Thomas,Rossi,IT System Development,Chalmers University of Technology,25
946,Marta,Garcia,Government Services,Aristotle University of Thessaloniki,36
947,Hugo,Carter,Real Estate,Politecnico di Milano,30
948,Christopher,Young,Business Products & Services,University College London,29
949,Penelope,King,Education,Technical University of Munich,22
950,Christopher,Lewis,IT Management,Leiden University,23
951,Christopher,Nielsen,Real Estate,University of Patras,39
952,Oscar,Sanchez,Business Products & Services,University of Lisbon,21
953,Isabella,Horvath,IT Management,University of Cambridge,36
954,Catherine,Harris,Construction,Technical University of Munich,37
955,Timothy,Green,Real Estate,University of Helsinki,18
956,Veronica,Lewis,Security,University of Barcelona,37
957,Oscar,Garcia,Financial Services,University College London,34
958,Christos,Thomas,Retail,University of Patras,29
959,Emily,Hall,Environmental Services,Leiden University,32
960,Christina,Green,Advertising & Marketing,University of Patras,18
961,Alice,Muller,Energy,Chalmers University of Technology,31
962,Matthew,Robinson,Construction,University of Strasbourg,23
963,Irene,Kowalski,Consumer Products & Services,University College London,22
964,Rebecca,Miller,Health,Eindhoven University of Technology,28
965,Anthony,Anderson,Logistics & Transportation,University of Patras,21
966,Max,Smith,IT Management,Leiden University,30
967,Victor,Harris,Logistics & Transportation,KTH Royal Institute of Technology,28
968,David,Horvath,Software,Aristotle University of Thessaloniki,20
969,Marina,Nelson,Logistics & Transportation,Sciences Po,18
970,Victor,Thompson,Health,University of Strasbourg,23
971,Christina,Hernandez,Consumer Products & Services,Imperial College London,35
972,Helen,King,Government Services,Aristotle University of Thessaloniki,27
973,Paula,Mitchell,Consumer Products & Services,University of Warsaw,22
974,Lucy,Dubois,Software,University of Cambridge,40
975,Penelope,Allen,IT System Development,Leiden University,27
976,Peter,Hall,Advertising & Marketing,University of Tartu,29
977,Leo,Brown,Health,University of Patras,19
978,Benjamin,Allen,Real Estate,Leiden University,30
979,Paul,Lopez,Real Estate,University of Patras,25
980,Catherine,Williams,Health,University of Zurich,19
981,Christina,Garcia,Engineering,National and Kapodistrian University of Athens,37
982,Adrian,Wright,Engineering,Lund University,18
983,Benjamin,Allen,Human Resources,University of Warsaw,22
984,Harris,Lewis,Business Products & Services,National and Kapodistrian University of Athens,26
985,Marta,Brown,Business Products & Services,Aarhus University,34
986,Marta,Carter,Advertising & Marketing,University of Belgrade,26
987,Dimitris,Kowalski,Financial Services,Charles University,28
988,Ivy,Lewis,Government Services,The University of Manchester,32
989,Sara,Thompson,Advertising & Marketing,University of Strasbourg,23
990,Jasmine,Hall,Real Estate,Aristotle University of Thessaloniki,40
991,Nicole,Harris,Construction,University of Amsterdam,20
992,Alexandra,Kowalski,IT Management,Aristotle University of Thessaloniki,34
993,Gregory,Lopez,Construction,University of Bern,22
994,Marta,Nielsen,Real Estate,National and Kapodistrian University of Athens,29
995,Martin,Johnson,Telecommunications,Delft University of Technology,35
996,Oscar,Green,Advertising & Marketing,National and Kapodistrian University of Athens,31
997,Chloe,White,Energy,National and Kapodistrian University of Athens,38
998,David,Thomas,Consumer Products & Services,University of Patras,28
999,Diana,Lopez,Government Services,Aristotle University of Thessaloniki,26
1000,Matthew,Clark,Construction,University of Lisbon,19
1001,Maria,Perez,Human Resources,University of Bern,29
1002,Max,Johnson,Health,Delft University of Technology,20
1003,Daniel,Young,Software,Aristotle University of Thessaloniki,20
1004,Helen,Gonzalez,Health,Imperial College London,18
1005,Benjamin,Lee,Business Products & Services,Tel Aviv University,25
1006,Oscar,Rossi,Construction,KTH Royal Institute of Technology,39
1007,Alexandra,Williams,Business Products & Services,University of Tartu,25
1008,Evelyn,Carter,Engineering,Aristotle University of Thessaloniki,28
1009,Evelyn,Garcia,Consumer Products & Services,National and Kapodistrian University of Athens,26
1010,Alice,Clark,Education,National and Kapodistrian University of Athens,22
1011,Benjamin,Dubois,Retail,University of Strasbourg,31
1012,Christos,Williams,Government Services,Aristotle University of Thessaloniki,20
1013,Eleni,Green,Software,Sapienza University of Rome,38
1014,Patricia,Schmidt,Food & Beverage,Trinity College Dublin,22
1015,Spyros,Walker,Health,University of Patras,22
1016,Victor,Jackson,Real Estate,University of Zurich,36
1017,Vasilis,Thomas,Software,University of Patras,31
1018,David,Miller,Manufacturing,Leiden University,21
1019,Helen,Green,IT Management,University of Patras,30
1020,Maya,Davis,Consumer Products & Services,University of Patras,27
1021,Peter,Martinez,Health,National and Kapodistrian University of Athens,35
1022,Anthony,Dubois,Software,KTH Royal Institute of Technology,25
1023,Angelina,Anderson,Software,Politecnico di Milano,25
1024,Natalie,Rossi,Logistics & Transportation,National and Kapodistrian University of Athens,24
1025,Lucy,Wright,Financial Services,Trinity College Dublin,25
1026,Jason,Hall,Software,Aristotle University of Thessaloniki,31
1027,Sofia,White,Health,Imperial College London,36
1028,Stephen,Clark,Energy,University of Groningen,23
1029,Alice,Allen,Government Services,University of Amsterdam,18
1030,Kostas,Novak,IT System Development,University of Patras,40
1031,Robert,Mitchell,Government Services,University of Oslo,32
1032,Theodora,Jackson,Business Products & Services,National and Kapodistrian University of Athens,18
1033,William,Dubois,Construction,Aalto University,34
1034,Timothy,Scott,Construction,National and Kapodistrian University of Athens,18
1035,Spyros,Adams,Health,Politecnico di Milano,32
1036,Liam,Allen,Business Products & Services,University of Patras,40
1037,Michael,Williams,Software,University of Belgrade,19
1038,Martin,Jones,Consumer Products & Services,National and Kapodistrian University of Athens,31
1039,Patricia,Gonzalez,Environmental Services,Aristotle University of Thessaloniki,38
1040,Athena,Lewis,Business Products & Services,Ludwig Maximilian University of Munich,25
1041,Jasmine,Williams,Education,University of Vienna,25
1042,Irene,Anderson,Software,Chalmers University of Technology,36
1043,Irene,Carter,Food & Beverage,KU Leuven,24
1044,Alice,Dubois,Retail,University of Bern,36
1045,Michael,Rossi,Software,University of Copenhagen,23
1046,Catherine,Davis,Environmental Services,National and Kapodistrian University of Athens,23
1047,Zoe,Robinson,Financial Services,University College Dublin,20
1048,Spyros,King,IT System Development,University of Belgrade,24
1049,Bianca,Dubois,Insurance,Leiden University,36
1050,Nikoleta,Miller,IT System Development,University of Helsinki,25
1051,Chloe,Harris,IT Management,Aristotle University of Thessaloniki,27
1052,Timothy,Rossi,Software,University of Patras,37
1053,Marina,Schmidt,Real Estate,University of Patras,32
1054,Matthew,Lee,Consumer Products & Services,University of Patras,32
1055,Anthony,Hall,Advertising & Marketing,University of Patras,18
1056,George,Walker,Software,Eindhoven University of Technology,37
1057,Olivia,Johnson,Business Products & Services,Ludwig Maximilian University of Munich,24
1058,Laura,Thomas,Business Products & Services,EPFL,21
1059,William,Schmidt,Advertising & Marketing,University College Dublin,23
1060,Peter,Thompson,Food & Beverage,Technion – Israel Institute of Technology,18
1061,Penelope,Dubois,Consumer Products & Services,University of Tartu,22
1062,Chloe,Bianchi,Construction,Aristotle University of Thessaloniki,40
1063,Laura,Schmidt,Food & Beverage,National and Kapodistrian University of Athens,18
1064,Gregory,Miller,Consumer Products & Services,EPFL,21
1065,Vasilis,Hall,Advertising & Marketing,ETH Zurich,39
1066,Spyros,Garcia,Environmental Services,Uppsala University,19
1067,Athena,Hernandez,Business Products & Services,Trinity College Dublin,27
1068,Leah,Adams,Health,The University of Manchester,22
1069,George,Thompson,Software,University of Ljubljana,27
1070,Sara,Lee,IT Management,University of Tartu,18
1071,Martin,Mitchell,IT Management,University of Geneva,39
1072,Mark,King,Security,University of Patras,23
1073,Grace,Green,Food & Beverage,Lund University,30
1074,Henry,Jackson,Advertising & Marketing,Aristotle University of Thessaloniki,32
1075,Philip,Novak,Consumer Products & Services,Politecnico di Milano,21
1076,Thomas,Brown,Food & Beverage,University of Bern,30
1077,William,Lewis,Education,Jagiellonian University,37
1078,Natalie,Adams,Advertising & Marketing,Charles University,32
1079,Stephen,Sanchez,Logistics & Transportation,University College Dublin,25
1080,George,Moore,Security,University of Lisbon,22
1081,Nicole,Muller,Construction,University of Tartu,32
1082,Marta,Hall,Software,University of Lisbon,21
1083,Anthony,White,Business Products & Services,University of Helsinki,29
1084,John,Schmidt,Insurance,Aristotle University of Thessaloniki,30
1085,Richard,Novak,Software,ETH Zurich,19
1086,Timothy,Nielsen,Human Resources,Utrecht University,36
1087,Georgia,Thomas,Software,University of Groningen,36
1088,Lucy,White,Human Resources,Eindhoven University of Technology,21
1089,Andrew,King,Software,University of Oxford,21
1090,Isabella,Lombardi,Food & Beverage,University of Vienna,28
1091,Grace,Williams,Government Services,Aarhus University,22
1092,Max,Carter,Financial Services,ETH Zurich,37
1093,Hugo,Walker,Retail,University of Zurich,28
1094,Christopher,Thomas,Real Estate,University of Helsinki,27
1095,Christos,Kowalski,Software,University of Patras,25
1096,Gregory,Lopez,Real Estate,EPFL,23
1097,Lydia,White,Advertising & Marketing,Technion – Israel Institute of Technology,23
1098,Patricia,Smith,Financial Services,University of Cambridge,25
1099,Noah,Perez,IT Management,University of Geneva,40
1100,David,Moore,Media,National and Kapodistrian University of Athens,32
1101,Theodora,Johnson,Construction,University College Dublin,31
1102,Eva,Perez,Logistics & Transportation,National and Kapodistrian University of Athens,28
1103,Evelyn,Lombardi,Human Resources,Technion – Israel Institute of Technology,29
1104,Samuel,Martinez,Health,Aristotle University of Thessaloniki,30
1105,Peter,White,Financial Services,Aristotle University of Thessaloniki,25
1106,Emily,White,Health,University of Vienna,35
1107,Jack,Allen,Real Estate,University College Dublin,18
1108,Kostas,Carter,Health,Delft University of Technology,32
1109,Andrew,Rossi,Human Resources,National and Kapodistrian University of Athens,25
1110,Marta,Gonzalez,Health,Aalto University,28
1111,Paula,Davis,Real Estate,University of Patras,29
1112,Leah,Martin,Advertising & Marketing,Aarhus University,29
1113,Claire,Martin,Security,University of Oxford,21
1114,Elisa,Johnson,Media,Pompeu Fabra University,33
1115,Marta,Horvath,Insurance,Aristotle University of Thessaloniki,21
1116,Nicole,Gonzalez,Manufacturing,Stockholm University,22
1117,Roman,Martin,Business Products & Services,University of Cambridge,22
1118,Olivia,Jones,Manufacturing,University of Helsinki,25
1119,Andreas,Mitchell,Human Resources,University of Oxford,27
1120,Robert,Lopez,Business Products & Services,National and Kapodistrian University of Athens,34
1121,Jasmine,Dubois,Advertising & Marketing,Ludwig Maximilian University of Munich,26
1122,Marina,Horvath,Health,University of Zurich,39
1123,Claire,Carter,Financial Services,University of Zurich,36
1124,Stephen,Allen,Business Products & Services,University of Amsterdam,31
1125,Natalie,Nelson,Software,University of Patras,25
1126,Vasilis,Perez,Health,University of Oxford,26
1127,Alex,Rossi,Government Services,University of Lisbon,39
1128,Liam,Carter,Financial Services,The University of Manchester,28
1129,Andreas,Harris,Construction,Chalmers University of Technology,40
1130,Marta,Green,Government Services,University of Zurich,18
1131,Laura,Robinson,Food & Beverage,The University of Edinburgh,31
1132,Christopher,Sanchez,Government Services,Aristotle University of Thessaloniki,22
1133,Theodora,Baker,Business Products & Services,Sapienza University of Rome,38
1134,Martin,Smith,Insurance,University of Helsinki,31
1135,Olivia,Harris,Education,University of Amsterdam,21
1136,James,Harris,Energy,University of Warsaw,39
1137,Christos,Gonzalez,Logistics & Transportation,Uppsala University,40
1138,Grace,Clark,Health,National and Kapodistrian University of Athens,18
1139,Peter,Young,Computer Hardware,Politecnico di Milano,39
1140,Nicholas,Anderson,Construction,University College London,40
1141,Bianca,Allen,IT Management,University of Geneva,36
1142,Daniel,Schmidt,Software,University of Oxford,25
1143,Marta,Wright,Construction,Aristotle University of Thessaloniki,32
1144,David,Moore,Consumer Products & Services,Aristotle University of Thessaloniki,38
1145,Oscar,Green,Health,Aalto University,32
1146,Andreas,Novak,Business Products & Services,Ghent University,26
1147,Benjamin,Taylor,Logistics & Transportation,Leiden University,38
1148,Andreas,Kowalski,Construction,University of Barcelona,26
1149,Victor,Robinson,IT System Development,University of Patras,27
1150,Henry,Thompson,Travel & Hospitality,University of Groningen,37
1151,Katerina,Walker,Financial Services,Aristotle University of Thessaloniki,38
1152,Irene,Williams,Advertising & Marketing,National and Kapodistrian University of Athens,26
1153,Paul,Lombardi,Human Resources,Lund University,20
1154,William,Adams,Consumer Products & Services,Politecnico di Milano,37
1155,Nadia,Miller,Financial Services,University of Vienna,28
1156,Chloe,Rossi,Education,University of Oslo,23
1157,Arthur,Wright,Government Services,KTH Royal Institute of Technology,19
1158,Harris,Baker,Business Products & Services,Uppsala University,24
1159,Laura,Clark,Logistics & Transportation,Ghent University,35
1160,Matthew,Miller,Construction,Sciences Po,19
1161,Bianca,Moore,Food & Beverage,University of Helsinki,34
1162,Julia,Schmidt,Financial Services,University of Amsterdam,28
1163,Victoria,Scott,Real Estate,National and Kapodistrian University of Athens,29
1164,Emily,Lewis,Manufacturing,National and Kapodistrian University of Athens,36
1165,Athena,Lee,IT Management,Sapienza University of Rome,39
1166,Isabella,Lopez,Travel & Hospitality,National and Kapodistrian University of Athens,24
1167,Sofia,Muller,Business Products & Services,Aarhus University,37
1168,Ivy,Gonzalez,Health,University of Ljubljana,23
1169,Richard,Young,IT System Development,Politecnico di Milano,38
1170,Joseph,Kowalski,Consumer Products & Services,University of Tartu,18
1171,Bianca,Allen,Security,University of Barcelona,34
1172,Michael,Johnson,Logistics & Transportation,Aristotle University of Thessaloniki,28
1173,Roxanne,Anderson,Manufacturing,Uppsala University,39
1174,Andrew,Mitchell,Financial Services,University of Barcelona,35
1175,Nicholas,Nelson,Travel & Hospitality,University of Patras,38
1176,Victor,Taylor,Construction,University of Strasbourg,34
1177,Isabella,Mitchell,Real Estate,University of Oxford,24
1178,John,Clark,Financial Services,University of Barcelona,34
1179,Julia,Adams,Construction,National and Kapodistrian University of Athens,37
1180,Martin,Hall,Business Products & Services,University of Patras,26
1181,Leo,Perez,Manufacturing,Aristotle University of Thessaloniki,34
1182,Georgia,Muller,Business Products & Services,Aristotle University of Thessaloniki,37
1183,Daniel,Johnson,Security,National and Kapodistrian University of Athens,39
1184,Alexandra,Muller,Government Services,ETH Zurich,39
1185,Daniel,Lopez,Advertising & Marketing,Sciences Po,25
1186,Liam,Baker,Advertising & Marketing,University of Patras,34
1187,Martin,Schmidt,Health,Technion – Israel Institute of Technology,24
1188,Matthew,Wright,Education,Aristotle University of Thessaloniki,18
1189,Natalie,Jackson,Advertising & Marketing,The University of Edinburgh,30
1190,Diana,Robinson,Human Resources,University of Zurich,40
1191,Harris,Green,IT System Development,University of Patras,36
1192,Nadia,Martinez,Travel & Hospitality,University of Patras,36
1193,Peter,Robinson,Construction,University College Dublin,34
1194,Rebecca,Carter,Telecommunications,ETH Zurich,30
1195,Nadia,Garcia,Software,KTH Royal Institute of Technology,33
1196,Nikoleta,Davis,IT Management,University of Ljubljana,25
1197,Chloe,Walker,Advertising & Marketing,KU Leuven,36
1198,Nikoleta,Moore,Business Products & Services,Aristotle University of Thessaloniki,35
1199,Maria,Moore,Health,Jagiellonian University,18
1200,Irene,Garcia,IT Services,University of Patras,31
1201,Nikos,Adams,Retail,Pompeu Fabra University,36
1202,Emily,Lopez,Construction,Technical University of Munich,32
1203,Anthony,Thomas,Consumer Products & Services,Charles University,35
1204,Matthew,Taylor,Energy,University College London,19
1205,Evelyn,Nielsen,Advertising & Marketing,Pompeu Fabra University,39
1206,Irene,Nielsen,Software,University of Vienna,34
1207,Christopher,Schmidt,Logistics & Transportation,Aristotle University of Thessaloniki,35
1208,Kostas,Walker,Logistics & Transportation,University of Patras,23
1209,Peter,Baker,Telecommunications,University of Copenhagen,36
1210,William,Perez,Construction,Pompeu Fabra University,21
1211,Diana,Clark,IT System Development,Ghent University,18
1212,Roxanne,Muller,Business Products & Services,Ghent University,25
1213,Maya,Moore,Education,Sapienza University of Rome,40
1214,Alexandra,Perez,Advertising & Marketing,KTH Royal Institute of Technology,24
1215,Laura,Carter,Business Products & Services,University of Patras,20
1216,Georgia,White,Human Resources,Eindhoven University of Technology,27
1217,Hugo,Gonzalez,Software,KU Leuven,27
1218,Vasilis,Nielsen,Business Products & Services,Aristotle University of Thessaloniki,36
1219,Stephen,Lewis,Advertising & Marketing,University of Patras,31
1220,Daniel,Rossi,Retail,University of Patras,19
1221,Christopher,Davis,Logistics & Transportation,National and Kapodistrian University of Athens,18
1222,Lydia,Lombardi,Software,Aristotle University of Thessaloniki,40
1223,Gregory,Kowalski,Human Resources,University of Patras,40
1224,William,Rossi,Real Estate,KTH Royal Institute of Technology,35
1225,Athena,Muller,Software,Uppsala University,24
1226,Arthur,Rossi,Retail,KTH Royal Institute of Technology,25
1227,Lydia,Gonzalez,Media,University of Vienna,18
1228,Matthew,King,Computer Hardware,University of Amsterdam,40
1229,Nicholas,Green,Construction,University of Belgrade,20
1230,Stephen,Green,Logistics & Transportation,Jagiellonian University,40
1231,Natalie,Walker,Financial Services,University of Belgrade,25
1232,Paula,Martin,Real Estate,Eindhoven University of Technology,39
1233,Martin,Walker,Security,National and Kapodistrian University of Athens,32
1234,Noah,Wright,Software,University of Tartu,22
1235,Chloe,Muller,Government Services,Imperial College London,20
1236,Laura,Allen,Advertising & Marketing,Politecnico di Milano,36
1237,Martin,Lopez,Real Estate,National and Kapodistrian University of Athens,18
1238,Lucy,Young,Construction,Aristotle University of Thessaloniki,32
1239,Liam,Taylor,Engineering,University of Patras,25
1240,Timothy,Thomas,Construction,Technion – Israel Institute of Technology,19
1241,Benjamin,Walker,Retail,Sciences Po,20
1242,Jasmine,Lopez,IT Management,University of Helsinki,31
1243,Dimitris,Smith,Health,Uppsala University,31
1244,Richard,Green,Human Resources,The University of Edinburgh,28
1245,Marta,Harris,Manufacturing,University of Helsinki,33
1246,Alice,Muller,IT Management,The University of Manchester,21
1247,James,Allen,Financial Services,University of Patras,37
1248,Theodora,Bianchi,Financial Services,Eindhoven University of Technology,22
1249,Ivy,Thomas,Advertising & Marketing,National and Kapodistrian University of Athens,39
1250,Thomas,Kowalski,Advertising & Marketing,The University of Edinburgh,38
1251,Olivia,Davis,Advertising & Marketing,Aristotle University of Thessaloniki,31
1252,Angelina,Robinson,Financial Services,National and Kapodistrian University of Athens,40
1253,Richard,Nelson,Advertising & Marketing,University of Patras,33
1254,Max,Bianchi,Software,University of Copenhagen,35
1255,Bianca,Perez,Financial Services,University of Belgrade,24
1256,Eleni,Perez,Business Products & Services,University of Lisbon,27
1257,Alice,Perez,Business Products & Services,University of Strasbourg,24
1258,Anthony,Hernandez,Government Services,University of Strasbourg,18
1259,Liam,Rossi,Software,University of Oxford,40
1260,Katerina,Johnson,Software,Technical University of Munich,38
1261,Kostas,Mitchell,Financial Services,University of Copenhagen,36
1262,Natalie,Martin,IT Management,KTH Royal Institute of Technology,33
1263,Peter,Martinez,Health,University of Oxford,36
1264,Diana,Mitchell,Energy,KU Leuven,21
1265,Vasilis,Mitchell,Financial Services,University of Copenhagen,35
1266,Penelope,King,Advertising & Marketing,University of Patras,19
1267,Christina,Miller,IT Management,University of Barcelona,18
1268,Mark,Carter,Consumer Products & Services,Utrecht University,32
1269,Christina,Adams,Consumer Products & Services,Sapienza University of Rome,22
1270,Paula,Dubois,Advertising & Marketing,National and Kapodistrian University of Athens,37
1271,Theodora,Perez,Software,Pompeu Fabra University,28
1272,Sofia,Johnson,Business Products & Services,The University of Manchester,27
1273,Helen,Gonzalez,IT Management,Technical University of Munich,19
1274,Eleni,Mitchell,Financial Services,ETH Zurich,20
1275,Rebecca,Jackson,Retail,Sapienza University of Rome,40
1276,Rebecca,Taylor,IT System Development,University of Helsinki,40
1277,Nikoleta,Adams,Manufacturing,University of Oslo,29
1278,Matthew,Rossi,Environmental Services,University of Porto,37
1279,Richard,Sanchez,IT Services,University of Zurich,22
1280,Anna,Kowalski,Health,University of Warsaw,22
1281,Max,Miller,Construction,Ludwig Maximilian University of Munich,23
1282,Sofia,Lewis,Manufacturing,Ludwig Maximilian University of Munich,26
1283,Maria,Johnson,Food & Beverage,University of Ljubljana,19
1284,Isabella,Schmidt,Real Estate,National and Kapodistrian University of Athens,38
1285,Paul,Carter,Retail,Tel Aviv University,29
1286,Mark,Bianchi,Consumer Products & Services,Technion – Israel Institute of Technology,20
1287,Sofia,Robinson,IT Management,Charles University,37
1288,Samuel,Baker,Advertising & Marketing,University of Amsterdam,39
1289,Stephen,King,Food & Beverage,Sapienza University of Rome,29
1290,Lucas,Hernandez,IT Management,Charles University,34
1291,Julia,Taylor,Software,Pompeu Fabra University,27
1292,Bianca,Allen,Logistics & Transportation,University of Lisbon,31
1293,Emily,Lewis,Real Estate,Sciences Po,40
1294,Maya,Dubois,Business Products & Services,University of Helsinki,34
1295,Timothy,Jackson,Travel & Hospitality,Charles University,35
1296,Lucy,Thomas,Construction,University of Porto,36
1297,Christopher,Sanchez,Financial Services,University College Dublin,34
1298,George,Horvath,Food & Beverage,University of Groningen,31
1299,Alexandra,Hernandez,Media,The University of Manchester,26
1300,Alexandra,Gonzalez,Consumer Products & Services,University of Amsterdam,25
1301,Elisa,Martinez,Government Services,University of Barcelona,19
1302,Adrian,Lopez,Manufacturing,Charles University,30
1303,Jason,Jones,Business Products & Services,The University of Edinburgh,24
1304,Jack,Johnson,Financial Services,Chalmers University of Technology,26
1305,James,Moore,Advertising & Marketing,Aristotle University of Thessaloniki,39
1306,Claire,Adams,Government Services,Ghent University,39
1307,Katerina,Allen,Advertising & Marketing,Aristotle University of Thessaloniki,28
1308,Gregory,Allen,Engineering,University of Patras,31
1309,Peter,Jackson,Engineering,University of Strasbourg,21
1310,Lydia,Kowalski,Human Resources,Technion – Israel Institute of Technology,30
1311,Lucy,Carter,IT System Development,University of Patras,19
1312,Angelina,Young,Health,Technion – Israel Institute of Technology,40
1313,Philip,Jackson,Consumer Products & Services,University of Helsinki,22
1314,Catherine,Thomas,Advertising & Marketing,National and Kapodistrian University of Athens,28
1315,Leo,Allen,Software,University of Patras,23
1316,Nicole,King,Consumer Products & Services,ETH Zurich,35
1317,Nikoleta,Bianchi,Real Estate,University of Cambridge,38
1318,Peter,Garcia,Logistics & Transportation,Technion – Israel Institute of Technology,27
1319,Julia,Carter,IT Management,University of Patras,21
1320,Claire,Harris,Business Products & Services,University of Patras,26
1321,Joseph,Taylor,Manufacturing,Aarhus University,23
1322,Irene,Jackson,Construction,University of Porto,19
1323,Veronica,Allen,Computer Hardware,Pompeu Fabra University,34
1324,Evelyn,Dubois,Financial Services,University of Ljubljana,22
1325,Leo,Jones,Logistics & Transportation,EPFL,23
1326,Alex,Smith,Food & Beverage,University of Porto,29
1327,Martin,Schmidt,Retail,Technion – Israel Institute of Technology,40
1328,Rebecca,Williams,Engineering,University of Zurich,38
1329,Jack,Kowalski,Advertising & Marketing,University of Copenhagen,27
1330,Gregory,Kowalski,Construction,Politecnico di Milano,39
1331,Christopher,Perez,Engineering,University of Patras,38
1332,Diana,Scott,Business Products & Services,KU Leuven,23
1333,Anthony,Sanchez,Logistics & Transportation,Sapienza University of Rome,25
1334,Jack,Robinson,Insurance,National and Kapodistrian University of Athens,19
1335,Marina,Jones,Health,National and Kapodistrian University of Athens,29
1336,Marta,Perez,IT System Development,University of Patras,30
1337,Christina,Thompson,Engineering,University of Warsaw,38
1338,Irene,Horvath,Business Products & Services,National and Kapodistrian University of Athens,24
1339,George,Green,Consumer Products & Services,University of Zurich,27
1340,Michael,Garcia,Real Estate,University of Warsaw,30
1341,Samuel,Horvath,Software,University of Vienna,34
1342,Vasilis,Nielsen,Retail,Aristotle University of Thessaloniki,38
1343,Philip,Carter,Advertising & Marketing,ETH Zurich,31
1344,Philip,Bianchi,Advertising & Marketing,Utrecht University,19
1345,Victoria,Green,Software,University of Patras,39
1346,Angelina,Horvath,Logistics & Transportation,Stockholm University,28
1347,Victor,Johnson,Education,Technion – Israel Institute of Technology,18
1348,Henry,Young,Software,EPFL,36
1349,Christos,Sanchez,Consumer Products & Services,University of Strasbourg,38
1350,Katerina,Dubois,Human Resources,Aristotle University of Thessaloniki,21
1351,Andrew,Brown,Government Services,University of Patras,36
1352,Veronica,Lopez,Government Services,National and Kapodistrian University of Athens,38
1353,Lucy,Walker,Real Estate,National and Kapodistrian University of Athens,28
1354,Mark,Dubois,Government Services,Aristotle University of Thessaloniki,25
1355,Arthur,Nielsen,Health,University of Belgrade,28
1356,Alexandra,Williams,Software,Aristotle University of Thessaloniki,21
1357,Anthony,Lewis,Health,Ghent University,34
1358,William,Walker,Retail,National and Kapodistrian University of Athens,24
1359,Catherine,Horvath,Retail,KTH Royal Institute of Technology,25
1360,Alex,King,Education,National and Kapodistrian University of Athens,20
1361,Anthony,Rossi,Advertising & Marketing,Sciences Po,39
1362,Nadia,Bianchi,Financial Services,University of Tartu,19
1363,Elisa,Young,Insurance,University of Vienna,40
1364,Elisa,Hall,Real Estate,Aristotle University of Thessaloniki,32
1365,Laura,Garcia,Construction,University of Vienna,39
1366,Liam,Davis,Financial Services,Leiden University,39
1367,George,Anderson,Business Products & Services,University of Copenhagen,22
1368,Maria,Thompson,Business Products & Services,The University of Manchester,18
1369,Laura,Muller,Business Products & Services,Aristotle University of Thessaloniki,21
1370,Eva,Nelson,Retail,Aalto University,32
1371,Theodora,Muller,Business Products & Services,Aarhus University,37
1372,Kostas,Garcia,Consumer Products & Services,Technical University of Munich,36
1373,Adrian,Dubois,Food & Beverage,KTH Royal Institute of Technology,20
1374,Benjamin,Taylor,Business Products & Services,Delft University of Technology,37
1375,Timothy,Lewis,Insurance,Leiden University,28
1376,Olivia,Perez,Consumer Products & Services,EPFL,34
1377,Harris,Lombardi,Real Estate,Pompeu Fabra University,30
1378,Jack,Harris,Health,University of Patras,28
1379,Spyros,Anderson,Food & Beverage,Lund University,19
1380,Roman,Jackson,Advertising & Marketing,Leiden University,26
1381,Harris,Sanchez,Software,National and Kapodistrian University of Athens,19
1382,Andrew,Moore,IT Services,University of Cambridge,38
1383,Harris,Thompson,Health,Trinity College Dublin,26
1384,Athena,Davis,Advertising & Marketing,University of Helsinki,26
1385,Athena,Harris,Consumer Products & Services,National and Kapodistrian University of Athens,25
1386,Arthur,Bianchi,Business Products & Services,University of Porto,34
1387,Hugo,Novak,Software,Pompeu Fabra University,18
1388,Leo,Jones,Health,Aristotle University of Thessaloniki,28
1389,Maya,Allen,Engineering,KU Leuven,25
1390,Zoe,Horvath,Financial Services,University of Oslo,27
1391,Oscar,Wright,Software,University of Zurich,24
1392,Harris,Muller,IT System Development,The University of Manchester,20
1393,Leo,Jackson,Real Estate,University of Groningen,20
1394,Stella,Muller,Advertising & Marketing,Aristotle University of Thessaloniki,35
1395,David,Thompson,Construction,Sapienza University of Rome,22
1396,Daniel,Harris,Business Products & Services,University College London,29
1397,Martin,Lopez,Business Products & Services,University of Tartu,29
1398,Nadia,Novak,Travel & Hospitality,Lund University,36
1399,Eva,Young,Consumer Products & Services,Aristotle University of Thessaloniki,23
1400,Christina,Harris,Security,Technion – Israel Institute of Technology,19
1401,Victoria,Young,Business Products & Services,University of Oxford,29
1402,Christos,Novak,Software,Aristotle University of Thessaloniki,36
1403,Helen,Thompson,IT System Development,Leiden University,22
1404,Anthony,Adams,Software,Aalto University,29
1405,Christina,White,Logistics & Transportation,National and Kapodistrian University of Athens,34
1406,Richard,Carter,Real Estate,Ludwig Maximilian University of Munich,34
1407,Kostas,Williams,IT Management,The University of Manchester,27
1408,Hugo,Muller,Business Products & Services,University College Dublin,40
1409,Liam,Martinez,IT System Development,Aristotle University of Thessaloniki,34
1410,Lucas,Anderson,Software,The University of Manchester,32
1411,Paul,Scott,Construction,Eindhoven University of Technology,29
1412,Maya,Lopez,Real Estate,Aristotle University of Thessaloniki,33
1413,Robert,Johnson,Computer Hardware,Aarhus University,36
1414,Rebecca,Martin,Construction,Delft University of Technology,25
1415,Noah,Lewis,IT Management,Aristotle University of Thessaloniki,38
1416,Christopher,Adams,Software,ETH Zurich,34
1417,Elisa,Lewis,Health,Technion – Israel Institute of Technology,40
1418,Chloe,Horvath,Advertising & Marketing,Ghent University,22
1419,Gregory,Lopez,Energy,University of Zurich,39
1420,George,Lee,Financial Services,University of Warsaw,33
1421,Lydia,Horvath,Financial Services,Aristotle University of Thessaloniki,23
1422,Noah,Taylor,Health,National and Kapodistrian University of Athens,25
1423,George,Adams,IT Management,University of Groningen,35
1424,Jack,Rossi,Insurance,Jagiellonian University,29
1425,Roman,Lee,Consumer Products & Services,University of Patras,32
1426,Mark,Sanchez,Business Products & Services,KU Leuven,26
1427,Lydia,Horvath,Business Products & Services,National and Kapodistrian University of Athens,30
1428,Theodora,Young,Manufacturing,The University of Edinburgh,32
1429,Alexandra,Kowalski,Food & Beverage,University of Oslo,27
1430,Benjamin,Lopez,IT Management,University of Patras,33
1431,Stephen,Anderson,Security,University of Cambridge,24
1432,Athena,Schmidt,Health,University of Patras,34
1433,Samuel,Novak,Advertising & Marketing,Sciences Po,40
1434,Nicholas,Martinez,Business Products & Services,Lund University,38
1435,Anna,Anderson,IT System Development,KTH Royal Institute of Technology,39
1436,Ivy,Carter,Construction,Technion – Israel Institute of Technology,24
1437,Timothy,Lopez,Telecommunications,EPFL,31
1438,Roman,Robinson,Financial Services,The University of Manchester,32
1439,Georgia,Thompson,Environmental Services,Ludwig Maximilian University of Munich,38
1440,Emily,Rossi,Health,Chalmers University of Technology,24
1441,Nicholas,Martin,Health,University of Helsinki,26
1442,Max,Johnson,Security,University of Patras,36
1443,Spyros,Moore,Construction,Imperial College London,33
1444,Leo,Nelson,Manufacturing,Aristotle University of Thessaloniki,25
1445,Mark,Lee,Business Products & Services,National and Kapodistrian University of Athens,35
1446,Andreas,Anderson,Business Products & Services,Technical University of Munich,40
1447,Peter,Nelson,Real Estate,National and Kapodistrian University of Athens,35
1448,Nadia,Smith,Consumer Products & Services,Utrecht University,37
1449,Paul,Thompson,Business Products & Services,University of Tartu,24
1450,Catherine,Lewis,Advertising & Marketing,University of Patras,20
1451,Sara,Dubois,Human Resources,National and Kapodistrian University of Athens,35
1452,Nicole,King,Government Services,Aarhus University,27
1453,Katerina,Schmidt,Advertising & Marketing,Sapienza University of Rome,24
1454,Leah,Scott,Insurance,Ludwig Maximilian University of Munich,34
1455,Lucas,Walker,Retail,Trinity College Dublin,31
1456,Ivy,Sanchez,Health,EPFL,20
1457,Martin,Mitchell,Business Products & Services,National and Kapodistrian University of Athens,29
1458,Nicole,Taylor,Advertising & Marketing,University of Bern,30
1459,Victor,Clark,Manufacturing,University of Belgrade,19
1460,Bianca,Bianchi,Business Products & Services,University of Oxford,20
1461,Lucy,Anderson,Advertising & Marketing,Utrecht University,22
1462,Peter,Nelson,Financial Services,Chalmers University of Technology,28
1463,Thomas,King,Software,University of Cambridge,25
1464,Michael,Gonzalez,Engineering,Jagiellonian University,40
1465,Andrew,Scott,Consumer Products & Services,KTH Royal Institute of Technology,40
1466,Marina,Lewis,Government Services,University College London,29
1467,Chloe,Robinson,Consumer Products & Services,University of Oslo,24
1468,Grace,Wright,Business Products & Services,Aristotle University of Thessaloniki,32
1469,Emily,Bianchi,Health,Jagiellonian University,34
1470,Claire,Taylor,Advertising & Marketing,University of Strasbourg,21
1471,Peter,Scott,Software,Trinity College Dublin,39
1472,Natalie,Sanchez,Software,University of Porto,30
1473,Claire,Thomas,Business Products & Services,Aristotle University of Thessaloniki,35
1474,Georgia,Sanchez,Software,University of Patras,18
1475,George,Robinson,Security,Ghent University,33
1476,Jasmine,Smith,IT Management,Aristotle University of Thessaloniki,30
1477,George,Lombardi,Engineering,University of Geneva,27
1478,Noah,Jones,Business Products & Services,University of Zurich,29
1479,Ivy,Harris,Business Products & Services,Ludwig Maximilian University of Munich,19
1480,Liam,Martin,Business Products & Services,University of Patras,40
1481,James,Lee,Telecommunications,University of Oslo,20
1482,Jasmine,Moore,Financial Services,Ghent University,27
1483,Claire,Martin,Software,Jagiellonian University,19
1484,Theodora,Anderson,Human Resources,EPFL,40
1485,Emily,White,Security,National and Kapodistrian University of Athens,30
1486,Leo,Carter,Real Estate,Ghent University,30
1487,Kostas,Nielsen,Consumer Products & Services,University of Patras,35
1488,Robert,Dubois,IT Management,Sciences Po,20
1489,James,Garcia,Advertising & Marketing,University of Bern,24
1490,Andreas,Bianchi,Financial Services,University of Groningen,31
1491,Adrian,Hernandez,Manufacturing,University of Belgrade,37
1492,Theodora,Clark,Logistics & Transportation,Leiden University,34
1493,Roxanne,Wright,Logistics & Transportation,University of Patras,38
1494,Veronica,Allen,Advertising & Marketing,Uppsala University,29
1495,John,Adams,IT System Development,Jagiellonian University,33
1496,Victoria,Rossi,Financial Services,University of Tartu,29
1497,Michael,Smith,Real Estate,Technion – Israel Institute of Technology,32
1498,Timothy,Schmidt,Software,Eindhoven University of Technology,27
1499,Nicholas,Scott,Business Products & Services,Trinity College Dublin,24
1500,Laura,Martin,IT Management,Aristotle University of Thessaloniki,37
1501,Liam,Schmidt,Security,Aarhus University,22
1502,Adrian,Hernandez,Environmental Services,National and Kapodistrian University of Athens,18
1503,Athena,Lewis,IT Management,University of Patras,34
1504,Penelope,Lombardi,Business Products & Services,National and Kapodistrian University of Athens,20
1505,Max,Williams,Energy,University of Vienna,30
1506,Spyros,Walker,Security,Aristotle University of Thessaloniki,31
1507,Joseph,Rossi,Insurance,University of Copenhagen,35
1508,Andrew,Davis,Business Products & Services,University of Bern,21
1509,Philip,Harris,Logistics & Transportation,National and Kapodistrian University of Athens,35
1510,Alex,King,Engineering,University of Cambridge,22
1511,Natalie,Jones,Insurance,ETH Zurich,33
1512,James,White,Consumer Products & Services,Eindhoven University of Technology,18
1513,Andrew,Baker,IT Management,Sciences Po,38
1514,Lucy,Green,IT System Development,Ghent University,31
1515,Helen,Schmidt,Logistics & Transportation,Sapienza University of Rome,32
1516,Christopher,Green,Logistics & Transportation,National and Kapodistrian University of Athens,26
1517,Alice,Miller,Energy,University of Patras,32
1518,Andreas,Brown,Business Products & Services,University of Vienna,34
1519,Leah,Young,Software,University of Cambridge,21
1520,Nicholas,Adams,Human Resources,University of Geneva,29
1521,Georgia,Scott,Consumer Products & Services,KTH Royal Institute of Technology,22
1522,George,Jackson,Consumer Products & Services,Aristotle University of Thessaloniki,22
1523,Lucas,Jackson,IT System Development,Aarhus University,28
1524,Kostas,Thompson,Travel & Hospitality,Technion – Israel Institute of Technology,23
1525,Andreas,Schmidt,Travel & Hospitality,University of Warsaw,24
1526,Evelyn,Thomas,Advertising & Marketing,University of Patras,31
1527,Leo,Novak,Travel & Hospitality,National and Kapodistrian University of Athens,28
1528,Natalie,Bianchi,Advertising & Marketing,Ghent University,30
1529,Evelyn,Jackson,Construction,Charles University,19
1530,Jason,Martin,Health,University of Oslo,24
1531,Harris,Novak,Real Estate,Tel Aviv University,37
1532,Michael,Horvath,Health,University of Vienna,21
1533,Olivia,Allen,Manufacturing,National and Kapodistrian University of Athens,25
1534,Nicole,Thomas,Advertising & Marketing,Technical University of Munich,37
1535,Harris,Williams,Construction,Aristotle University of Thessaloniki,39
1536,Maria,Carter,Financial Services,National and Kapodistrian University of Athens,38
1537,Theodora,White,Advertising & Marketing,University of Amsterdam,36
1538,Veronica,Baker,Engineering,Jagiellonian University,30
1539,Ivy,White,Software,National and Kapodistrian University of Athens,31
1540,Marina,Miller,Software,National and Kapodistrian University of Athens,27
1541,Spyros,Schmidt,Engineering,University of Patras,28
1542,Peter,Hernandez,Health,Sciences Po,19
1543,Christina,Dubois,Consumer Products & Services,University of Bern,26
1544,Mark,Jones,Financial Services,University of Geneva,34
1545,Martin,Martinez,Business Products & Services,Technical University of Munich,20
1546,Samuel,Scott,Software,Trinity College Dublin,23
1547,David,Lee,Engineering,University of Lisbon,22
1548,Lydia,Brown,Software,University of Amsterdam,22
1549,Penelope,Moore,IT System Development,Technion – Israel Institute of Technology,39
1550,Sofia,Martin,Advertising & Marketing,National and Kapodistrian University of Athens,32
1551,Bianca,Jackson,Software,Sapienza University of Rome,40
1552,Elisa,Nelson,IT Services,National and Kapodistrian University of Athens,34
1553,Andreas,Muller,Human Resources,University of Warsaw,26
1554,William,Nelson,Software,University of Patras,20
1555,Andreas,Sanchez,Government Services,Uppsala University,37
1556,Ivy,Allen,Manufacturing,Politecnico di Milano,34
1557,Nikoleta,Davis,Financial Services,University of Vienna,27
1558,John,Green,Government Services,EPFL,20
1559,Richard,Brown,Construction,Aristotle University of Thessaloniki,35
1560,William,Gonzalez,Advertising & Marketing,University of Patras,35
1561,Marina,Rossi,Construction,University College Dublin,34
1562,Anna,Jones,Retail,University of Patras,20
1563,Diana,Hernandez,Security,Imperial College London,20
1564,Spyros,Sanchez,Health,Aalto University,23
1565,Victor,Garcia,Logistics & Transportation,National and Kapodistrian University of Athens,30
1566,Benjamin,Young,Business Products & Services,University of Belgrade,32
1567,Natalie,Miller,Manufacturing,Ghent University,26
1568,Julia,Sanchez,Financial Services,Eindhoven University of Technology,21
1569,Mark,Hernandez,Software,KTH Royal Institute of Technology,31
1570,Vasilis,Davis,Consumer Products & Services,Politecnico di Milano,22
1571,Katerina,Green,Construction,University of Oxford,19
1572,Julia,Nelson,Advertising & Marketing,ETH Zurich,28
1573,Paul,Moore,Health,Ludwig Maximilian University of Munich,26
1574,George,Carter,Financial Services,The University of Edinburgh,20
1575,Emily,Wright,Advertising & Marketing,EPFL,26
1576,Maya,Lee,Business Products & Services,National and Kapodistrian University of Athens,20
1577,Olivia,Adams,Consumer Products & Services,Aristotle University of Thessaloniki,19
1578,Paula,Smith,Business Products & Services,Aristotle University of Thessaloniki,29
1579,Isabella,Nelson,Consumer Products & Services,University of Tartu,27
1580,Michael,Hall,Advertising & Marketing,University of Patras,26
1581,Katerina,Garcia,Health,Utrecht University,32
1582,Sofia,Dubois,Insurance,EPFL,25
1583,Elisa,Young,Energy,The University of Manchester,22
1584,Peter,Nielsen,Travel & Hospitality,Stockholm University,28
1585,Nikos,Bianchi,Government Services,Aristotle University of Thessaloniki,19
1586,John,Hernandez,Consumer Products & Services,National and Kapodistrian University of Athens,32
1587,David,Nelson,IT Management,University of Patras,23
1588,Arthur,Rossi,Consumer Products & Services,National and Kapodistrian University of Athens,25
1589,Christina,Mitchell,Government Services,University of Lisbon,22
1590,Diana,Muller,Retail,Ludwig Maximilian University of Munich,33
1591,Michael,Allen,IT Management,Sciences Po,35
1592,Hugo,Smith,Food & Beverage,University of Porto,23
1593,Max,Thompson,Advertising & Marketing,University of Patras,22
1594,Dimitris,Muller,Health,Charles University,33
1595,Rebecca,Perez,Software,The University of Manchester,30
1596,Eva,Carter,Health,Stockholm University,22
1597,Sara,White,Manufacturing,Aristotle University of Thessaloniki,30
1598,Jasmine,Wright,Software,Chalmers University of Technology,34
1599,Georgia,Rossi,IT Management,University of Copenhagen,35
1600,Angelina,Thomas,Government Services,Stockholm University,25
1601,Jason,Harris,Financial Services,National and Kapodistrian University of Athens,30
1602,Richard,King,Manufacturing,Aristotle University of Thessaloniki,36
1603,Lucy,Sanchez,Food & Beverage,University College Dublin,20
1604,Katerina,King,Construction,University of Cambridge,25
1605,Nikoleta,Lopez,Food & Beverage,University of Warsaw,19
1606,Stella,Bianchi,Business Products & Services,University of Groningen,25
1607,Liam,Lee,Human Resources,KU Leuven,30
1608,Katerina,Thompson,Media,University of Vienna,30
1609,William,Green,Software,University of Patras,18
1610,Evelyn,Jackson,IT Management,University of Oxford,23
1611,Marta,Harris,Logistics & Transportation,University of Patras,36
1612,Ivy,White,Food & Beverage,Uppsala University,33
1613,Evelyn,Kowalski,Software,University of Patras,25
1614,Peter,Baker,Health,University of Oxford,18
1615,Hugo,King,Construction,University of Ljubljana,33
1616,Samuel,Lee,Consumer Products & Services,National and Kapodistrian University of Athens,26
1617,David,Rossi,Health,Technical University of Munich,30
1618,Victor,Young,Consumer Products & Services,University of Patras,28
1619,Michael,Garcia,Advertising & Marketing,University of Patras,30
1620,Matthew,Muller,Government Services,University of Barcelona,38
1621,Georgia,Thomas,Financial Services,Chalmers University of Technology,27
1622,Michael,Wright,Insurance,Leiden University,21
1623,Nicholas,Smith,Engineering,Stockholm University,23
1624,Harris,Gonzalez,Construction,Aarhus University,24
1625,Timothy,King,Health,University of Bern,22
1626,Paula,Sanchez,Telecommunications,Ghent University,28
1627,Andrew,Wright,Financial Services,The University of Manchester,30
1628,Paula,Taylor,Retail,University of Groningen,36
1629,Martin,Thomas,Government Services,University of Porto,40
1630,Ivy,Jones,IT Management,University of Cambridge,27
1631,Matthew,Muller,Advertising & Marketing,Ludwig Maximilian University of Munich,27
1632,Catherine,Hall,IT Management,Aristotle University of Thessaloniki,28
1633,Hugo,Kowalski,Logistics & Transportation,Aristotle University of Thessaloniki,38
1634,David,Lee,Logistics & Transportation,University of Oslo,24
1635,Helen,Davis,Logistics & Transportation,University of Vienna,35
1636,Paula,Young,Manufacturing,Delft University of Technology,21
1637,John,Harris,Retail,University of Vienna,19
1638,Alex,Rossi,Health,University of Warsaw,31
1639,Victor,Kowalski,Manufacturing,Sapienza University of Rome,30
1640,Eleni,Green,Advertising & Marketing,Utrecht University,29
1641,Athena,Thomas,IT Management,ETH Zurich,24
1642,Rebecca,Hernandez,Health,Aristotle University of Thessaloniki,19
1643,Laura,Nielsen,IT Management,Delft University of Technology,30
1644,Diana,Davis,Manufacturing,Imperial College London,31
1645,Lucas,Muller,Retail,University of Amsterdam,34
1646,Theodora,Martin,Consumer Products & Services,National and Kapodistrian University of Athens,26
1647,Natalie,Moore,IT System Development,Ludwig Maximilian University of Munich,34
1648,Harris,Lee,Consumer Products & Services,The University of Edinburgh,25
1649,Roxanne,King,Real Estate,University of Warsaw,19
1650,Ivy,Lee,Government Services,University of Patras,30
1651,Angelina,Gonzalez,IT Management,Lund University,20
1652,Maria,Nielsen,Government Services,University of Geneva,33
1653,Michael,Scott,Travel & Hospitality,Ludwig Maximilian University of Munich,23
1654,Leah,Sanchez,Advertising & Marketing,University of Vienna,36
1655,Isabella,Davis,Health,University of Bern,24
1656,Lucy,Kowalski,Business Products & Services,Sciences Po,27
1657,Spyros,Lee,Insurance,Leiden University,26
1658,Lucas,Mitchell,Software,University of Barcelona,19
1659,Olivia,Moore,Business Products & Services,Utrecht University,32
1660,Jason,Adams,IT Management,University of Vienna,22
1661,Andreas,Kowalski,Human Resources,University of Strasbourg,39
1662,Spyros,Anderson,Government Services,University of Amsterdam,21
1663,Philip,Gonzalez,Business Products & Services,University of Strasbourg,37
1664,Elisa,Taylor,Security,Chalmers University of Technology,21
1665,Nicole,Hernandez,Real Estate,Trinity College Dublin,35
1666,Natalie,Nielsen,Business Products & Services,University of Patras,21
1667,Victor,Walker,Software,University of Patras,34
1668,Victor,Taylor,Insurance,University College London,29
1669,Lydia,Taylor,Construction,University of Patras,39
1670,Liam,Mitchell,Media,University of Patras,34
1671,Jack,Lombardi,Manufacturing,Delft University of Technology,27
1672,Ivy,Taylor,Health,University of Warsaw,39
1673,Spyros,Gonzalez,Construction,The University of Edinburgh,18
1674,Henry,Scott,Software,Aristotle University of Thessaloniki,39
1675,Adrian,Sanchez,IT Management,Technical University of Munich,35
1676,Dimitris,Bianchi,Retail,Delft University of Technology,35
1677,Katerina,Carter,Consumer Products & Services,Jagiellonian University,31
1678,Kostas,Perez,Software,University of Porto,32
1679,Maria,Nielsen,Software,Aalto University,29
1680,Daniel,Dubois,Software,Uppsala University,21
1681,Evelyn,White,Government Services,University of Bern,20
1682,Alex,Martin,Health,University of Oslo,37
1683,Ivy,Thompson,Business Products & Services,University of Helsinki,29
1684,Jason,Sanchez,Travel & Hospitality,National and Kapodistrian University of Athens,24
1685,Alice,Lee,Human Resources,University of Warsaw,28
1686,Mark,Lewis,Business Products & Services,Ludwig Maximilian University of Munich,18
1687,Timothy,Anderson,Advertising & Marketing,Technical University of Munich,23
1688,Ivy,Lee,Insurance,University of Patras,32
1689,Claire,Harris,Manufacturing,University College Dublin,32
1690,Claire,Dubois,Food & Beverage,University of Bern,36
1691,Paula,Clark,IT System Development,Sapienza University of Rome,28
1692,Andreas,Schmidt,Business Products & Services,Jagiellonian University,40
1693,Martin,Gonzalez,Business Products & Services,University of Oxford,19
1694,Leo,Young,Consumer Products & Services,University of Ljubljana,31
1695,Athena,Lee,Manufacturing,Jagiellonian University,19
1696,Jason,Hall,Business Products & Services,University of Ljubljana,21
1697,Timothy,Adams,Software,Sapienza University of Rome,34
1698,Nikoleta,Walker,Business Products & Services,Charles University,20
1699,Eva,Muller,Construction,University of Vienna,30
1700,Stella,Perez,Health,Technical University of Munich,26
1701,William,Smith,Education,University College London,24
1702,Eva,Muller,Software,University of Porto,32
1703,Katerina,Walker,IT Services,Aristotle University of Thessaloniki,40
1704,Bianca,Brown,Business Products & Services,EPFL,28
1705,Henry,Perez,IT Services,Aristotle University of Thessaloniki,37
1706,Emily,Clark,Advertising & Marketing,University of Porto,19
1707,Max,Bianchi,Engineering,Sapienza University of Rome,32
1708,Leo,Martinez,Travel & Hospitality,Aalto University,31
1709,Helen,Allen,Insurance,National and Kapodistrian University of Athens,37
1710,Laura,Nielsen,Construction,University of Groningen,39
1711,Lucy,White,Environmental Services,Lund University,28
1712,Jasmine,Johnson,Logistics & Transportation,EPFL,20
1713,Sara,Horvath,Business Products & Services,Charles University,34
1714,Marina,Hernandez,Software,University of Oslo,29
1715,Kostas,Moore,Security,University of Strasbourg,38
1716,Philip,Lombardi,Construction,University of Patras,32
1717,Matthew,Horvath,Business Products & Services,Imperial College London,33
1718,Harris,Thompson,Manufacturing,Tel Aviv University,22
1719,Nikos,Lopez,Food & Beverage,Ludwig Maximilian University of Munich,37
1720,Nikoleta,Lewis,Business Products & Services,KU Leuven,23
1721,Jason,Johnson,Health,National and Kapodistrian University of Athens,36
1722,Christopher,Gonzalez,Travel & Hospitality,Aarhus University,22
1723,Spyros,Hall,Software,University of Porto,20
1724,Alexandra,Robinson,Logistics & Transportation,National and Kapodistrian University of Athens,18
1725,Victor,Gonzalez,Consumer Products & Services,Utrecht University,23
1726,Paul,Baker,Software,University of Patras,32
1727,Joseph,Baker,Consumer Products & Services,University of Patras,19
1728,Georgia,Schmidt,Health,National and Kapodistrian University of Athens,20
1729,Maria,Hernandez,Retail,Aalto University,34
1730,Philip,Moore,Telecommunications,University of Belgrade,29
1731,Nikos,Mitchell,IT Management,University of Patras,35
1732,Catherine,King,Financial Services,Aarhus University,32
1733,Roman,Young,Software,Lund University,29
1734,Nikoleta,White,Education,Sciences Po,33
1735,Jack,Davis,Health,KTH Royal Institute of Technology,25
1736,Olivia,Jones,Financial Services,University of Belgrade,31
1737,Marta,Jackson,Computer Hardware,University of Warsaw,34
1738,Zoe,Taylor,Retail,KU Leuven,38
1739,Philip,Gonzalez,Software,Eindhoven University of Technology,25
1740,Paula,Dubois,Consumer Products & Services,University of Bern,32
1741,Laura,Sanchez,Telecommunications,Delft University of Technology,31
1742,Emily,Dubois,Advertising & Marketing,Trinity College Dublin,35
1743,Gregory,Nelson,Energy,Aalto University,37
1744,Maya,Sanchez,Advertising & Marketing,Technion – Israel Institute of Technology,24
1745,Liam,Williams,Software,University of Patras,20
1746,Marina,Nielsen,Software,KU Leuven,29
1747,Stella,Lombardi,Food & Beverage,University College London,38
1748,Liam,Robinson,Government Services,Sapienza University of Rome,20
1749,Nikos,Novak,Advertising & Marketing,University of Patras,37
1750,Roxanne,Horvath,Construction,Uppsala University,31
1751,Lucas,Wright,Construction,University of Cambridge,32
1752,Gregory,Jackson,Environmental Services,Aristotle University of Thessaloniki,31
1753,Oscar,White,Manufacturing,University of Copenhagen,24
1754,Timothy,Carter,Advertising & Marketing,Aalto University,34
1755,Marta,Nelson,Construction,Aarhus University,29
1756,Peter,Robinson,Insurance,University of Patras,37
1757,Alex,Brown,Health,University of Amsterdam,21
1758,Hugo,Davis,Business Products & Services,University of Patras,26
1759,Isabella,Brown,Food & Beverage,Ludwig Maximilian University of Munich,23
1760,Zoe,Rossi,Business Products & Services,University of Oxford,33
1761,Nicholas,Harris,Human Resources,University of Patras,39
1762,Stella,White,Logistics & Transportation,Sapienza University of Rome,39
1763,Paula,Green,Real Estate,Utrecht University,38
1764,Irene,Lewis,Logistics & Transportation,Aristotle University of Thessaloniki,38
1765,Leo,Young,Advertising & Marketing,Aristotle University of Thessaloniki,19
1766,Philip,Lopez,Real Estate,Tel Aviv University,25
1767,Alex,Garcia,IT Management,National and Kapodistrian University of Athens,28
1768,Roxanne,Sanchez,Government Services,Lund University,30
1769,Alexandra,Martinez,Media,University of Bern,34
1770,Theodora,Schmidt,Advertising & Marketing,Tel Aviv University,25
1771,Patricia,Jones,Advertising & Marketing,Aristotle University of Thessaloniki,38
1772,Vasilis,Gonzalez,IT System Development,University of Copenhagen,35
1773,Noah,Nielsen,Advertising & Marketing,Uppsala University,35
1774,Irene,Dubois,Business Products & Services,University of Zurich,31
1775,Jason,Perez,Software,University of Groningen,32
1776,Joseph,Anderson,IT System Development,University of Porto,23
1777,Christos,Anderson,Business Products & Services,University of Patras,28
1778,Joseph,Nelson,Construction,Eindhoven University of Technology,30
1779,Hugo,Lee,Engineering,National and Kapodistrian University of Athens,18
1780,Robert,Adams,Manufacturing,University of Oxford,23
1781,Olivia,Hernandez,Food & Beverage,University of Patras,26
1782,Robert,Baker,Logistics & Transportation,University of Patras,25
1783,Zoe,Miller,Business Products & Services,National and Kapodistrian University of Athens,28
1784,Catherine,Young,Security,University of Patras,39
1785,Joseph,Jackson,Advertising & Marketing,University of Patras,36
1786,Dimitris,Gonzalez,Real Estate,University of Patras,26
1787,Harris,Adams,Media,University College Dublin,34
1788,Dimitris,Green,Advertising & Marketing,University College Dublin,29
1789,Anthony,Muller,Energy,Utrecht University,31
1790,Maria,Lombardi,Software,University of Patras,32
1791,Timothy,Thompson,Advertising & Marketing,University of Ljubljana,33
1792,Irene,Baker,Financial Services,EPFL,39
1793,Natalie,Scott,Retail,University of Patras,39
1794,Irene,Lopez,Construction,The University of Edinburgh,37
1795,Grace,Novak,Software,EPFL,18
1796,Nikos,Johnson,IT Management,University of Geneva,27
1797,Timothy,Martinez,IT System Development,Leiden University,25
1798,Jason,Nielsen,Construction,University of Patras,35
1799,Arthur,Nielsen,Government Services,University of Strasbourg,18
1800,Hugo,Jones,Government Services,National and Kapodistrian University of Athens,19
1801,Richard,Novak,IT Management,Aristotle University of Thessaloniki,18
1802,Patricia,Horvath,Software,University of Bern,18
1803,Emily,Schmidt,Consumer Products & Services,University of Ljubljana,26
1804,Christos,Gonzalez,Health,University of Patras,30
1805,Jasmine,Lewis,Manufacturing,Technion – Israel Institute of Technology,18
1806,Andreas,Nielsen,Engineering,Stockholm University,30
1807,Alex,Young,Health,University of Patras,37
1808,Nikos,Schmidt,Logistics & Transportation,Aristotle University of Thessaloniki,39
1809,Nikoleta,Moore,Business Products & Services,Lund University,24
1810,Helen,Thomas,IT System Development,Chalmers University of Technology,19
1811,Jason,Gonzalez,Financial Services,Ghent University,23
1812,Benjamin,Allen,Government Services,University of Belgrade,24
1813,Jasmine,Martin,Logistics & Transportation,EPFL,31
1814,Katerina,Allen,Software,Leiden University,35
1815,Alex,Lewis,Financial Services,KTH Royal Institute of Technology,32
1816,Bianca,Harris,IT Services,University of Zurich,19
1817,Roxanne,Hernandez,Consumer Products & Services,University of Bern,27
1818,Daniel,Kowalski,Advertising & Marketing,The University of Edinburgh,40
1819,Patricia,Horvath,Financial Services,University of Belgrade,29
1820,William,Thompson,Software,Aristotle University of Thessaloniki,34
1821,Harris,Thompson,Construction,University of Geneva,25
1822,Vasilis,Carter,Construction,University of Patras,28
1823,Andrew,Schmidt,Retail,EPFL,20
1824,Vasilis,Johnson,IT Management,Aarhus University,23
1825,Gregory,Martinez,Advertising & Marketing,Aristotle University of Thessaloniki,26
1826,Sofia,Garcia,Advertising & Marketing,University of Porto,23
1827,Philip,Bianchi,Financial Services,Sciences Po,26
1828,Penelope,Perez,Business Products & Services,Ghent University,24
1829,Arthur,Hall,Health,The University of Manchester,26
1830,Marta,Walker,Logistics & Transportation,Ghent University,35
1831,Peter,Wright,Telecommunications,University of Patras,29
1832,Catherine,Brown,Business Products & Services,University of Patras,25
1833,Nikos,Scott,Advertising & Marketing,University of Tartu,25
1834,Katerina,Brown,IT Management,Imperial College London,35
1835,Timothy,King,Real Estate,University of Barcelona,37
1836,Thomas,Lewis,IT System Development,Tel Aviv University,32
1837,Harris,Johnson,Business Products & Services,Aristotle University of Thessaloniki,24
1838,Jasmine,Adams,Food & Beverage,National and Kapodistrian University of Athens,28
1839,Victor,Hall,Real Estate,University of Cambridge,37
1840,David,Williams,Food & Beverage,University of Lisbon,33
1841,Philip,King,Financial Services,National and Kapodistrian University of Athens,21
1842,Thomas,Gonzalez,Software,Imperial College London,23
1843,Max,Green,Logistics & Transportation,University of Copenhagen,39
1844,Catherine,Wright,Food & Beverage,Technion – Israel Institute of Technology,20
1845,Benjamin,Lopez,Advertising & Marketing,Imperial College London,26
1846,Noah,Adams,Advertising & Marketing,Tel Aviv University,27
1847,Mark,Harris,Advertising & Marketing,Sciences Po,31
1848,Theodora,Rossi,Consumer Products & Services,University of Strasbourg,28
1849,Paul,Jones,Business Products & Services,Aristotle University of Thessaloniki,35
1850,Lucas,Schmidt,IT Management,University of Barcelona,39
1851,Lucy,Jones,Software,University of Amsterdam,29
1852,Christina,Adams,Government Services,Pompeu Fabra University,40
1853,Emily,Miller,Real Estate,University of Patras,29
1854,Andrew,Baker,Software,Technical University of Munich,30
1855,Christina,Nielsen,Government Services,University of Copenhagen,30
1856,Georgia,Garcia,Human Resources,University of Patras,36
1857,Gregory,Green,Government Services,Ghent University,36
1858,Julia,Taylor,Logistics & Transportation,National and Kapodistrian University of Athens,40
1859,Matthew,King,Business Products & Services,Imperial College London,31
1860,Thomas,Miller,Manufacturing,Aristotle University of Thessaloniki,21
1861,Athena,Adams,Business Products & Services,Aristotle University of Thessaloniki,30
1862,Daniel,Allen,Construction,Uppsala University,25
1863,Lucy,Mitchell,Financial Services,Ghent University,40
1864,Katerina,Bianchi,Advertising & Marketing,Leiden University,38
1865,Alexandra,Hernandez,Consumer Products & Services,Charles University,40
1866,Grace,Muller,Advertising & Marketing,University of Geneva,36
1867,Henry,Jones,Software,Technical University of Munich,29
1868,Kostas,Nielsen,Retail,University of Groningen,35
1869,Leah,Kowalski,Financial Services,Chalmers University of Technology,23
1870,Theodora,Hall,Software,University of Strasbourg,35
1871,Roman,White,Business Products & Services,University College Dublin,36
1872,Sara,Allen,Software,National and Kapodistrian University of Athens,39
1873,Patricia,Young,Consumer Products & Services,University of Belgrade,22
1874,Paula,Schmidt,Business Products & Services,University of Bern,26
1875,Theodora,Anderson,Advertising & Marketing,University of Cambridge,20
1876,James,Bianchi,Government Services,University of Copenhagen,27
1877,Leah,Harris,Software,University of Tartu,36
1878,Marta,Jones,Financial Services,Technion – Israel Institute of Technology,20
1879,Victor,Thomas,Real Estate,Imperial College London,39
1880,Maya,Bianchi,Business Products & Services,Sciences Po,32
1881,Olivia,Adams,Construction,Uppsala University,18
1882,Georgia,Harris,Retail,KU Leuven,24
1883,Marta,Allen,Consumer Products & Services,EPFL,29
1884,Jasmine,Scott,Construction,National and Kapodistrian University of Athens,34
1885,Victor,Nielsen,Consumer Products & Services,University of Belgrade,38
1886,Leo,Novak,Construction,University College London,37
1887,Adrian,Schmidt,Construction,Eindhoven University of Technology,22
1888,Maria,Hall,Software,National and Kapodistrian University of Athens,21
1889,Laura,Johnson,Advertising & Marketing,University of Ljubljana,29
1890,Alexandra,Walker,Health,University of Ljubljana,37
1891,Max,Adams,Business Products & Services,University of Porto,35
1892,Matthew,Lopez,Software,National and Kapodistrian University of Athens,34
1893,Diana,Smith,Insurance,KU Leuven,36
1894,Diana,Mitchell,Construction,Politecnico di Milano,26
1895,Philip,Robinson,Financial Services,National and Kapodistrian University of Athens,21
1896,Liam,Johnson,Real Estate,National and Kapodistrian University of Athens,38
1897,Joseph,Smith,Government Services,Imperial College London,19
1898,Michael,Martin,Manufacturing,Aarhus University,21
1899,Claire,Gonzalez,Security,ETH Zurich,19
1900,Penelope,Hall,Advertising & Marketing,University of Porto,32
1901,Lucas,Anderson,Software,University of Bern,19
1902,David,Thompson,Government Services,Delft University of Technology,21
1903,Stella,Martin,Telecommunications,Lund University,23
1904,Christina,Nelson,Logistics & Transportation,ETH Zurich,24
1905,Athena,Kowalski,Government Services,National and Kapodistrian University of Athens,27
1906,Eleni,Nielsen,Food & Beverage,University of Barcelona,36
1907,Lucas,Gonzalez,IT Management,Aristotle University of Thessaloniki,36
1908,Ivy,Green,Advertising & Marketing,University of Vienna,39
1909,Eleni,Allen,Health,University of Oslo,29
1910,Anthony,Bianchi,Consumer Products & Services,Pompeu Fabra University,20
1911,Bianca,Lombardi,Security,University of Zurich,30
1912,Christos,Hernandez,Financial Services,Stockholm University,35
1913,Zoe,Nielsen,Advertising & Marketing,Jagiellonian University,25
1914,Mark,Adams,Education,Uppsala University,38
1915,Katerina,Clark,Consumer Products & Services,University of Patras,32
1916,Lydia,Horvath,Logistics & Transportation,University of Copenhagen,18
1917,Laura,Adams,Financial Services,EPFL,20
1918,Oscar,Anderson,Software,University of Patras,25
1919,Helen,Hernandez,Consumer Products & Services,University College London,21
1920,Evelyn,Nielsen,Human Resources,Aristotle University of Thessaloniki,33
1921,Jasmine,Anderson,Media,Chalmers University of Technology,40
1922,Sara,Moore,Manufacturing,Aristotle University of Thessaloniki,27
1923,Christos,Lee,Financial Services,University of Groningen,29
1924,Julia,Thomas,IT System Development,University of Patras,31
1925,Stephen,Davis,Energy,National and Kapodistrian University of Athens,31
1926,Harris,Johnson,Financial Services,University of Patras,19
1927,Isabella,Green,Consumer Products & Services,Aristotle University of Thessaloniki,40
1928,Thomas,Carter,Government Services,University of Patras,22
1929,Marina,Williams,Consumer Products & Services,Ludwig Maximilian University of Munich,22
1930,Michael,Nielsen,Business Products & Services,National and Kapodistrian University of Athens,23
1931,Stella,Martinez,Logistics & Transportation,Politecnico di Milano,30
1932,Gregory,Green,Education,National and Kapodistrian University of Athens,26
1933,Sara,Clark,Engineering,University of Belgrade,39
1934,Penelope,Jones,Business Products & Services,Tel Aviv University,32
1935,Samuel,Gonzalez,Manufacturing,The University of Manchester,31
1936,Harris,Gonzalez,Construction,National and Kapodistrian University of Athens,24
1937,David,Martin,Logistics & Transportation,University of Amsterdam,37
1938,Harris,Lombardi,IT Management,Technion – Israel Institute of Technology,19
1939,Samuel,Moore,Real Estate,University of Belgrade,24
1940,Maya,Hernandez,Software,University of Amsterdam,23
1941,Mark,Lee,Business Products & Services,EPFL,34
1942,Mark,Taylor,Media,Technion – Israel Institute of Technology,19
1943,Kostas,Hall,Manufacturing,Aristotle University of Thessaloniki,20
1944,Veronica,White,Real Estate,Aristotle University of Thessaloniki,22
1945,Henry,Martin,Food & Beverage,University College London,22
1946,Maya,Moore,Human Resources,University of Porto,18
1947,Arthur,Nielsen,IT Management,University College London,25
1948,Jack,Clark,Food & Beverage,National and Kapodistrian University of Athens,29
1949,Jason,Johnson,Advertising & Marketing,Stockholm University,21
1950,Robert,Martinez,Telecommunications,Utrecht University,30
1951,Noah,Young,Advertising & Marketing,Imperial College London,40
1952,Kostas,Garcia,Security,National and Kapodistrian University of Athens,32
1953,Kostas,Robinson,Health,University of Copenhagen,28
1954,Paula,Johnson,Software,University of Geneva,27
1955,Elisa,Young,Software,Ludwig Maximilian University of Munich,20
1956,Hugo,Schmidt,Software,Pompeu Fabra University,39
1957,Sofia,Schmidt,IT Management,Aristotle University of Thessaloniki,31
1958,Anthony,Moore,Human Resources,Aristotle University of Thessaloniki,33
1959,Benjamin,Robinson,Human Resources,Politecnico di Milano,27
1960,Athena,Brown,IT Services,The University of Manchester,27
1961,Victor,Young,Retail,University of Patras,29
1962,Catherine,Young,Energy,University of Copenhagen,26
1963,Arthur,Walker,Advertising & Marketing,National and Kapodistrian University of Athens,18
1964,Paul,Hernandez,Software,University of Patras,22
1965,Martin,Moore,IT System Development,Aristotle University of Thessaloniki,37
1966,Isabella,Nielsen,Financial Services,University of Oslo,25
1967,Matthew,Robinson,Manufacturing,University of Patras,28
1968,John,Nelson,Manufacturing,University of Patras,29
1969,Claire,Garcia,Government Services,University of Patras,18
1970,David,Miller,Human Resources,University of Groningen,39
1971,William,Thomas,Financial Services,University of Patras,37
1972,Paula,King,Food & Beverage,University of Patras,28
1973,Laura,Nelson,Software,Technical University of Munich,22
1974,Nikoleta,Dubois,Manufacturing,Ludwig Maximilian University of Munich,32
1975,Lucy,Scott,Health,National and Kapodistrian University of Athens,22
1976,Lucy,Garcia,Health,National and Kapodistrian University of Athens,29
1977,Max,Taylor,Financial Services,Sapienza University of Rome,22
1978,Andreas,Muller,Advertising & Marketing,University of Patras,34
1979,Christopher,Moore,Advertising & Marketing,National and Kapodistrian University of Athens,34
1980,Roman,Garcia,Real Estate,Pompeu Fabra University,29
1981,Elisa,Wright,Construction,Pompeu Fabra University,32
1982,Nicholas,Schmidt,Health,ETH Zurich,32
1983,Anthony,Carter,Consumer Products & Services,University of Patras,23
1984,Patricia,Clark,Government Services,Pompeu Fabra University,29
1985,Oscar,Schmidt,Health,University of Ljubljana,37
1986,Matthew,Gonzalez,Advertising & Marketing,Aarhus University,35
1987,Diana,Perez,Advertising & Marketing,Aarhus University,31
1988,Henry,Hernandez,IT Management,Sapienza University of Rome,19
1989,Joseph,Moore,Energy,Lund University,26
1990,Vasilis,Miller,Human Resources,Ludwig Maximilian University of Munich,22
1991,Henry,King,Retail,University of Lisbon,37
1992,Angelina,Lewis,Construction,University of Strasbourg,18
1993,Stephen,Sanchez,Engineering,University of Tartu,40
1994,Liam,Thompson,Consumer Products & Services,University of Warsaw,20
1995,Helen,King,Consumer Products & Services,Delft University of Technology,23
1996,Rebecca,Garcia,Software,Aristotle University of Thessaloniki,22
1997,Christina,Allen,Human Resources,National and Kapodistrian University of Athens,38
1998,Martin,Johnson,IT Management,University of Warsaw,22
1999,Catherine,Smith,Health,Ghent University,18
2000,Victoria,Robinson,Advertising & Marketing,University of Helsinki,34
2001,Isabella,Perez,Insurance,Aristotle University of Thessaloniki,36
2002,Philip,Walker,Manufacturing,University of Belgrade,31
2003,Nikoleta,Davis,Human Resources,University of Barcelona,29
2004,William,Clark,Business Products & Services,Delft University of Technology,27
2005,Julia,Lewis,Health,University of Tartu,37
2006,Nikos,Lee,Engineering,KTH Royal Institute of Technology,38
2007,Anthony,Jones,IT Management,National and Kapodistrian University of Athens,35
2008,Paula,Hall,Advertising & Marketing,The University of Edinburgh,28
2009,Catherine,Bianchi,IT Management,University of Patras,19
2010,Rebecca,Lee,Advertising & Marketing,University of Helsinki,35
2011,Nicholas,Martin,Insurance,University of Lisbon,24
2012,Matthew,Novak,Education,Aristotle University of Thessaloniki,32
2013,Paul,Miller,Food & Beverage,University of Strasbourg,28
2014,Victor,Bianchi,Education,University of Warsaw,35
2015,Nikos,Bianchi,Consumer Products & Services,Delft University of Technology,40
2016,Spyros,Robinson,Insurance,The University of Manchester,29
2017,Alexandra,Sanchez,Advertising & Marketing,University of Patras,23
2018,Leah,Johnson,Business Products & Services,Utrecht University,37
2019,Henry,White,Construction,University College London,40
2020,Matthew,Dubois,Advertising & Marketing,Politecnico di Milano,30
2021,Christopher,Bianchi,Software,University of Lisbon,37
2022,Julia,Gonzalez,Manufacturing,National and Kapodistrian University of Athens,33
2023,Emily,Williams,Software,University College London,35
2024,Victoria,Anderson,Government Services,Sciences Po,27
2025,Noah,Jackson,Financial Services,University of Patras,40
2026,Stephen,Thomas,Construction,Trinity College Dublin,25
2027,Kostas,Adams,Construction,University of Zurich,35
2028,Vasilis,Smith,IT Management,Aristotle University of Thessaloniki,38
2029,Jasmine,Martinez,Construction,University of Patras,18
2030,Joseph,Scott,Energy,Aarhus University,40
2031,Roman,Anderson,IT Services,Uppsala University,25
2032,Lucas,Martinez,Construction,KU Leuven,23
2033,Jasmine,Novak,Government Services,Aristotle University of Thessaloniki,22
2034,Martin,Sanchez,Advertising & Marketing,Leiden University,32
2035,Marta,Muller,Consumer Products & Services,University of Patras,39
2036,Theodora,Williams,IT System Development,Charles University,32
2037,Penelope,Brown,Advertising & Marketing,Aristotle University of Thessaloniki,19
2038,Claire,Carter,Real Estate,University of Oxford,18
2039,Nicholas,Moore,Government Services,Leiden University,40
2040,David,Schmidt,Health,Aristotle University of Thessaloniki,40
2041,Daniel,Lombardi,Software,Aristotle University of Thessaloniki,28
2042,Marta,Lopez,IT System Development,Ghent University,27
2043,Samuel,Lewis,Construction,Aristotle University of Thessaloniki,35
2044,Noah,Mitchell,Manufacturing,National and Kapodistrian University of Athens,35
2045,Eleni,Perez,Advertising & Marketing,University of Lisbon,34
2046,Dimitris,Taylor,Business Products & Services,EPFL,25
2047,Laura,Perez,Computer Hardware,Charles University,32
2048,Patricia,Thomas,Environmental Services,Eindhoven University of Technology,25
2049,Bianca,Thomas,IT Services,Aristotle University of Thessaloniki,34
2050,Thomas,Scott,Government Services,National and Kapodistrian University of Athens,29
2051,Paula,Anderson,Real Estate,National and Kapodistrian University of Athens,25
2052,Zoe,Schmidt,Logistics & Transportation,University of Patras,31
2053,Sara,Lombardi,Food & Beverage,Aristotle University of Thessaloniki,21
2054,Emily,Thomas,Environmental Services,University of Tartu,18
2055,Joseph,Lewis,Business Products & Services,Politecnico di Milano,18
2056,Nadia,Garcia,Software,University of Porto,36
2057,Eva,Taylor,Health,Pompeu Fabra University,33
2058,Maya,Johnson,Manufacturing,National and Kapodistrian University of Athens,31
2059,Harris,Wright,Consumer Products & Services,Aristotle University of Thessaloniki,38
2060,Victor,Moore,Logistics & Transportation,University of Warsaw,33
2061,Elisa,Lee,Business Products & Services,Technical University of Munich,22
2062,Marta,Walker,Human Resources,University of Tartu,26
2063,Patricia,Rossi,Government Services,Sapienza University of Rome,19
2064,Dimitris,Lewis,Human Resources,University of Warsaw,35
2065,Harris,Thompson,Health,National and Kapodistrian University of Athens,23
2066,Lydia,Mitchell,Food & Beverage,Aarhus University,26
2067,James,Gonzalez,Construction,National and Kapodistrian University of Athens,18
2068,Paula,Johnson,Financial Services,University of Copenhagen,26
2069,Andreas,Johnson,Software,National and Kapodistrian University of Athens,33
2070,Dimitris,Harris,Engineering,Utrecht University,30
2071,Jason,Johnson,Retail,University of Barcelona,26
2072,Evelyn,Sanchez,IT Management,University of Cambridge,38
2073,Stella,Williams,Government Services,Ludwig Maximilian University of Munich,30
2074,Helen,Schmidt,Business Products & Services,University College Dublin,26
2075,Spyros,Anderson,Human Resources,Aristotle University of Thessaloniki,28
2076,Catherine,Perez,Advertising & Marketing,University of Helsinki,21
2077,Adrian,Williams,Logistics & Transportation,University College London,19
2078,Joseph,Green,Health,KU Leuven,23
2079,Stephen,Robinson,Health,EPFL,31
2080,Laura,Muller,IT System Development,Imperial College London,21
2081,Adrian,Carter,Government Services,Technion – Israel Institute of Technology,23
2082,Bianca,Dubois,Real Estate,National and Kapodistrian University of Athens,36
2083,Leah,Scott,Real Estate,University of Patras,23
2084,Sara,Taylor,Business Products & Services,Lund University,19
2085,Max,Taylor,Software,Technical University of Munich,35
2086,Adrian,Davis,IT Management,Jagiellonian University,30
2087,James,Smith,Software,Eindhoven University of Technology,26
2088,Gregory,Clark,Business Products & Services,The University of Manchester,40
2089,Spyros,Martin,Advertising & Marketing,Aalto University,36
2090,Philip,Miller,Health,University of Patras,30
2091,Thomas,Perez,Business Products & Services,Aristotle University of Thessaloniki,28
2092,Bianca,Jones,Business Products & Services,Aalto University,18
2093,Timothy,Garcia,Software,Aarhus University,39
2094,Maria,Sanchez,Food & Beverage,National and Kapodistrian University of Athens,24
2095,Roman,Allen,Business Products & Services,ETH Zurich,38
2096,Maria,Perez,Consumer Products & Services,University of Groningen,32
2097,Hugo,Green,Health,University of Patras,18
2098,Eleni,Young,Software,Utrecht University,29
2099,Zoe,Martinez,Health,University of Patras,24
2100,Kostas,Carter,Software,University College Dublin,32
2101,Marta,Rossi,IT Management,University of Tartu,38
2102,Lydia,Smith,Financial Services,Imperial College London,36
2103,Claire,Lee,Business Products & Services,Technical University of Munich,18
2104,Gregory,Sanchez,Government Services,University of Groningen,34
2105,Hugo,Sanchez,IT Management,Aristotle University of Thessaloniki,34
2106,Laura,Thompson,Manufacturing,University of Patras,20
2107,Maya,Martinez,Government Services,University of Oxford,29
2108,Natalie,Gonzalez,Software,Aalto University,23
2109,Michael,Lombardi,Consumer Products & Services,Jagiellonian University,28
2110,Victoria,Green,Manufacturing,Utrecht University,20
2111,James,Lewis,Security,University of Strasbourg,25
2112,Christina,Mitchell,Food & Beverage,Aristotle University of Thessaloniki,31
2113,Evelyn,Lombardi,Business Products & Services,Ludwig Maximilian University of Munich,31
2114,Lucas,Horvath,IT Management,EPFL,27
2115,George,Davis,Construction,KTH Royal Institute of Technology,19
2116,Athena,Sanchez,Energy,University College London,31
2117,Roxanne,Wright,Advertising & Marketing,Ludwig Maximilian University of Munich,26
2118,Georgia,Schmidt,Business Products & Services,University of Amsterdam,20
2119,Nadia,Adams,IT System Development,Aristotle University of Thessaloniki,38
2120,Arthur,Hernandez,Logistics & Transportation,University of Patras,25
2121,Christos,Martinez,Food & Beverage,KTH Royal Institute of Technology,33
2122,Roman,Martin,Retail,EPFL,19
2123,Arthur,King,Manufacturing,Sciences Po,23
2124,Irene,Martinez,Engineering,University of Copenhagen,38
2125,Leah,Anderson,Food & Beverage,University of Oxford,29
2126,Peter,Martin,Human Resources,Technical University of Munich,22
2127,Eva,Lombardi,Travel & Hospitality,Charles University,19
2128,Oscar,Miller,Consumer Products & Services,National and Kapodistrian University of Athens,33
2129,Catherine,Schmidt,Logistics & Transportation,University of Helsinki,22
2130,Benjamin,Davis,Real Estate,University of Barcelona,32
2131,Timothy,Horvath,Telecommunications,Uppsala University,29
2132,Lucy,Walker,Consumer Products & Services,Pompeu Fabra University,21
2133,Paul,Lopez,Manufacturing,National and Kapodistrian University of Athens,32
2134,James,Mitchell,Financial Services,Eindhoven University of Technology,28
2135,Claire,Davis,Advertising & Marketing,University of Vienna,33
2136,Hugo,Jackson,Real Estate,National and Kapodistrian University of Athens,40
2137,Ivy,Martin,Construction,University of Patras,23
2138,Julia,Thompson,Financial Services,National and Kapodistrian University of Athens,31
2139,Christina,Thomas,Consumer Products & Services,National and Kapodistrian University of Athens,35
2140,Nicholas,Dubois,Consumer Products & Services,University College London,29
2141,Natalie,Lombardi,Health,Sapienza University of Rome,28
2142,Rebecca,Lee,Software,Imperial College London,30
2143,Kostas,Harris,IT Management,University of Lisbon,38
2144,Henry,Horvath,Software,Aristotle University of Thessaloniki,40
2145,Stephen,Allen,Government Services,Jagiellonian University,28
2146,Ivy,Lombardi,Consumer Products & Services,University College London,40
2147,Christopher,Nelson,Advertising & Marketing,EPFL,33
2148,Timothy,Scott,IT Management,Aalto University,32
2149,Joseph,Scott,Business Products & Services,The University of Edinburgh,38
2150,Paul,Adams,Business Products & Services,Sciences Po,32
2151,Mark,White,Advertising & Marketing,Politecnico di Milano,21
2152,David,Muller,Financial Services,Eindhoven University of Technology,28
2153,Patricia,Martinez,Human Resources,National and Kapodistrian University of Athens,36
2154,Nikoleta,Gonzalez,Business Products & Services,Aristotle University of Thessaloniki,32
2155,Laura,Hall,Software,University of Porto,21
2156,Dimitris,Lewis,Food & Beverage,University of Patras,38
2157,Jason,Lombardi,Financial Services,Chalmers University of Technology,30
2158,Peter,Anderson,Telecommunications,Technion – Israel Institute of Technology,39
2159,Peter,Nelson,Health,Sapienza University of Rome,36
2160,Arthur,Schmidt,Manufacturing,National and Kapodistrian University of Athens,19
2161,Lydia,Williams,Consumer Products & Services,University of Groningen,31
2162,Alice,Schmidt,Human Resources,University of Strasbourg,21
2163,Alice,Robinson,Human Resources,University of Patras,33
2164,Angelina,Rossi,Business Products & Services,University of Barcelona,38
2165,Ivy,Brown,IT Management,University of Zurich,37
2166,Julia,Hernandez,Construction,Aalto University,31
2167,Matthew,Thomas,Construction,Eindhoven University of Technology,32
2168,Christina,Smith,Security,Aristotle University of Thessaloniki,20
2169,Leo,Anderson,IT Management,Chalmers University of Technology,25
2170,Lucy,Rossi,Real Estate,Lund University,33
2171,Nicholas,Williams,Business Products & Services,University of Cambridge,27
2172,Jasmine,Jackson,Insurance,University of Patras,21
2173,Victor,Taylor,IT Management,Lund University,35
2174,Andrew,Walker,Health,University of Porto,19
2175,Grace,Gonzalez,Media,Aristotle University of Thessaloniki,34
2176,Arthur,Smith,Business Products & Services,The University of Manchester,30
2177,Daniel,Adams,Business Products & Services,University of Ljubljana,21
2178,Eva,Sanchez,Business Products & Services,Aristotle University of Thessaloniki,28
2179,Matthew,Sanchez,Insurance,University of Helsinki,24
2180,Stephen,Clark,Business Products & Services,Ludwig Maximilian University of Munich,29
2181,Sofia,Hernandez,Consumer Products & Services,University of Ljubljana,27
2182,Oscar,Rossi,Construction,Chalmers University of Technology,24
2183,Henry,Adams,IT Management,University of Zurich,30
2184,Benjamin,Walker,Advertising & Marketing,National and Kapodistrian University of Athens,24
2185,Nikoleta,Young,Engineering,Pompeu Fabra University,34
2186,Marta,Moore,Advertising & Marketing,Sciences Po,27
2187,Matthew,Allen,Construction,University of Ljubljana,27
2188,Paul,Mitchell,Construction,University of Tartu,21
2189,Lydia,Thompson,Education,University of Zurich,37
2190,Penelope,Green,Software,ETH Zurich,21
2191,Christopher,Young,Government Services,Politecnico di Milano,39
2192,Victoria,Garcia,Construction,University of Helsinki,24
2193,John,Schmidt,Software,University of Amsterdam,39
2194,Christopher,White,IT Management,University of Barcelona,18
2195,Marina,Bianchi,Logistics & Transportation,Technical University of Munich,29
2196,Stella,Nielsen,Software,University of Barcelona,30
2197,Joseph,King,Advertising & Marketing,Sciences Po,27
2198,James,Harris,Advertising & Marketing,KU Leuven,32
2199,Gregory,Harris,Human Resources,University of Cambridge,30
2200,David,Thomas,Logistics & Transportation,Aristotle University of Thessaloniki,40
2201,Harris,Thompson,Consumer Products & Services,University College London,39
2202,David,Harris,Government Services,National and Kapodistrian University of Athens,39
2203,Alexandra,Wright,Advertising & Marketing,KTH Royal Institute of Technology,38
2204,Lucas,Nielsen,Energy,University of Patras,39
2205,Samuel,Baker,Business Products & Services,University of Patras,26
2206,Veronica,Allen,Health,University of Patras,26
2207,Max,Lombardi,Software,University of Strasbourg,32
2208,John,Davis,Health,National and Kapodistrian University of Athens,27
2209,Max,Lombardi,Consumer Products & Services,Ludwig Maximilian University of Munich,27
2210,Natalie,Harris,Software,KTH Royal Institute of Technology,25
2211,Maya,Muller,Human Resources,National and Kapodistrian University of Athens,33
2212,David,Scott,Engineering,University of Oslo,34
2213,Evelyn,Thompson,Energy,University of Patras,22
2214,Diana,Jones,Security,The University of Manchester,21
2215,Mark,Lewis,Construction,National and Kapodistrian University of Athens,35
2216,Oscar,Hall,Health,The University of Manchester,36
2217,Mark,Bianchi,Security,National and Kapodistrian University of Athens,21
2218,Bianca,Johnson,Travel & Hospitality,University of Barcelona,24
2219,Isabella,Green,Health,Ludwig Maximilian University of Munich,27
2220,David,Martinez,Financial Services,Aristotle University of Thessaloniki,35
2221,Michael,Davis,Construction,Aristotle University of Thessaloniki,36
2222,George,Martin,Environmental Services,Aristotle University of Thessaloniki,21
2223,Emily,Allen,Software,National and Kapodistrian University of Athens,27
2224,Martin,Garcia,Food & Beverage,University of Patras,18
2225,Nikoleta,Garcia,Security,KU Leuven,40
2226,William,Baker,Engineering,Aristotle University of Thessaloniki,35
2227,Marta,Horvath,Logistics & Transportation,University of Geneva,22
2228,Theodora,Lopez,Financial Services,The University of Manchester,32
2229,Laura,Martinez,Telecommunications,University of Vienna,34
2230,Leah,Clark,Consumer Products & Services,The University of Edinburgh,20
2231,Vasilis,Lee,Retail,University of Helsinki,29
2232,Kostas,Young,Advertising & Marketing,Jagiellonian University,19
2233,Joseph,Hall,Human Resources,Aristotle University of Thessaloniki,18
2234,Timothy,Baker,Software,Ghent University,40
2235,Georgia,Miller,Software,University of Amsterdam,38
2236,Harris,King,Advertising & Marketing,National and Kapodistrian University of Athens,34
2237,Thomas,Thomas,Construction,University of Porto,39
2238,Peter,Walker,Insurance,Aarhus University,33
2239,Jason,King,Advertising & Marketing,University of Tartu,22
2240,Peter,Hernandez,Telecommunications,University of Patras,32
2241,Alex,Anderson,Retail,Chalmers University of Technology,20
2242,Nadia,Kowalski,Health,Aristotle University of Thessaloniki,24
2243,Nikoleta,Martin,Software,Politecnico di Milano,28
2244,Henry,Nielsen,Food & Beverage,Chalmers University of Technology,27
2245,Anna,Johnson,Advertising & Marketing,Aristotle University of Thessaloniki,26
2246,Lucy,Hernandez,Environmental Services,Charles University,31
2247,Gregory,Dubois,Energy,University of Patras,30
2248,Theodora,Schmidt,Logistics & Transportation,University of Amsterdam,19
2249,Anna,Clark,Financial Services,Sapienza University of Rome,20
2250,Christos,Scott,IT Management,University of Oxford,24
2251,Jasmine,Carter,IT Management,Sapienza University of Rome,38
2252,Arthur,Nielsen,Advertising & Marketing,Sciences Po,35
2253,Penelope,Anderson,Manufacturing,National and Kapodistrian University of Athens,20
2254,John,Adams,Food & Beverage,University of Belgrade,27
2255,Andreas,Scott,IT System Development,Aristotle University of Thessaloniki,39
2256,Ivy,Scott,Engineering,Lund University,24
2257,Samuel,Brown,Consumer Products & Services,Aristotle University of Thessaloniki,26
2258,Lucy,Green,Retail,University of Patras,34
2259,Oscar,Lewis,Health,University of Zurich,28
2260,Joseph,Green,Consumer Products & Services,Technion – Israel Institute of Technology,24
2261,Kostas,Martin,Consumer Products & Services,KTH Royal Institute of Technology,31
2262,Max,Novak,Advertising & Marketing,National and Kapodistrian University of Athens,36
2263,Eleni,Scott,Software,National and Kapodistrian University of Athens,21
2264,Jasmine,Taylor,Government Services,University of Warsaw,23
2265,Philip,Lewis,Telecommunications,Imperial College London,27
2266,Jason,Taylor,Government Services,University of Tartu,24
2267,Lucy,Davis,Consumer Products & Services,University of Belgrade,30
2268,Grace,Kowalski,Advertising & Marketing,University College London,31
2269,Claire,Taylor,Health,Trinity College Dublin,21
2270,Joseph,Rossi,Real Estate,University of Bern,25
2271,Evelyn,Rossi,Advertising & Marketing,Sapienza University of Rome,22
2272,Laura,Mitchell,Retail,National and Kapodistrian University of Athens,18
2273,Eva,Martin,Health,University of Patras,21
2274,Nadia,Muller,Government Services,University of Patras,20
2275,Penelope,Horvath,Consumer Products & Services,Ghent University,26
2276,Veronica,Anderson,Environmental Services,University of Vienna,25
2277,Lucy,Green,Software,Aalto University,18
2278,Joseph,Mitchell,Business Products & Services,University of Bern,23
2279,Irene,Hall,Travel & Hospitality,University of Porto,26
2280,Bianca,Hernandez,Computer Hardware,Technion – Israel Institute of Technology,24
2281,Olivia,White,Health,Aarhus University,21
2282,Peter,Brown,IT Management,Aristotle University of Thessaloniki,30
2283,Anna,Walker,Logistics & Transportation,Ludwig Maximilian University of Munich,34
2284,Natalie,Lopez,Manufacturing,Leiden University,19
2285,Andreas,Robinson,Software,University of Zurich,22
2286,Veronica,Scott,Software,University of Patras,29
2287,Roman,Perez,Health,University of Groningen,38
2288,Dimitris,Sanchez,Advertising & Marketing,University of Patras,25
2289,Sofia,Allen,Food & Beverage,Aristotle University of Thessaloniki,23
2290,Lucas,Gonzalez,Logistics & Transportation,Sciences Po,25
2291,Laura,Martinez,Consumer Products & Services,Imperial College London,35
2292,Nicholas,Dubois,IT System Development,Aristotle University of Thessaloniki,20
2293,Nadia,Lee,Software,National and Kapodistrian University of Athens,39
2294,Nicholas,Smith,Software,University of Bern,29
2295,Georgia,Jones,IT Management,Ludwig Maximilian University of Munich,20
2296,Veronica,Thompson,Food & Beverage,University of Barcelona,39
2297,Penelope,Horvath,Manufacturing,Ghent University,23
2298,Spyros,Baker,Energy,Stockholm University,19
2299,Victoria,Lombardi,Business Products & Services,National and Kapodistrian University of Athens,40
2300,Robert,Lee,Environmental Services,University of Helsinki,29
2301,Joseph,Moore,Government Services,Trinity College Dublin,19
2302,Philip,Dubois,Advertising & Marketing,University of Oxford,23
2303,Diana,Mitchell,Telecommunications,National and Kapodistrian University of Athens,34
2304,Zoe,Carter,Travel & Hospitality,Aalto University,20
2305,Andrew,Jones,Government Services,University of Strasbourg,19
2306,Veronica,Brown,Software,University of Ljubljana,40
2307,Arthur,Muller,IT Management,University of Patras,37
2308,Liam,Perez,Computer Hardware,Sapienza University of Rome,25
2309,James,Martinez,Business Products & Services,University of Oslo,39
2310,Vasilis,Anderson,Business Products & Services,University of Amsterdam,29
2311,Stephen,Sanchez,Financial Services,Chalmers University of Technology,21
2312,Eva,Taylor,Advertising & Marketing,National and Kapodistrian University of Athens,22
2313,Nadia,Muller,Retail,Jagiellonian University,30
2314,Julia,Jackson,Manufacturing,The University of Edinburgh,32
2315,Lucas,Walker,Health,University of Lisbon,40
2316,Patricia,Taylor,Business Products & Services,Aristotle University of Thessaloniki,33
2317,Benjamin,Bianchi,Business Products & Services,University of Helsinki,27
2318,Grace,Perez,Travel & Hospitality,University of Tartu,40
2319,Grace,Walker,Software,The University of Manchester,33
2320,Theodora,Nelson,Advertising & Marketing,Technical University of Munich,29
2321,Lydia,Hernandez,Human Resources,The University of Manchester,34
2322,Diana,Jackson,Construction,University of Groningen,33
2323,Hugo,Clark,Media,University of Copenhagen,29
2324,Richard,Jones,IT System Development,National and Kapodistrian University of Athens,25
2325,Stephen,Martin,Health,Ludwig Maximilian University of Munich,37
2326,Athena,White,Consumer Products & Services,Tel Aviv University,20
2327,Nadia,Martinez,Human Resources,The University of Manchester,33
2328,Stephen,Walker,Manufacturing,Aristotle University of Thessaloniki,30
2329,Joseph,Garcia,IT System Development,EPFL,40
2330,Peter,Dubois,IT Management,Tel Aviv University,36
2331,Lucy,Schmidt,Business Products & Services,University of Patras,25
2332,Jack,Nelson,Business Products & Services,Imperial College London,39
2333,Lucy,Kowalski,Computer Hardware,Imperial College London,22
2334,Jasmine,Anderson,Advertising & Marketing,Sapienza University of Rome,37
2335,Irene,Moore,Education,Aristotle University of Thessaloniki,25
2336,Eleni,Young,Manufacturing,University of Bern,29
2337,John,Anderson,Consumer Products & Services,University of Groningen,18
2338,Ivy,Kowalski,Advertising & Marketing,Aalto University,38
2339,Dimitris,White,Business Products & Services,University of Cambridge,37
2340,Athena,Muller,Software,University of Cambridge,23
2341,Vasilis,Gonzalez,Advertising & Marketing,University College Dublin,39
2342,Alex,Smith,Consumer Products & Services,University of Patras,35
2343,Lucas,Rossi,Food & Beverage,University of Patras,25
2344,Dimitris,Garcia,Health,University of Belgrade,24
2345,Eleni,Scott,Health,University College London,18
2346,Veronica,Lee,Government Services,Aarhus University,38
2347,Georgia,Scott,Human Resources,University of Helsinki,33
2348,Daniel,Davis,Manufacturing,University of Ljubljana,29
2349,Theodora,Nielsen,Energy,KTH Royal Institute of Technology,23
2350,Maria,Rossi,Advertising & Marketing,The University of Manchester,37
2351,Lucy,Carter,Human Resources,Aristotle University of Thessaloniki,19
2352,Andreas,Sanchez,Real Estate,Aristotle University of Thessaloniki,31
2353,Georgia,Martin,Government Services,ETH Zurich,21
2354,Adrian,Lombardi,IT Management,University of Patras,18
2355,Ivy,Young,Construction,Charles University,40
2356,Jasmine,Lee,Business Products & Services,University of Belgrade,35
2357,Isabella,Garcia,Business Products & Services,University of Strasbourg,30
2358,Theodora,Green,Human Resources,National and Kapodistrian University of Athens,19
2359,Harris,Schmidt,Business Products & Services,Charles University,26
2360,Elisa,Mitchell,Financial Services,Ludwig Maximilian University of Munich,38
2361,Sofia,Allen,Computer Hardware,Politecnico di Milano,19
2362,Grace,Anderson,Real Estate,University of Amsterdam,26
2363,Victoria,Jones,Business Products & Services,Lund University,18
2364,Roxanne,Muller,Advertising & Marketing,Ludwig Maximilian University of Munich,28
2365,Zoe,Dubois,Business Products & Services,Uppsala University,20
2366,David,Harris,Energy,Leiden University,37
2367,Laura,White,Real Estate,University of Geneva,40
2368,Leah,Williams,Human Resources,Ghent University,21
2369,James,Robinson,Software,University of Patras,35
2370,Joseph,Thompson,Construction,Stockholm University,40
2371,George,Garcia,Logistics & Transportation,University of Lisbon,23
2372,Mark,Rossi,Food & Beverage,University of Zurich,20
2373,Nadia,Allen,Real Estate,Ghent University,39
2374,Marina,Hall,Real Estate,University of Tartu,28
2375,Martin,Nelson,Retail,University of Helsinki,32
2376,Harris,Taylor,Media,University of Amsterdam,39
2377,Emily,Horvath,Advertising & Marketing,University of Cambridge,22
2378,Christopher,Novak,Financial Services,Technion – Israel Institute of Technology,37
2379,Benjamin,Wright,Business Products & Services,University of Ljubljana,27
2380,Michael,Muller,Construction,Aristotle University of Thessaloniki,29
2381,Veronica,Lopez,Energy,National and Kapodistrian University of Athens,32
2382,Peter,Martin,IT System Development,National and Kapodistrian University of Athens,34
2383,William,Scott,Government Services,University College London,27
2384,Joseph,Davis,Advertising & Marketing,Tel Aviv University,23
2385,Adrian,Miller,Business Products & Services,University of Warsaw,35
2386,Lydia,Dubois,Human Resources,Aristotle University of Thessaloniki,30
2387,Maya,Carter,Media,University College London,20
2388,William,Carter,Consumer Products & Services,Aristotle University of Thessaloniki,27
2389,Paula,Lewis,Retail,Pompeu Fabra University,31
2390,John,Jackson,Advertising & Marketing,Charles University,23
2391,Stella,Lombardi,Real Estate,Aristotle University of Thessaloniki,20
2392,Victor,Wright,Retail,University of Strasbourg,33
2393,Alexandra,Novak,Advertising & Marketing,University of Patras,24
2394,Matthew,Hall,Food & Beverage,University of Helsinki,37
2395,Christopher,Perez,Consumer Products & Services,University of Warsaw,31
2396,Daniel,Brown,Business Products & Services,University of Patras,26
2397,Evelyn,Rossi,Business Products & Services,University of Patras,32
2398,Anna,Davis,Consumer Products & Services,University of Tartu,38
2399,Martin,Nielsen,Business Products & Services,Eindhoven University of Technology,20
2400,Patricia,White,Health,University of Tartu,19
2401,Chloe,Dubois,Consumer Products & Services,ETH Zurich,19
2402,Joseph,Dubois,Real Estate,Ludwig Maximilian University of Munich,20
2403,Alexandra,White,Real Estate,Technical University of Munich,35
2404,Evelyn,Thompson,Business Products & Services,Sciences Po,31
2405,Jasmine,Rossi,Software,National and Kapodistrian University of Athens,37
2406,Andreas,King,Advertising & Marketing,Aalto University,35
2407,Noah,Harris,Food & Beverage,National and Kapodistrian University of Athens,27
2408,Leah,Perez,Construction,National and Kapodistrian University of Athens,19
2409,Elisa,Lombardi,Telecommunications,Uppsala University,39
2410,Anna,Thompson,Manufacturing,University of Ljubljana,18
2411,Georgia,Clark,Health,Charles University,21
2412,Maya,Miller,IT System Development,Tel Aviv University,31
2413,Mark,Smith,Advertising & Marketing,University of Zurich,18
2414,Christopher,Davis,Construction,University of Patras,31
2415,Matthew,Horvath,Advertising & Marketing,KU Leuven,33
2416,Rebecca,Wright,Security,Ghent University,39
2417,Richard,Jackson,Advertising & Marketing,Aristotle University of Thessaloniki,31
2418,Eleni,Nelson,Retail,University of Copenhagen,37
2419,Maria,Wright,Education,Aristotle University of Thessaloniki,20
2420,Christopher,Martin,Security,University College Dublin,20
2421,Oscar,Nelson,Security,University of Tartu,26
2422,Spyros,Hall,Retail,University of Vienna,23
2423,Jack,Lombardi,Consumer Products & Services,University of Patras,30
2424,Olivia,White,IT Management,University of Copenhagen,38
2425,Claire,Davis,Software,University of Geneva,19
2426,Marta,Nielsen,Construction,University of Warsaw,25
2427,Oscar,Horvath,Business Products & Services,University of Oslo,38
2428,Evelyn,Wright,Engineering,University of Cambridge,19
2429,Emily,Baker,Human Resources,University of Vienna,21
2430,Maria,Carter,Health,Jagiellonian University,32
2431,Jack,Adams,Education,Aristotle University of Thessaloniki,21
2432,Henry,Robinson,Business Products & Services,University of Zurich,30
2433,Chloe,Carter,Consumer Products & Services,University of Vienna,29
2434,Victoria,Scott,IT System Development,University of Zurich,30
2435,Bianca,Lombardi,Software,National and Kapodistrian University of Athens,31
2436,Paul,Robinson,Real Estate,University of Groningen,37
2437,Andrew,Williams,Software,Jagiellonian University,35
2438,Chloe,Carter,Construction,Aristotle University of Thessaloniki,23
2439,Ivy,Davis,Advertising & Marketing,Aristotle University of Thessaloniki,28
2440,Rebecca,Nelson,Energy,National and Kapodistrian University of Athens,19
2441,Maria,Bianchi,Software,University of Geneva,40
2442,Veronica,Davis,Business Products & Services,National and Kapodistrian University of Athens,36
2443,Thomas,Adams,IT Management,Delft University of Technology,36
2444,Nicole,Davis,Software,University of Vienna,22
2445,Jack,Garcia,Energy,University of Warsaw,36
2446,Peter,Muller,Advertising & Marketing,National and Kapodistrian University of Athens,19
2447,Eleni,Jackson,Education,University of Patras,27
2448,Athena,Lewis,Business Products & Services,University of Warsaw,19
2449,Jasmine,Nelson,Logistics & Transportation,University of Ljubljana,28
2450,Helen,Kowalski,IT Services,University of Oxford,35
2451,Maya,Horvath,Real Estate,Charles University,32
2452,Thomas,Carter,Government Services,Aristotle University of Thessaloniki,26
2453,Alexandra,Perez,Security,Aristotle University of Thessaloniki,40
2454,Roman,Walker,Health,KU Leuven,36
2455,Anna,Horvath,Advertising & Marketing,Lund University,26
2456,Robert,Schmidt,Advertising & Marketing,Uppsala University,20
2457,Leo,Williams,Consumer Products & Services,Ghent University,38
2458,Marina,Clark,Food & Beverage,Chalmers University of Technology,26
2459,Matthew,Bianchi,Software,University of Strasbourg,31
2460,Arthur,Young,Retail,University of Helsinki,36
2461,Patricia,Allen,Financial Services,Chalmers University of Technology,24
2462,Natalie,Adams,Software,University of Patras,33
2463,Jasmine,Scott,Construction,University of Ljubljana,33
2464,Christopher,Williams,Government Services,EPFL,18
2465,Katerina,Walker,Software,Aristotle University of Thessaloniki,21
2466,Grace,Rossi,Business Products & Services,Ludwig Maximilian University of Munich,21
2467,Christos,Schmidt,Advertising & Marketing,University of Helsinki,24
2468,Elisa,Nielsen,Government Services,University of Patras,25
2469,George,Hall,Construction,Leiden University,34
2470,Peter,Lombardi,Travel & Hospitality,Technion – Israel Institute of Technology,22
2471,George,Johnson,Advertising & Marketing,The University of Edinburgh,24
2472,Joseph,Moore,Financial Services,KU Leuven,37
2473,Leo,Adams,IT Management,University of Warsaw,37
2474,Olivia,Thomas,Telecommunications,National and Kapodistrian University of Athens,21
2475,Victor,Johnson,Construction,Trinity College Dublin,23
2476,Maria,Rossi,Food & Beverage,University of Zurich,24
2477,Zoe,Harris,Software,Chalmers University of Technology,35
2478,Oscar,Davis,IT System Development,University of Tartu,22
2479,Athena,Lopez,Financial Services,University of Bern,37
2480,Daniel,Perez,Consumer Products & Services,KU Leuven,20
2481,Rebecca,Johnson,IT Management,National and Kapodistrian University of Athens,24
2482,Leah,Dubois,Business Products & Services,Jagiellonian University,39
2483,Elisa,Allen,Business Products & Services,University of Copenhagen,31
2484,Rebecca,Thompson,Logistics & Transportation,Aristotle University of Thessaloniki,24
2485,Veronica,Clark,Food & Beverage,National and Kapodistrian University of Athens,22
2486,Robert,Kowalski,Construction,University of Tartu,39
2487,Andrew,Clark,Logistics & Transportation,Charles University,22
2488,Jason,Clark,Business Products & Services,University of Geneva,40
2489,Harris,Jackson,Advertising & Marketing,Aristotle University of Thessaloniki,19
2490,Max,White,Health,University of Copenhagen,38
2491,Isabella,Young,Government Services,University of Oxford,39
2492,Daniel,Brown,Retail,University of Barcelona,23
2493,Evelyn,Gonzalez,Consumer Products & Services,University of Groningen,32
2494,Nicholas,Allen,Human Resources,University of Patras,38
2495,Michael,Novak,Food & Beverage,University of Patras,27
2496,Victor,Rossi,Business Products & Services,University of Barcelona,40
2497,Paul,Thompson,Business Products & Services,Delft University of Technology,24
2498,Olivia,Nielsen,Financial Services,Aristotle University of Thessaloniki,22
2499,Penelope,Taylor,IT System Development,KU Leuven,18
2500,Noah,Moore,Software,Aristotle University of Thessaloniki,30
2501,Max,Baker,Advertising & Marketing,Aristotle University of Thessaloniki,38
2502,Nikoleta,Nielsen,Education,Technical University of Munich,35
2503,Sara,Baker,Real Estate,National and Kapodistrian University of Athens,30
2504,Jasmine,Bianchi,Health,Jagiellonian University,38
2505,Victor,Gonzalez,Advertising & Marketing,Aristotle University of Thessaloniki,38
2506,Anthony,Schmidt,Consumer Products & Services,University of Zurich,35
2507,Jason,Walker,Government Services,University of Barcelona,22
2508,Lucas,Muller,Financial Services,University of Amsterdam,30
2509,Eva,Clark,Human Resources,University of Barcelona,21
2510,Maria,Nielsen,Construction,National and Kapodistrian University of Athens,34
2511,Veronica,Thomas,Telecommunications,The University of Manchester,20
2512,Alice,Wright,Health,University of Geneva,34
2513,Elisa,Miller,Security,University of Warsaw,28
2514,Noah,Harris,Logistics & Transportation,Uppsala University,38
2515,Emily,Clark,Advertising & Marketing,University of Zurich,37
2516,Nicholas,Mitchell,Retail,Jagiellonian University,40
2517,Alice,Green,Human Resources,National and Kapodistrian University of Athens,38
2518,Anna,Schmidt,Logistics & Transportation,Aristotle University of Thessaloniki,21
2519,Emily,Martin,Software,University of Lisbon,19
2520,Peter,Gonzalez,Software,University of Porto,37
2521,Henry,Lee,Consumer Products & Services,University of Patras,33
2522,Alice,Davis,Manufacturing,Imperial College London,35
2523,Peter,Dubois,Business Products & Services,Technical University of Munich,25
2524,Martin,Miller,Logistics & Transportation,Ghent University,20
2525,Philip,Rossi,Software,National and Kapodistrian University of Athens,26
2526,Nikos,Walker,Consumer Products & Services,University College Dublin,37
2527,Theodora,Gonzalez,Software,National and Kapodistrian University of Athens,23
2528,Diana,Mitchell,Consumer Products & Services,Delft University of Technology,27
2529,Paul,Wright,IT Services,Uppsala University,38
2530,Benjamin,Rossi,Education,Eindhoven University of Technology,27
2531,James,Thomas,Construction,National and Kapodistrian University of Athens,30
2532,Patricia,Muller,Software,National and Kapodistrian University of Athens,34
2533,Lydia,Robinson,Real Estate,University of Patras,26
2534,Samuel,Hernandez,Software,Aarhus University,34
2535,Marina,Thompson,Financial Services,Sapienza University of Rome,26
2536,Paula,Horvath,Computer Hardware,National and Kapodistrian University of Athens,26
2537,Dimitris,Wright,Travel & Hospitality,University of Belgrade,18
2538,Roman,Clark,Financial Services,Aristotle University of Thessaloniki,19
2539,Leah,Harris,Real Estate,Leiden University,33
2540,Nicole,Young,Logistics & Transportation,University of Vienna,18
2541,Christina,Lewis,Retail,Aristotle University of Thessaloniki,27
2542,Mark,Muller,Security,Utrecht University,35
2543,Ivy,Taylor,Government Services,University of Helsinki,25
2544,Timothy,Taylor,IT System Development,University of Zurich,38
2545,Peter,Gonzalez,Government Services,National and Kapodistrian University of Athens,28
2546,Emily,Johnson,Logistics & Transportation,University of Cambridge,40
2547,Eva,Garcia,Software,University College Dublin,19
2548,Alexandra,Hernandez,Consumer Products & Services,Leiden University,25
2549,Isabella,Nelson,Software,The University of Edinburgh,39
2550,John,Lee,Construction,Imperial College London,25
2551,Stella,King,Financial Services,University of Oslo,34
2552,Paula,Novak,Construction,Uppsala University,32
2553,Paul,Bianchi,Telecommunications,Aristotle University of Thessaloniki,34
2554,Sara,Baker,Software,University of Bern,40
2555,Nadia,Lopez,Software,Pompeu Fabra University,30
2556,Sara,Muller,Advertising & Marketing,EPFL,36
2557,Grace,Baker,IT System Development,University of Helsinki,22
2558,Philip,Green,Real Estate,Imperial College London,29
2559,Lucas,Thomas,Software,National and Kapodistrian University of Athens,18
2560,Eleni,Walker,Software,Sapienza University of Rome,40
2561,Daniel,Mitchell,Advertising & Marketing,University of Porto,22
2562,Theodora,Novak,Real Estate,National and Kapodistrian University of Athens,25
2563,Bianca,Jones,Engineering,Aristotle University of Thessaloniki,30
2564,Roman,Hernandez,Software,Lund University,25
2565,Richard,Miller,Health,University of Geneva,40
2566,James,Miller,Consumer Products & Services,University of Vienna,28
2567,Nicholas,Horvath,Software,National and Kapodistrian University of Athens,18
2568,Theodora,Carter,Consumer Products & Services,University of Zurich,30
2569,Jasmine,Lombardi,Engineering,University of Patras,36
2570,Leah,Walker,Engineering,National and Kapodistrian University of Athens,20
2571,Elisa,Thompson,Software,National and Kapodistrian University of Athens,34
2572,Christos,Anderson,Telecommunications,Aristotle University of Thessaloniki,22
2573,Zoe,Horvath,Environmental Services,Eindhoven University of Technology,37
2574,Martin,Harris,Telecommunications,Charles University,38
2575,Nikoleta,Green,Security,National and Kapodistrian University of Athens,25
2576,Alex,Clark,Logistics & Transportation,Aristotle University of Thessaloniki,31
2577,James,Walker,Advertising & Marketing,University of Tartu,21
2578,Nikoleta,Martinez,Construction,University of Patras,28
2579,Andrew,Robinson,Advertising & Marketing,The University of Manchester,37
2580,Richard,Davis,Business Products & Services,Chalmers University of Technology,32
2581,Sara,Schmidt,Retail,Aristotle University of Thessaloniki,36
2582,Christina,Lopez,IT Management,EPFL,24
2583,Gregory,Mitchell,Retail,KTH Royal Institute of Technology,36
2584,Grace,Adams,Health,Jagiellonian University,36
2585,Alex,Miller,Retail,University of Belgrade,28
2586,Irene,Gonzalez,Health,KTH Royal Institute of Technology,22
2587,Stella,Martin,Advertising & Marketing,University of Patras,22
2588,Thomas,Young,Health,National and Kapodistrian University of Athens,39
2589,Diana,Williams,Software,The University of Edinburgh,25
2590,Athena,Jackson,Security,National and Kapodistrian University of Athens,27
2591,Julia,Baker,Telecommunications,Ludwig Maximilian University of Munich,23
2592,Victor,Anderson,Advertising & Marketing,University of Bern,32
2593,Angelina,Lombardi,Manufacturing,Aristotle University of Thessaloniki,33
2594,Julia,White,Consumer Products & Services,Jagiellonian University,34
2595,Rebecca,Johnson,Business Products & Services,National and Kapodistrian University of Athens,25
2596,Victor,Wright,Software,National and Kapodistrian University of Athens,25
2597,Eva,Martin,Advertising & Marketing,Politecnico di Milano,26
2598,Bianca,Novak,Logistics & Transportation,Aristotle University of Thessaloniki,19
2599,Philip,Martin,Media,University of Cambridge,32
2600,Alex,Jackson,Food & Beverage,University of Patras,35
2601,Samuel,Martin,Consumer Products & Services,Aristotle University of Thessaloniki,20
2602,Michael,Young,Advertising & Marketing,Tel Aviv University,34
2603,Veronica,Bianchi,Construction,Aarhus University,21
2604,Zoe,Moore,IT Management,Aristotle University of Thessaloniki,21
2605,Elisa,Anderson,Media,University of Patras,31
2606,Lydia,Smith,Advertising & Marketing,Aristotle University of Thessaloniki,26
2607,Roman,Lopez,Consumer Products & Services,National and Kapodistrian University of Athens,26
2608,Spyros,Jackson,Consumer Products & Services,Technion – Israel Institute of Technology,40
2609,Timothy,Johnson,Software,Lund University,35
2610,Eva,Mitchell,Construction,National and Kapodistrian University of Athens,27
2611,Jasmine,Sanchez,Real Estate,ETH Zurich,38
2612,James,Young,Government Services,Stockholm University,21
2613,Christos,Perez,Environmental Services,University of Belgrade,29
2614,Patricia,Baker,Software,University of Bern,25
2615,Lucas,Baker,Food & Beverage,National and Kapodistrian University of Athens,19
2616,Catherine,Adams,Financial Services,University of Barcelona,39
2617,George,Hernandez,Business Products & Services,Chalmers University of Technology,30
2618,Benjamin,Perez,Software,National and Kapodistrian University of Athens,38
2619,Liam,Thomas,Health,Leiden University,33
2620,Maya,Scott,Business Products & Services,Sciences Po,19
2621,Spyros,Nelson,Construction,University of Patras,28
2622,Natalie,Walker,Software,University of Patras,27
2623,Timothy,Rossi,Consumer Products & Services,Utrecht University,32
2624,Zoe,Adams,Computer Hardware,EPFL,34
2625,Christina,Robinson,Consumer Products & Services,Sapienza University of Rome,25
2626,Alex,Schmidt,Construction,Sciences Po,35
2627,Jasmine,Thompson,Construction,The University of Manchester,40
2628,Rebecca,Horvath,Software,National and Kapodistrian University of Athens,26
2629,Stella,Lewis,Manufacturing,Utrecht University,25
2630,Peter,Thompson,Human Resources,University of Strasbourg,31
2631,Liam,Hall,Education,KTH Royal Institute of Technology,35
2632,Roman,Lewis,Health,University of Lisbon,39
2633,Vasilis,Lewis,IT System Development,Jagiellonian University,37
2634,Kostas,Jackson,Insurance,Imperial College London,37
2635,Patricia,Gonzalez,IT System Development,University of Strasbourg,38
2636,Claire,Green,Retail,Trinity College Dublin,29
2637,Victoria,Clark,Retail,Aristotle University of Thessaloniki,36
2638,Laura,Jones,Government Services,National and Kapodistrian University of Athens,31
2639,Lucy,Novak,Retail,National and Kapodistrian University of Athens,34
2640,Rebecca,Martinez,Advertising & Marketing,EPFL,38
2641,Richard,Gonzalez,Human Resources,Uppsala University,20
2642,Marta,Novak,Construction,University College London,40
2643,Matthew,Jackson,Construction,Technical University of Munich,24
2644,Nikoleta,Green,Real Estate,Chalmers University of Technology,34
2645,Isabella,Nelson,Security,Technical University of Munich,29
2646,John,Martinez,Media,University of Warsaw,26
2647,Catherine,Davis,IT Management,University of Strasbourg,32
2648,Penelope,King,Business Products & Services,University of Patras,35
2649,Penelope,Horvath,Construction,National and Kapodistrian University of Athens,38
2650,Anthony,Sanchez,Health,University of Belgrade,30
2651,Timothy,Green,Construction,Utrecht University,38
2652,Evelyn,Gonzalez,Financial Services,Sapienza University of Rome,25
2653,Penelope,Davis,Human Resources,Charles University,31
2654,William,Carter,Human Resources,University of Belgrade,25
2655,Grace,Martin,Health,Jagiellonian University,31
2656,Angelina,Dubois,Media,University College London,24
2657,Paula,Clark,Government Services,Uppsala University,40
2658,Catherine,Horvath,Health,University of Amsterdam,29
2659,Alex,Novak,Health,University of Patras,28
2660,James,Bianchi,Food & Beverage,Stockholm University,39
2661,Sara,Baker,Advertising & Marketing,Pompeu Fabra University,39
2662,James,Martin,Business Products & Services,University of Groningen,28
2663,Sofia,Allen,IT Management,University College Dublin,39
2664,Dimitris,White,Engineering,University of Tartu,30
2665,Bianca,Adams,Manufacturing,Eindhoven University of Technology,35
2666,Alex,Brown,Financial Services,National and Kapodistrian University of Athens,19
2667,Liam,Allen,Construction,Technion – Israel Institute of Technology,38
2668,Katerina,Mitchell,Construction,University of Belgrade,32
2669,Isabella,Young,Insurance,KU Leuven,37
2670,Sofia,Wright,Manufacturing,Leiden University,35
2671,Henry,Nelson,Software,University of Helsinki,32
2672,Stella,Hall,Education,Sapienza University of Rome,36
2673,Kostas,Jones,Health,National and Kapodistrian University of Athens,40
2674,David,Taylor,Advertising & Marketing,University of Groningen,29
2675,Christopher,Johnson,Consumer Products & Services,National and Kapodistrian University of Athens,30
2676,Chloe,Baker,Consumer Products & Services,KU Leuven,39
2677,Matthew,Young,Business Products & Services,University of Lisbon,28
2678,Lucas,Baker,Real Estate,Eindhoven University of Technology,22
2679,Kostas,Bianchi,Retail,University of Amsterdam,18
2680,Leah,Brown,Manufacturing,Ludwig Maximilian University of Munich,20
2681,Eva,Clark,Health,Leiden University,39
2682,Maya,Sanchez,Retail,Technion – Israel Institute of Technology,36
2683,Oscar,Horvath,Retail,KTH Royal Institute of Technology,40
2684,Richard,Anderson,Advertising & Marketing,National and Kapodistrian University of Athens,24
2685,Noah,Jones,Health,University of Zurich,29
2686,Paula,Kowalski,Business Products & Services,Leiden University,32
2687,Benjamin,Clark,Retail,University of Zurich,22
2688,Julia,Jones,Engineering,National and Kapodistrian University of Athens,32
2689,Leo,Dubois,Environmental Services,EPFL,25
2690,Peter,White,Construction,Utrecht University,27
2691,Liam,Adams,IT Management,Aristotle University of Thessaloniki,33
2692,Victoria,Thompson,Consumer Products & Services,National and Kapodistrian University of Athens,25
2693,Alex,Dubois,Construction,National and Kapodistrian University of Athens,18
2694,Spyros,Johnson,Software,University of Lisbon,29
2695,Maya,Horvath,IT Management,University of Cambridge,22
2696,Eva,Carter,Business Products & Services,University of Amsterdam,20
2697,Nicole,Wright,Government Services,Ghent University,18
2698,William,Hall,Consumer Products & Services,Aalto University,21
2699,Leah,Horvath,Logistics & Transportation,University of Porto,25
2700,Nicholas,Muller,Human Resources,University of Oxford,20
2701,Richard,Martinez,Government Services,Jagiellonian University,27
2702,Claire,Walker,Manufacturing,Utrecht University,19
2703,Eleni,Moore,Health,Technion – Israel Institute of Technology,28
2704,James,Lombardi,Business Products & Services,Pompeu Fabra University,27
2705,Spyros,Young,Media,University of Cambridge,38
2706,Nicholas,Lee,Financial Services,KTH Royal Institute of Technology,31
2707,Matthew,Green,Telecommunications,National and Kapodistrian University of Athens,24
2708,John,Novak,Construction,Jagiellonian University,19
2709,Andrew,Kowalski,IT System Development,National and Kapodistrian University of Athens,26
2710,Harris,Lee,Construction,University of Warsaw,33
2711,Jasmine,Harris,Construction,University of Amsterdam,30
2712,Dimitris,Martin,Advertising & Marketing,University of Ljubljana,26
2713,Sara,Adams,Manufacturing,Ghent University,37
2714,Georgia,King,Financial Services,National and Kapodistrian University of Athens,21
2715,Michael,Perez,Consumer Products & Services,Aristotle University of Thessaloniki,39
2716,Julia,Anderson,Engineering,University of Patras,27
2717,Marina,Nielsen,Advertising & Marketing,Uppsala University,39
2718,Catherine,Green,Software,Aristotle University of Thessaloniki,29
2719,Timothy,Kowalski,Health,Aristotle University of Thessaloniki,34
2720,Irene,Nelson,Travel & Hospitality,Jagiellonian University,31
2721,Philip,Gonzalez,Health,University of Zurich,31
2722,Rebecca,Smith,Software,University of Belgrade,19
2723,Leo,Mitchell,Food & Beverage,Ghent University,38
2724,Lucas,Brown,Business Products & Services,Sapienza University of Rome,37
2725,Rebecca,Horvath,Advertising & Marketing,Imperial College London,28
2726,Anna,Muller,Software,Politecnico di Milano,33
2727,Vasilis,Clark,IT System Development,University of Warsaw,36
2728,Benjamin,Nelson,Travel & Hospitality,University of Vienna,40
2729,Grace,Garcia,Advertising & Marketing,Imperial College London,23
2730,Eva,Nielsen,Construction,University of Zurich,36
2731,Paula,Jones,Government Services,University of Patras,22
2732,Dimitris,Mitchell,Financial Services,Imperial College London,21
2733,Christos,Jones,Business Products & Services,Aalto University,32
2734,Mark,Scott,Financial Services,University of Belgrade,21
2735,William,Perez,Construction,Aarhus University,37
2736,Harris,Dubois,Manufacturing,University of Patras,27
2737,Marta,Taylor,IT System Development,Tel Aviv University,39
2738,Timothy,Dubois,Manufacturing,University of Belgrade,20
2739,Emily,Hernandez,Software,University of Lisbon,22
2740,Daniel,Jackson,Computer Hardware,University of Copenhagen,23
2741,Philip,Carter,Manufacturing,Technical University of Munich,38
2742,Harris,Nielsen,Human Resources,University of Helsinki,39
2743,Alex,Muller,IT Management,University of Lisbon,25
2744,Sofia,Thomas,Software,KTH Royal Institute of Technology,24
2745,Roxanne,Thomas,Advertising & Marketing,Technical University of Munich,38
2746,Nikoleta,Johnson,Construction,University of Cambridge,27
2747,Robert,Bianchi,Construction,Leiden University,23
2748,Maria,Wright,IT System Development,University of Patras,31
2749,Andreas,Dubois,Construction,Imperial College London,21
2750,Adrian,Garcia,Human Resources,University of Patras,30
2751,Lucas,Harris,Logistics & Transportation,Sciences Po,37
2752,James,Miller,Business Products & Services,Lund University,34
2753,Alex,Davis,Manufacturing,University of Cambridge,40
2754,Roman,Walker,Software,University of Ljubljana,24
2755,Andrew,Adams,Financial Services,Sapienza University of Rome,21
2756,Georgia,Novak,Software,University of Groningen,31
2757,Veronica,Kowalski,Construction,University of Groningen,20
2758,Victoria,Robinson,Retail,Charles University,22
2759,Alex,Perez,IT Management,EPFL,33
2760,Ivy,Robinson,Software,University of Zurich,40
2761,Christos,Novak,Financial Services,University of Patras,37
2762,Marta,Sanchez,IT Management,Technion – Israel Institute of Technology,21
2763,Peter,Martinez,Construction,Charles University,19
2764,Marina,Harris,Business Products & Services,Eindhoven University of Technology,35
2765,Michael,Thomas,Government Services,Imperial College London,36
2766,Veronica,Davis,Government Services,University of Patras,36
2767,Noah,Lee,IT System Development,University of Porto,34
2768,Robert,Clark,Consumer Products & Services,Eindhoven University of Technology,31
2769,Victoria,Thomas,Advertising & Marketing,University of Bern,36
2770,Anthony,Horvath,IT Management,University of Patras,39
2771,Helen,Hall,Software,Aristotle University of Thessaloniki,30
2772,Richard,Thompson,Consumer Products & Services,Lund University,29
2773,Christina,Wright,IT Management,University of Tartu,23
2774,Bianca,Miller,Logistics & Transportation,University of Oslo,38
2775,Sara,Thomas,Business Products & Services,University of Oxford,21
2776,Elisa,Thompson,Business Products & Services,Aristotle University of Thessaloniki,36
2777,Victoria,Walker,Security,Technion – Israel Institute of Technology,33
2778,Julia,Hernandez,Education,Aalto University,30
2779,Penelope,Martin,Software,ETH Zurich,21
2780,Victor,Clark,IT Services,University of Vienna,40
2781,William,Bianchi,Manufacturing,University of Cambridge,34
2782,Bianca,Rossi,Manufacturing,Aarhus University,40
2783,Maya,Miller,IT System Development,Aarhus University,18
2784,Theodora,Harris,Government Services,University of Warsaw,35
2785,Gregory,Young,Consumer Products & Services,University of Geneva,37
2786,Timothy,Muller,Consumer Products & Services,Technical University of Munich,34
2787,Zoe,Davis,Advertising & Marketing,National and Kapodistrian University of Athens,32
2788,Olivia,Scott,IT Management,University of Cambridge,28
2789,Andrew,Thompson,Construction,Sciences Po,39
2790,Andrew,Johnson,Real Estate,Stockholm University,30
2791,Alex,Carter,Human Resources,Technion – Israel Institute of Technology,18
2792,Victor,Brown,IT Management,EPFL,34
2793,Liam,Baker,Logistics & Transportation,University of Patras,23
2794,William,Brown,IT Management,Delft University of Technology,21
2795,Anna,Kowalski,Advertising & Marketing,University of Strasbourg,37
2796,Chloe,Lewis,Financial Services,Ghent University,33
2797,Noah,Davis,Consumer Products & Services,University of Geneva,32
2798,Helen,Taylor,IT Management,Ghent University,32
2799,Arthur,Smith,Advertising & Marketing,Pompeu Fabra University,23
2800,Hugo,Scott,Retail,University of Patras,32
2801,Maria,Smith,IT Services,University of Strasbourg,31
2802,Julia,Smith,Real Estate,University College London,28
2803,Alex,Gonzalez,Construction,The University of Manchester,24
2804,Peter,Robinson,Software,The University of Edinburgh,26
2805,George,Lee,Advertising & Marketing,University of Patras,33
2806,Roxanne,Johnson,Software,University of Helsinki,22
2807,Patricia,Adams,Government Services,University College London,37
2808,Peter,Adams,Advertising & Marketing,University of Patras,27
2809,Leah,Lewis,Software,University of Cambridge,35
2810,Maria,Jones,Food & Beverage,University of Patras,20
2811,Samuel,Thomas,Construction,University of Barcelona,30
2812,Natalie,Hernandez,Advertising & Marketing,Pompeu Fabra University,28
2813,Benjamin,Rossi,Insurance,University of Patras,34
2814,Olivia,Mitchell,Manufacturing,EPFL,39
2815,Isabella,Wright,IT System Development,University of Amsterdam,30
2816,Maria,Thomas,Real Estate,Aristotle University of Thessaloniki,23
2817,Zoe,Green,Advertising & Marketing,University of Amsterdam,34
2818,Nadia,Moore,Consumer Products & Services,Uppsala University,30
2819,Oscar,Clark,IT Management,Utrecht University,36
2820,Claire,Davis,Manufacturing,Uppsala University,38
2821,Spyros,Kowalski,Advertising & Marketing,Aristotle University of Thessaloniki,36
2822,Isabella,Anderson,Software,Sciences Po,27
2823,Victor,Carter,Construction,Ghent University,20
2824,Sofia,Lewis,Financial Services,National and Kapodistrian University of Athens,31
2825,Jasmine,Adams,Construction,National and Kapodistrian University of Athens,36
2826,Bianca,Thomas,Construction,National and Kapodistrian University of Athens,22
2827,Lucy,Young,Financial Services,Politecnico di Milano,22
2828,Stephen,Horvath,IT Management,Stockholm University,37
2829,William,Nielsen,Software,KU Leuven,34
2830,Theodora,Thomas,Advertising & Marketing,University of Warsaw,38
2831,Marina,King,Human Resources,Sciences Po,27
2832,Georgia,Anderson,Human Resources,University of Patras,22
2833,Samuel,Young,Health,University of Ljubljana,21
2834,Harris,Johnson,Government Services,University of Patras,23
2835,Alex,Mitchell,Consumer Products & Services,Aristotle University of Thessaloniki,21
2836,Andreas,Williams,Government Services,Jagiellonian University,24
2837,Samuel,Green,Real Estate,University of Ljubljana,24
2838,Zoe,Garcia,Insurance,Aristotle University of Thessaloniki,35
2839,William,Lee,Real Estate,Uppsala University,20
2840,Alexandra,Lopez,Business Products & Services,Aristotle University of Thessaloniki,18
2841,Spyros,Davis,Financial Services,University of Porto,21
2842,Theodora,Clark,Advertising & Marketing,Trinity College Dublin,23
2843,Jack,Kowalski,Consumer Products & Services,Aalto University,26
2844,Isabella,Thomas,Construction,Sapienza University of Rome,39
2845,Daniel,Nelson,Health,Charles University,31
2846,Diana,Scott,Consumer Products & Services,University of Tartu,29
2847,Sara,Taylor,Manufacturing,University of Patras,37
2848,Joseph,Davis,Health,National and Kapodistrian University of Athens,21
2849,Christopher,Wright,Logistics & Transportation,University of Bern,38
2850,Andreas,Hernandez,IT System Development,Leiden University,29
2851,Alex,Carter,Advertising & Marketing,Sciences Po,27
2852,Samuel,Anderson,Government Services,The University of Edinburgh,39
2853,Michael,Mitchell,IT System Development,National and Kapodistrian University of Athens,24
2854,Andrew,Harris,Advertising & Marketing,University of Warsaw,20
2855,Julia,Allen,Logistics & Transportation,EPFL,40
2856,Helen,Lombardi,Construction,Pompeu Fabra University,31
2857,Max,Baker,Health,Tel Aviv University,27
2858,Victoria,Robinson,Manufacturing,Sapienza University of Rome,33
2859,Mark,Young,Human Resources,University of Helsinki,33
2860,Lucy,Garcia,Media,University of Amsterdam,39
2861,Marta,Lombardi,Software,University of Tartu,27
2862,Olivia,Baker,Software,The University of Manchester,30
2863,Natalie,Jones,Consumer Products & Services,Tel Aviv University,23
2864,Thomas,Harris,Consumer Products & Services,University of Patras,29
2865,Leah,Jackson,Business Products & Services,Jagiellonian University,26
2866,William,Lewis,IT System Development,Pompeu Fabra University,30
2867,Gregory,Anderson,Financial Services,University of Tartu,21
2868,Evelyn,Jackson,Software,National and Kapodistrian University of Athens,28
2869,Nikos,Wright,Financial Services,Trinity College Dublin,37
2870,Paul,Hernandez,Business Products & Services,Lund University,35
2871,Grace,Walker,Construction,Technion – Israel Institute of Technology,28
2872,Oscar,Williams,Advertising & Marketing,Aarhus University,38
2873,Patricia,Clark,Real Estate,University of Patras,21
2874,Marta,Brown,Real Estate,The University of Edinburgh,35
2875,Irene,Sanchez,Retail,University of Copenhagen,18
2876,Dimitris,Lombardi,Advertising & Marketing,University of Barcelona,24
2877,Jasmine,Horvath,Education,Aristotle University of Thessaloniki,23
2878,Penelope,Muller,Engineering,University College London,32
2879,Angelina,Nelson,Human Resources,Aristotle University of Thessaloniki,35
2880,Eva,Davis,Software,University of Warsaw,28
2881,Vasilis,Scott,IT Management,Tel Aviv University,37
2882,Hugo,Miller,Advertising & Marketing,University of Groningen,32
2883,Eleni,Lombardi,Construction,Aristotle University of Thessaloniki,33
2884,James,Bianchi,Human Resources,Aristotle University of Thessaloniki,24
2885,Lydia,Gonzalez,Software,Eindhoven University of Technology,38
2886,Alice,Scott,Education,Pompeu Fabra University,27
2887,Roxanne,Adams,Travel & Hospitality,Technical University of Munich,29
2888,Arthur,Adams,Energy,Eindhoven University of Technology,31
2889,Andreas,Novak,Health,University of Warsaw,22
2890,Penelope,Green,Construction,Lund University,38
2891,Olivia,Scott,Insurance,National and Kapodistrian University of Athens,35
2892,Penelope,Walker,IT System Development,The University of Edinburgh,22
2893,Katerina,Muller,Business Products & Services,Lund University,20
2894,Julia,Green,Business Products & Services,University of Cambridge,40
2895,Leah,Bianchi,IT Services,KU Leuven,22
2896,Gregory,Hernandez,Logistics & Transportation,Sapienza University of Rome,34
2897,Olivia,Lopez,IT Management,Imperial College London,36
2898,Stella,Gonzalez,Software,National and Kapodistrian University of Athens,36
2899,Isabella,Martinez,Manufacturing,University of Porto,38
2900,Victor,Young,Security,University College London,29
2901,Andreas,Muller,Consumer Products & Services,Aristotle University of Thessaloniki,26
2902,Roxanne,Hernandez,Government Services,Uppsala University,18
2903,Olivia,Lopez,Energy,University of Strasbourg,35
2904,Eleni,Rossi,Real Estate,National and Kapodistrian University of Athens,38
2905,David,Hall,Education,Leiden University,21
2906,Nikoleta,Walker,Health,Aristotle University of Thessaloniki,27
2907,Daniel,Hall,Food & Beverage,Jagiellonian University,24
2908,Claire,Robinson,Food & Beverage,Trinity College Dublin,39
2909,Lucas,Miller,Financial Services,University of Groningen,40
2910,Nadia,Wright,Advertising & Marketing,Aristotle University of Thessaloniki,18
2911,Theodora,Johnson,Real Estate,Aristotle University of Thessaloniki,34
2912,Athena,Wright,Business Products & Services,Chalmers University of Technology,19
2913,Alice,Davis,Consumer Products & Services,University of Geneva,28
2914,Roxanne,Gonzalez,Health,University of Geneva,26
2915,Christos,Baker,Health,Aristotle University of Thessaloniki,24
2916,Kostas,Sanchez,Health,University College London,39
2917,Hugo,Mitchell,IT Management,University of Helsinki,34
2918,Vasilis,Robinson,Advertising & Marketing,Technical University of Munich,34
2919,Jasmine,Lee,Business Products & Services,National and Kapodistrian University of Athens,19
2920,Diana,Wright,Human Resources,Aristotle University of Thessaloniki,23
2921,Thomas,Nielsen,Business Products & Services,University of Amsterdam,31
2922,Claire,Lopez,Construction,Aristotle University of Thessaloniki,23
2923,Alice,Nielsen,Logistics & Transportation,Leiden University,19
2924,Roman,Kowalski,IT Management,University of Copenhagen,18
2925,Andrew,Novak,Travel & Hospitality,University of Oxford,27
2926,Christina,Brown,Manufacturing,Jagiellonian University,38
2927,Dimitris,Scott,Advertising & Marketing,University of Patras,22
2928,Joseph,Williams,Financial Services,Trinity College Dublin,19
2929,Matthew,Hernandez,Construction,Imperial College London,39
2930,Robert,Miller,Telecommunications,University of Patras,33
2931,Katerina,Lee,Health,Eindhoven University of Technology,19
2932,Michael,Nelson,IT Management,University College London,27
2933,Maria,Schmidt,Financial Services,Chalmers University of Technology,19
2934,Katerina,Adams,Business Products & Services,University of Patras,33
2935,Samuel,Green,Business Products & Services,University of Helsinki,33
2936,Samuel,Thomas,Manufacturing,University of Helsinki,36
2937,Stephen,Bianchi,Retail,Politecnico di Milano,24
2938,Eva,Gonzalez,Health,University of Patras,39
2939,Roman,Schmidt,Real Estate,Technion – Israel Institute of Technology,29
2940,Julia,Brown,Health,Jagiellonian University,32
2941,David,Green,Logistics & Transportation,Aristotle University of Thessaloniki,25
2942,Alice,Johnson,Construction,University of Patras,23
2943,Christos,Brown,Health,ETH Zurich,27
2944,Eleni,Lee,Construction,KU Leuven,20
2945,Marina,Robinson,Financial Services,University of Amsterdam,36
2946,Leo,Hernandez,Advertising & Marketing,EPFL,34
2947,Nikoleta,Clark,Health,National and Kapodistrian University of Athens,24
2948,Evelyn,Green,Financial Services,The University of Manchester,38
2949,Nicole,Brown,Human Resources,University of Helsinki,37
2950,Joseph,Kowalski,Environmental Services,University of Patras,21
2951,Thomas,Hall,Software,KU Leuven,31
2952,Julia,Schmidt,Software,Utrecht University,37
2953,Maya,King,Manufacturing,University of Lisbon,39
2954,Theodora,Scott,Logistics & Transportation,University of Patras,32
2955,Patricia,Thomas,Business Products & Services,Sciences Po,25
2956,Nikos,King,Government Services,University of Copenhagen,38
2957,Andrew,Lewis,Software,Technical University of Munich,32
2958,Stella,Kowalski,Software,Aalto University,39
2959,Gregory,Novak,Consumer Products & Services,University of Strasbourg,37
2960,Diana,Williams,Advertising & Marketing,National and Kapodistrian University of Athens,31
2961,Julia,Moore,Real Estate,University of Tartu,26
2962,Daniel,Davis,Retail,University College Dublin,25
2963,Nikoleta,Allen,Human Resources,Aarhus University,34
2964,Christos,Thomas,Health,Eindhoven University of Technology,19
2965,Alexandra,Martin,Business Products & Services,Aristotle University of Thessaloniki,20
2966,Rebecca,Horvath,Energy,The University of Manchester,25
2967,Marta,Gonzalez,Construction,Ludwig Maximilian University of Munich,29
2968,Alex,Jones,Manufacturing,Aristotle University of Thessaloniki,18
2969,Andreas,Horvath,Logistics & Transportation,University of Geneva,27
2970,Christina,Moore,Financial Services,Technical University of Munich,37
2971,Mark,Wright,Insurance,University of Barcelona,20
2972,Evelyn,Moore,Energy,University of Patras,23
2973,Victor,Adams,Manufacturing,University of Cambridge,24
2974,George,Rossi,Real Estate,University of Cambridge,37
2975,Laura,Mitchell,Manufacturing,University of Strasbourg,40
2976,Marina,Smith,Health,University College Dublin,35
2977,Emily,Williams,Health,EPFL,28
2978,Laura,Robinson,Health,University of Patras,36
2979,Nicole,Moore,Advertising & Marketing,Aristotle University of Thessaloniki,22
2980,Michael,Novak,Logistics & Transportation,University of Patras,36
2981,Veronica,Garcia,Human Resources,Aristotle University of Thessaloniki,28
2982,Oscar,Lopez,IT Management,University of Cambridge,29
2983,Christina,Smith,Government Services,Aristotle University of Thessaloniki,27
2984,Rebecca,Jackson,Government Services,University of Patras,25
2985,Laura,Lombardi,Software,Stockholm University,26
2986,Matthew,Harris,Advertising & Marketing,University of Patras,21
2987,Helen,Thomas,IT Management,University of Barcelona,22
2988,Harris,Robinson,Business Products & Services,Politecnico di Milano,38
2989,Marina,Martin,Software,University of Patras,25
2990,Veronica,Lewis,Insurance,University of Warsaw,40
2991,Veronica,Walker,Consumer Products & Services,University of Vienna,26
2992,Thomas,Williams,Energy,National and Kapodistrian University of Athens,32
2993,Veronica,Anderson,Construction,Aristotle University of Thessaloniki,32
2994,Alexandra,Anderson,Retail,University of Geneva,33
2995,Diana,Carter,Education,ETH Zurich,31
2996,Chloe,Jackson,Business Products & Services,National and Kapodistrian University of Athens,25
2997,Christina,Mitchell,Energy,University of Groningen,35
2998,Claire,Lombardi,Business Products & Services,Trinity College Dublin,27
2999,Andreas,Thompson,Advertising & Marketing,University of Patras,37
3000,Kostas,Hall,Telecommunications,University of Bern,23
3001,Jack,Kowalski,Human Resources,EPFL,29
3002,Chloe,Adams,Construction,University of Helsinki,19
3003,Katerina,Horvath,Financial Services,Sapienza University of Rome,24
3004,Nikos,Rossi,Retail,University of Warsaw,33
3005,Evelyn,Lee,Travel & Hospitality,University of Amsterdam,20
3006,Matthew,Moore,Advertising & Marketing,National and Kapodistrian University of Athens,30
3007,Zoe,Bianchi,IT Management,Aristotle University of Thessaloniki,20
3008,Liam,Schmidt,Food & Beverage,Sciences Po,35
3009,Helen,White,Financial Services,University of Belgrade,28
3010,Gregory,Perez,Construction,Delft University of Technology,25
3011,Philip,Novak,Financial Services,University of Strasbourg,23
3012,Gregory,Smith,Security,Eindhoven University of Technology,18
3013,Chloe,Perez,Logistics & Transportation,University of Patras,18
3014,Samuel,Perez,Human Resources,University of Vienna,40
3015,Leo,Robinson,Consumer Products & Services,Aristotle University of Thessaloniki,25
3016,Vasilis,White,Retail,Ghent University,22
3017,Alex,Hernandez,Business Products & Services,University of Oxford,33
3018,Timothy,Nielsen,Advertising & Marketing,University of Amsterdam,28
3019,Alice,Wright,Software,National and Kapodistrian University of Athens,22
3020,Anna,Thompson,Government Services,Aalto University,21
3021,Leah,Carter,Consumer Products & Services,Sapienza University of Rome,23
3022,Chloe,Smith,Logistics & Transportation,Charles University,31
3023,Andrew,Rossi,Energy,Sapienza University of Rome,39
3024,Andreas,Novak,IT Management,Charles University,36
3025,Kostas,Walker,Government Services,National and Kapodistrian University of Athens,26
3026,William,Williams,Software,KU Leuven,29
3027,Timothy,Novak,Software,Chalmers University of Technology,28
3028,Helen,Nielsen,Business Products & Services,University of Copenhagen,31
3029,Maya,Young,Insurance,University of Ljubljana,40
3030,Peter,Martinez,Business Products & Services,University of Patras,33
3031,Theodora,Lombardi,Software,Aarhus University,18
3032,Nadia,Novak,Health,University of Helsinki,30
3033,Peter,Martin,Health,University of Bern,40
3034,George,Jones,IT Management,Sciences Po,38
3035,Elisa,Rossi,Government Services,Pompeu Fabra University,38
3036,Lucy,Garcia,Construction,Aristotle University of Thessaloniki,30
3037,Olivia,Garcia,Health,University of Cambridge,19
3038,Stella,Taylor,IT System Development,University of Patras,21
3039,Alexandra,Wright,Consumer Products & Services,EPFL,23
3040,Benjamin,Jones,Government Services,The University of Edinburgh,40
3041,Angelina,Thomas,Real Estate,University of Lisbon,22
3042,Joseph,Green,Consumer Products & Services,Jagiellonian University,20
3043,Elisa,Gonzalez,Manufacturing,University of Patras,18
3044,Adrian,Taylor,Business Products & Services,University of Patras,21
3045,Victor,Schmidt,Health,Technical University of Munich,37
3046,Adrian,Thompson,Consumer Products & Services,University of Barcelona,19
3047,Maya,Kowalski,Business Products & Services,The University of Edinburgh,22
3048,Lydia,Horvath,Financial Services,The University of Edinburgh,20
3049,Veronica,Novak,Insurance,Chalmers University of Technology,26
3050,Victor,Walker,Computer Hardware,National and Kapodistrian University of Athens,37
3051,Elisa,Lopez,Health,University of Patras,23
3052,Bianca,Green,Consumer Products & Services,Aristotle University of Thessaloniki,35
3053,Timothy,Lopez,Software,University of Patras,23
3054,Eleni,Lopez,Health,Aarhus University,36
3055,Leah,Adams,IT Management,University of Tartu,29
3056,Natalie,Thompson,Business Products & Services,Aristotle University of Thessaloniki,28
3057,Martin,Davis,Logistics & Transportation,University of Tartu,19
3058,Evelyn,Muller,Software,Trinity College Dublin,32
3059,Olivia,Garcia,Advertising & Marketing,National and Kapodistrian University of Athens,29
3060,George,Walker,Human Resources,University of Oxford,29
3061,Diana,Hernandez,Software,Aristotle University of Thessaloniki,26
3062,Christina,Miller,Consumer Products & Services,National and Kapodistrian University of Athens,38
3063,Oscar,Baker,Construction,University of Patras,19
3064,Ivy,Wright,IT Management,University of Porto,39
3065,Penelope,Hernandez,Business Products & Services,Charles University,20
3066,Georgia,Martinez,Consumer Products & Services,University of Lisbon,29
3067,Matthew,Scott,Media,National and Kapodistrian University of Athens,33
3068,Timothy,Williams,Construction,Jagiellonian University,38
3069,Stella,Sanchez,Logistics & Transportation,University of Ljubljana,18
3070,Peter,Sanchez,Travel & Hospitality,Delft University of Technology,38
3071,Olivia,Davis,Construction,EPFL,20
3072,Diana,Garcia,IT Management,Tel Aviv University,37
3073,James,Martin,Food & Beverage,University of Vienna,19
3074,Gregory,Williams,Logistics & Transportation,Aarhus University,26
3075,Kostas,Robinson,Advertising & Marketing,University of Oxford,36
3076,Jasmine,Thomas,Business Products & Services,University of Groningen,32
3077,Marta,Miller,Security,ETH Zurich,35
3078,Jason,Muller,Software,University of Strasbourg,28
3079,Thomas,Novak,Advertising & Marketing,National and Kapodistrian University of Athens,40
3080,Zoe,Jones,Software,University of Strasbourg,33
3081,Maria,Jackson,Business Products & Services,University of Belgrade,39
3082,Arthur,Hall,Environmental Services,University of Geneva,34
3083,Gregory,Mitchell,Consumer Products & Services,Charles University,22
3084,Thomas,Lewis,IT Management,University of Belgrade,29
3085,Michael,Young,Manufacturing,KU Leuven,28
3086,Maya,Schmidt,IT System Development,University of Cambridge,32
3087,Maya,Anderson,Advertising & Marketing,Ghent University,20
3088,Daniel,Young,Advertising & Marketing,University of Patras,18
3089,Patricia,Carter,Real Estate,Eindhoven University of Technology,37
3090,Catherine,Nielsen,Business Products & Services,Aristotle University of Thessaloniki,33
3091,Nicole,Williams,Business Products & Services,University of Patras,19
3092,Christina,Lombardi,Food & Beverage,University of Oxford,19
3093,Anthony,King,IT Management,University of Amsterdam,20
3094,Evelyn,Nielsen,Construction,University of Cambridge,25
3095,Daniel,Hernandez,Government Services,University of Geneva,32
3096,Helen,Nielsen,Financial Services,Ghent University,24
3097,Laura,Moore,Insurance,University of Bern,23
3098,Diana,Dubois,Financial Services,Aalto University,26
3099,Catherine,Gonzalez,Construction,University College Dublin,37
3100,Julia,Williams,Food & Beverage,University of Oxford,18
3101,Christopher,Adams,Business Products & Services,Stockholm University,25
3102,Jack,Smith,Government Services,The University of Manchester,40
3103,Harris,Anderson,Advertising & Marketing,University of Warsaw,40
3104,Georgia,Harris,Software,National and Kapodistrian University of Athens,20
3105,Vasilis,Thompson,Engineering,Lund University,21
3106,Zoe,Thomas,Financial Services,National and Kapodistrian University of Athens,32
3107,Benjamin,Clark,Retail,National and Kapodistrian University of Athens,23
3108,Isabella,Allen,Software,Aristotle University of Thessaloniki,32
3109,Adrian,Hernandez,IT System Development,Eindhoven University of Technology,38
3110,Maria,Bianchi,Advertising & Marketing,Politecnico di Milano,20
3111,Theodora,Brown,Human Resources,Politecnico di Milano,38
3112,Jason,Walker,Logistics & Transportation,Sapienza University of Rome,38
3113,Peter,Robinson,Food & Beverage,University of Vienna,31
3114,Lucy,Anderson,Advertising & Marketing,University of Geneva,37
3115,Julia,Lopez,Health,The University of Manchester,31
3116,Peter,King,Construction,University College Dublin,21
3117,Marta,Jones,Health,KU Leuven,29
3118,Anna,Martin,Business Products & Services,Aalto University,34
3119,Eleni,Thomas,Retail,Aristotle University of Thessaloniki,24
3120,Eva,Rossi,Business Products & Services,University of Ljubljana,26
3121,Diana,Hernandez,Retail,Technical University of Munich,20
3122,Katerina,Harris,Construction,Utrecht University,30
3123,Maya,Lombardi,Advertising & Marketing,KU Leuven,32
3124,Claire,Dubois,Logistics & Transportation,Chalmers University of Technology,35
3125,Veronica,Young,Computer Hardware,Aalto University,36
3126,Andreas,Johnson,Advertising & Marketing,ETH Zurich,18
3127,Gregory,Young,Manufacturing,National and Kapodistrian University of Athens,23
3128,Grace,Jones,Telecommunications,University of Cambridge,40
3129,George,Jackson,Software,University of Helsinki,19
3130,Elisa,Carter,Security,Utrecht University,31
3131,Lucy,Scott,Government Services,University of Cambridge,23
3132,Leo,Lopez,Business Products & Services,University of Helsinki,31
3133,Georgia,Baker,Government Services,University of Patras,21
3134,Penelope,Taylor,Telecommunications,University of Belgrade,38
3135,Nadia,Anderson,Construction,University of Tartu,25
3136,Maya,Baker,Financial Services,The University of Edinburgh,20
3137,Nicholas,Gonzalez,IT System Development,University of Geneva,36
3138,John,Brown,Telecommunications,Aristotle University of Thessaloniki,31
3139,Roxanne,Garcia,Health,University of Patras,37
3140,Georgia,Kowalski,IT System Development,National and Kapodistrian University of Athens,34
3141,Alex,Jones,IT Management,Charles University,25
3142,Christopher,Perez,Business Products & Services,University of Geneva,31
3143,Nikoleta,Scott,Human Resources,Trinity College Dublin,23
3144,Robert,Green,Computer Hardware,Delft University of Technology,40
3145,Robert,Johnson,Education,National and Kapodistrian University of Athens,39
3146,Patricia,Mitchell,Advertising & Marketing,University of Amsterdam,33
3147,Lucas,Dubois,Advertising & Marketing,University of Oslo,36
3148,Noah,Taylor,Health,National and Kapodistrian University of Athens,31
3149,Peter,Dubois,Consumer Products & Services,National and Kapodistrian University of Athens,36
3150,Ivy,Gonzalez,IT System Development,University of Patras,20
3151,Alexandra,Lewis,Health,Aarhus University,27
3152,Harris,Williams,Software,University of Bern,36
3153,Laura,Anderson,Government Services,Uppsala University,26
3154,Maria,Davis,Real Estate,Uppsala University,37
3155,Angelina,Kowalski,Travel & Hospitality,University of Barcelona,30
3156,Nikoleta,Martin,Security,University of Cambridge,24
3157,Bianca,Smith,Real Estate,National and Kapodistrian University of Athens,31
3158,Robert,Robinson,Health,KTH Royal Institute of Technology,26
3159,Grace,Smith,Real Estate,University of Ljubljana,40
3160,Veronica,Adams,Construction,National and Kapodistrian University of Athens,36
3161,Dimitris,Brown,Software,University of Amsterdam,32
3162,Matthew,Robinson,IT System Development,University of Ljubljana,37
3163,Alice,Nielsen,Food & Beverage,Eindhoven University of Technology,31
3164,Eleni,Adams,Advertising & Marketing,Sciences Po,23
3165,Vasilis,Garcia,Real Estate,Leiden University,38
3166,Oscar,Martin,Government Services,Delft University of Technology,21
3167,Jasmine,Muller,Government Services,Leiden University,25
3168,Martin,Rossi,Software,Technical University of Munich,34
3169,Joseph,Williams,Insurance,Trinity College Dublin,26
3170,Sofia,Adams,Construction,National and Kapodistrian University of Athens,18
3171,Philip,Green,Advertising & Marketing,Jagiellonian University,37
3172,Evelyn,Jones,Financial Services,Eindhoven University of Technology,31
3173,Noah,Johnson,Retail,University of Zurich,28
3174,Irene,Bianchi,Health,Lund University,38
3175,Hugo,Sanchez,Engineering,Aarhus University,20
3176,Irene,Adams,Business Products & Services,Utrecht University,26
3177,Patricia,Bianchi,Energy,Sapienza University of Rome,31
3178,Marina,Robinson,IT Services,Pompeu Fabra University,26
3179,Grace,Lopez,Advertising & Marketing,University of Patras,21
3180,Roxanne,Kowalski,Real Estate,University of Warsaw,21
3181,Michael,Mitchell,Government Services,University of Warsaw,25
3182,Nadia,Robinson,Food & Beverage,University of Geneva,19
3183,Adrian,Young,Advertising & Marketing,Utrecht University,26
3184,Paula,Schmidt,Advertising & Marketing,University of Strasbourg,31
3185,Angelina,Jackson,Advertising & Marketing,University of Lisbon,39
3186,Lucas,Kowalski,Health,National and Kapodistrian University of Athens,26
3187,Thomas,Wright,Manufacturing,The University of Manchester,40
3188,Stephen,Mitchell,Advertising & Marketing,National and Kapodistrian University of Athens,33
3189,Arthur,Thompson,Retail,University of Patras,34
3190,Alice,Clark,Real Estate,University of Copenhagen,33
3191,Sofia,Rossi,Software,Technical University of Munich,29
3192,Alex,Allen,Logistics & Transportation,Chalmers University of Technology,20
3193,Paul,Sanchez,Real Estate,Aristotle University of Thessaloniki,28
3194,Grace,Anderson,Real Estate,University of Barcelona,31
3195,Patricia,Allen,Government Services,National and Kapodistrian University of Athens,35
3196,Noah,Green,Consumer Products & Services,University of Patras,38
3197,Hugo,Lewis,Government Services,Delft University of Technology,38
3198,Sofia,Martin,Construction,University of Groningen,22
3199,James,Anderson,Security,University of Oxford,33
3200,Arthur,Lopez,Human Resources,Tel Aviv University,37
3201,Isabella,Rossi,Business Products & Services,University College Dublin,22
3202,Christos,Dubois,Telecommunications,University of Zurich,20
3203,Stella,Thomas,Education,University of Cambridge,29
3204,Arthur,Robinson,Advertising & Marketing,University of Patras,18
3205,Hugo,Thompson,Advertising & Marketing,National and Kapodistrian University of Athens,38
3206,Christos,Taylor,Construction,University of Warsaw,26
3207,Martin,Lewis,Government Services,Aristotle University of Thessaloniki,26
3208,Mark,Schmidt,Software,Aristotle University of Thessaloniki,21
3209,Kostas,Johnson,Advertising & Marketing,Pompeu Fabra University,20
3210,Paula,Hall,Human Resources,EPFL,34
3211,Lucas,Lee,Logistics & Transportation,University of Strasbourg,19
3212,Leah,Anderson,Manufacturing,National and Kapodistrian University of Athens,18
3213,Alexandra,Williams,Business Products & Services,University of Bern,25
3214,Adrian,Allen,Real Estate,Aristotle University of Thessaloniki,30
3215,Andreas,Perez,Construction,Aristotle University of Thessaloniki,40
3216,Jack,Horvath,Health,University College Dublin,32
3217,Zoe,Green,Retail,Aristotle University of Thessaloniki,25
3218,Victor,Martin,Real Estate,University of Groningen,29
3219,Max,Walker,Business Products & Services,The University of Manchester,39
3220,Peter,Martinez,Consumer Products & Services,Utrecht University,29
3221,Natalie,Rossi,Financial Services,Jagiellonian University,31
3222,Victor,Clark,Real Estate,Sciences Po,32
3223,Robert,Moore,Logistics & Transportation,Charles University,32
3224,Angelina,Walker,Food & Beverage,National and Kapodistrian University of Athens,26
3225,Dimitris,Perez,Advertising & Marketing,University of Lisbon,36
3226,Leo,Perez,Manufacturing,Leiden University,37
3227,Victor,Allen,Manufacturing,Utrecht University,39
3228,Elisa,Dubois,Health,National and Kapodistrian University of Athens,25
3229,Robert,Young,Consumer Products & Services,Ghent University,38
3230,Stella,Young,Security,Technion – Israel Institute of Technology,36
3231,James,Robinson,IT System Development,Sciences Po,23
3232,Martin,Allen,Financial Services,University of Strasbourg,37
3233,Christopher,Lewis,Consumer Products & Services,Aalto University,36
3234,Samuel,Harris,Advertising & Marketing,Imperial College London,21
3235,Peter,Gonzalez,Health,Trinity College Dublin,40
3236,Julia,Lombardi,Insurance,University of Lisbon,24
3237,Chloe,Walker,Financial Services,Uppsala University,21
3238,Eleni,Martinez,IT Management,University of Geneva,39
3239,Adrian,Dubois,Real Estate,Ludwig Maximilian University of Munich,29
3240,Eleni,Scott,Software,Stockholm University,30
3241,Stella,Moore,Advertising & Marketing,Delft University of Technology,20
3242,Penelope,Jackson,Human Resources,Ludwig Maximilian University of Munich,39
3243,Roxanne,Moore,Consumer Products & Services,KU Leuven,29
3244,Timothy,Horvath,Business Products & Services,Ghent University,19
3245,Victoria,Hernandez,Software,Jagiellonian University,19
3246,Alice,Adams,Advertising & Marketing,Aristotle University of Thessaloniki,40
3247,Olivia,Hernandez,IT Management,University of Tartu,26
3248,Nicholas,Dubois,Manufacturing,The University of Edinburgh,18
3249,Laura,Lombardi,Financial Services,Aristotle University of Thessaloniki,25
3250,Stella,Mitchell,Software,National and Kapodistrian University of Athens,40
3251,Andrew,Lewis,Software,University of Zurich,23
3252,Jack,Allen,Health,Politecnico di Milano,23
3253,Nikoleta,Baker,Financial Services,University of Tartu,39
3254,Dimitris,Muller,Consumer Products & Services,University of Cambridge,35
3255,Matthew,Perez,Business Products & Services,Politecnico di Milano,34
3256,Victoria,Lewis,Logistics & Transportation,University of Warsaw,29
3257,Laura,Bianchi,Manufacturing,Imperial College London,23
3258,Penelope,Lee,Software,National and Kapodistrian University of Athens,25
3259,Martin,Moore,IT Management,Aristotle University of Thessaloniki,36
3260,Leah,Walker,IT System Development,Aristotle University of Thessaloniki,27
3261,William,Anderson,Real Estate,Lund University,18
3262,Zoe,Sanchez,Manufacturing,The University of Manchester,30
3263,Lydia,Davis,Consumer Products & Services,Aristotle University of Thessaloniki,34
3264,Alice,Green,Financial Services,Aalto University,20
3265,Christopher,Bianchi,Software,Delft University of Technology,25
3266,Jasmine,Young,Government Services,Lund University,31
3267,Victor,Lee,Health,University of Cambridge,20
3268,Daniel,Nielsen,Health,University College London,33
3269,Sofia,Mitchell,Software,University of Amsterdam,30
3270,Grace,Perez,Health,Politecnico di Milano,37
3271,Andreas,Brown,Health,University of Patras,34
3272,Anthony,Hernandez,Advertising & Marketing,University of Patras,30
3273,Andrew,Moore,IT Management,The University of Edinburgh,23
3274,Natalie,Harris,Construction,University College London,34
3275,Hugo,Baker,Real Estate,University of Patras,31
3276,Roman,Taylor,Environmental Services,University of Tartu,34
3277,Penelope,Lombardi,Health,National and Kapodistrian University of Athens,25
3278,Nikoleta,Robinson,Financial Services,National and Kapodistrian University of Athens,28
3279,Nikoleta,Scott,Software,University of Geneva,37
3280,Christina,Hall,Education,Aalto University,18
3281,Eleni,Thomas,Advertising & Marketing,University of Patras,24
3282,Stephen,Young,IT Management,University of Tartu,38
3283,Alex,Johnson,Engineering,University of Vienna,38
3284,Spyros,Novak,Business Products & Services,Aristotle University of Thessaloniki,34
3285,Vasilis,Moore,Financial Services,Aristotle University of Thessaloniki,27
3286,Ivy,Robinson,Software,University of Amsterdam,28
3287,Anna,Adams,Business Products & Services,Technion – Israel Institute of Technology,39
3288,Marina,Lombardi,Construction,Ludwig Maximilian University of Munich,26
3289,Leah,Thomas,Business Products & Services,University of Patras,26
3290,Elisa,White,Security,Pompeu Fabra University,22
3291,John,Schmidt,Construction,University of Patras,34
3292,Laura,Kowalski,Construction,University of Oxford,26
3293,Penelope,Adams,Travel & Hospitality,University of Lisbon,34
3294,Nicholas,Nielsen,Software,Aristotle University of Thessaloniki,38
3295,Sofia,Anderson,Advertising & Marketing,University of Copenhagen,36
3296,Angelina,Bianchi,IT Management,University of Patras,24
3297,John,Walker,Consumer Products & Services,Aristotle University of Thessaloniki,40
3298,Leo,Adams,Construction,Aristotle University of Thessaloniki,26
3299,Grace,Hernandez,Business Products & Services,Aristotle University of Thessaloniki,24
3300,Theodora,Anderson,Human Resources,National and Kapodistrian University of Athens,30
3301,Laura,Perez,Real Estate,National and Kapodistrian University of Athens,28
3302,Julia,Gonzalez,Insurance,Technical University of Munich,31
3303,Alex,Allen,Consumer Products & Services,Chalmers University of Technology,36
3304,Roxanne,Jackson,Construction,Chalmers University of Technology,28
3305,Gregory,Schmidt,Health,Sapienza University of Rome,30
3306,Marta,Martinez,Construction,University of Patras,31
3307,Adrian,Muller,Consumer Products & Services,University of Patras,30
3308,Victoria,Wright,Manufacturing,National and Kapodistrian University of Athens,18
3309,Anna,Gonzalez,Media,Technion – Israel Institute of Technology,25
3310,Angelina,Mitchell,Food & Beverage,Politecnico di Milano,29
3311,Marta,Muller,Business Products & Services,University of Oxford,36
3312,Leah,Mitchell,Software,University of Patras,29
3313,Katerina,Scott,IT System Development,University of Barcelona,25
3314,Nicole,Schmidt,Business Products & Services,National and Kapodistrian University of Athens,25
3315,Max,Rossi,Business Products & Services,National and Kapodistrian University of Athens,38
3316,Lucy,Williams,Manufacturing,University of Cambridge,30
3317,Chloe,Kowalski,Construction,Aristotle University of Thessaloniki,29
3318,George,Davis,Software,University of Amsterdam,33
3319,Anna,Jones,Business Products & Services,Pompeu Fabra University,18
3320,Roxanne,Miller,Logistics & Transportation,University of Lisbon,30
3321,Nicole,Johnson,Health,University of Strasbourg,24
3322,Stephen,Smith,Business Products & Services,University of Patras,22
3323,Victor,Brown,Energy,National and Kapodistrian University of Athens,25
3324,Arthur,Harris,Software,University of Oxford,31
3325,Andrew,Miller,Human Resources,University of Patras,40
3326,Michael,Gonzalez,Software,Pompeu Fabra University,30
3327,Lydia,Clark,IT Management,University of Bern,32
3328,Hugo,Hernandez,Construction,University College London,40
3329,Angelina,Schmidt,Telecommunications,Delft University of Technology,34
3330,Sara,Anderson,Business Products & Services,ETH Zurich,32
3331,Harris,Moore,Construction,University of Patras,37
3332,George,Lee,Advertising & Marketing,Charles University,35
3333,Alice,Jones,Software,Aristotle University of Thessaloniki,35
3334,Peter,Lewis,Insurance,Sapienza University of Rome,19
3335,Nikos,Mitchell,Media,Sapienza University of Rome,21
3336,Roxanne,Gonzalez,IT Management,National and Kapodistrian University of Athens,18
3337,Nicole,Nelson,Retail,University of Barcelona,21
3338,Helen,Young,IT Management,National and Kapodistrian University of Athens,35
3339,Gregory,Sanchez,Retail,University of Belgrade,22
3340,Nadia,Harris,Financial Services,Lund University,36
3341,Noah,Horvath,Construction,Lund University,32
3342,Samuel,Thomas,Retail,Aristotle University of Thessaloniki,25
3343,Nikos,Lopez,IT Services,University of Porto,37
3344,Chloe,Lee,Consumer Products & Services,University of Oxford,34
3345,Grace,Davis,Logistics & Transportation,Politecnico di Milano,18
3346,Penelope,Baker,Construction,Politecnico di Milano,29
3347,William,Taylor,Construction,Charles University,36
3348,Eva,Anderson,IT Management,Aarhus University,32
3349,Timothy,Taylor,Government Services,The University of Manchester,26
3350,Laura,Perez,Advertising & Marketing,Ghent University,24
3351,Ivy,Garcia,Retail,Aristotle University of Thessaloniki,19
3352,Laura,Green,IT Management,Delft University of Technology,26
3353,Eleni,Mitchell,Government Services,Aristotle University of Thessaloniki,27
3354,Anthony,Perez,IT Services,University of Patras,19
3355,Georgia,Taylor,Advertising & Marketing,University of Warsaw,36
3356,Matthew,Baker,IT Management,University of Barcelona,28
3357,Gregory,Baker,Advertising & Marketing,University of Bern,30
3358,Benjamin,Rossi,Advertising & Marketing,Aristotle University of Thessaloniki,27
3359,Emily,Sanchez,Software,National and Kapodistrian University of Athens,31
3360,Martin,Novak,Advertising & Marketing,University of Patras,35
3361,Maya,White,Business Products & Services,Aalto University,36
3362,Joseph,Novak,Manufacturing,University of Patras,39
3363,Matthew,Jackson,Manufacturing,University College Dublin,26
3364,Henry,Garcia,Real Estate,Aarhus University,24
3365,Victoria,Lombardi,IT Management,The University of Manchester,20
3366,Dimitris,Anderson,Real Estate,University of Patras,37
3367,Peter,Young,Government Services,KTH Royal Institute of Technology,23
3368,Jack,Davis,Software,The University of Edinburgh,38
3369,Isabella,Muller,Software,University of Belgrade,19
3370,Arthur,Williams,Government Services,The University of Manchester,23
3371,Joseph,Martinez,Travel & Hospitality,Tel Aviv University,20
3372,Alexandra,Robinson,Construction,ETH Zurich,33
3373,Jason,Sanchez,Manufacturing,Politecnico di Milano,25
3374,Jasmine,Robinson,Business Products & Services,Aristotle University of Thessaloniki,19
3375,Paula,Sanchez,Education,University of Belgrade,34
3376,Anthony,Taylor,Construction,Tel Aviv University,26
3377,Timothy,Nielsen,Business Products & Services,Uppsala University,29
3378,Nicole,Johnson,Advertising & Marketing,University of Copenhagen,20
3379,Michael,Nelson,Government Services,University of Patras,28
3380,Jack,Novak,Software,Sciences Po,18
3381,Patricia,Lewis,Manufacturing,National and Kapodistrian University of Athens,40
3382,Christos,Young,Energy,Aalto University,30
3383,Alexandra,Nelson,Manufacturing,Technion – Israel Institute of Technology,32
3384,Paula,Adams,Software,Aalto University,22
3385,Roman,Thomas,Retail,Leiden University,38
3386,Peter,Young,Business Products & Services,Aristotle University of Thessaloniki,34
3387,Philip,Johnson,Consumer Products & Services,Tel Aviv University,40
3388,Rebecca,Wright,Health,University of Helsinki,23
3389,Philip,Lombardi,Consumer Products & Services,Chalmers University of Technology,38
3390,Christina,Adams,Health,University of Barcelona,39
3391,Emily,Clark,Software,National and Kapodistrian University of Athens,28
3392,Diana,Harris,Business Products & Services,Sciences Po,35
3393,Claire,Miller,Health,Uppsala University,21
3394,Stella,Lewis,Business Products & Services,University of Patras,20
3395,Adrian,Jones,IT System Development,National and Kapodistrian University of Athens,30
3396,Isabella,Thomas,Financial Services,Ghent University,40
3397,Jasmine,Martinez,Construction,Uppsala University,26
3398,Nicole,Mitchell,IT Management,University of Patras,38
3399,Stephen,Lee,IT System Development,University of Tartu,23
3400,Julia,Kowalski,Advertising & Marketing,University of Oxford,29
3401,Leo,Walker,Software,University of Bern,19
3402,Victoria,Anderson,Business Products & Services,ETH Zurich,20
3403,Matthew,Garcia,Health,Utrecht University,20
3404,Joseph,Lombardi,IT System Development,National and Kapodistrian University of Athens,29
3405,Paul,Hernandez,Logistics & Transportation,University of Tartu,32
3406,Daniel,Rossi,Health,Charles University,26
3407,Maya,Gonzalez,IT Management,National and Kapodistrian University of Athens,40
3408,Sofia,Lopez,IT System Development,University of Barcelona,25
3409,Vasilis,Horvath,Health,Technical University of Munich,28
3410,David,Miller,Consumer Products & Services,University of Patras,33
3411,Nicholas,Clark,Health,Leiden University,39
3412,Paul,Carter,Consumer Products & Services,University of Copenhagen,21
3413,Alex,Wright,IT System Development,University of Ljubljana,18
3414,Michael,Johnson,Business Products & Services,National and Kapodistrian University of Athens,24
3415,Helen,Mitchell,Construction,University of Lisbon,19
3416,Liam,Nelson,Education,University of Geneva,22
3417,Adrian,Perez,Health,Ludwig Maximilian University of Munich,24
3418,Diana,Taylor,Business Products & Services,University of Bern,21
3419,William,Lewis,Government Services,Aristotle University of Thessaloniki,22
3420,Emily,Thompson,Health,Technion – Israel Institute of Technology,18
3421,Noah,Hernandez,Insurance,University of Patras,18
3422,Paul,King,Insurance,University of Porto,32
3423,Nicole,White,Real Estate,University of Zurich,37
3424,Emily,Scott,Financial Services,University of Bern,36
3425,Ivy,Johnson,Logistics & Transportation,University of Bern,27
3426,Nikoleta,Wright,Consumer Products & Services,University of Warsaw,35
3427,Nikos,Gonzalez,Construction,University of Warsaw,20
3428,Nadia,Taylor,Retail,University of Groningen,28
3429,Alex,Brown,IT System Development,Aarhus University,32
3430,Maria,Bianchi,Consumer Products & Services,University of Patras,28
3431,Sara,Jackson,Energy,Stockholm University,34
3432,Eleni,Novak,Advertising & Marketing,Tel Aviv University,34
3433,Jason,Lee,Travel & Hospitality,The University of Edinburgh,23
3434,Georgia,Thompson,IT Services,Trinity College Dublin,22
3435,Michael,Young,Travel & Hospitality,University of Belgrade,25
3436,Arthur,Hall,Construction,Delft University of Technology,19
3437,Marta,Harris,Logistics & Transportation,University College Dublin,33
3438,Spyros,Williams,Advertising & Marketing,Aalto University,37
3439,Nikoleta,White,Security,Charles University,29
3440,Victoria,Schmidt,Software,University of Copenhagen,23
3441,Max,Muller,Software,University of Bern,18
3442,Thomas,Lombardi,Government Services,Chalmers University of Technology,21
3443,Lucy,Allen,Engineering,EPFL,34
3444,Laura,Lombardi,Environmental Services,Aristotle University of Thessaloniki,30
3445,John,Miller,Advertising & Marketing,National and Kapodistrian University of Athens,35
3446,Adrian,Harris,Software,National and Kapodistrian University of Athens,22
3447,Arthur,Baker,IT Services,Ghent University,20
3448,Olivia,Williams,Business Products & Services,University of Tartu,28
3449,Maria,Martinez,Business Products & Services,University of Barcelona,30
3450,Lucy,Mitchell,Consumer Products & Services,Aristotle University of Thessaloniki,21
3451,Helen,Smith,Health,University of Oxford,31
3452,Leah,Schmidt,Advertising & Marketing,Sciences Po,39
3453,Benjamin,Adams,Business Products & Services,University of Patras,28
3454,Maria,Johnson,Software,University of Patras,27
3455,Roxanne,Lee,Education,University College London,36
3456,Elisa,Robinson,Consumer Products & Services,Tel Aviv University,35
3457,James,Hernandez,IT System Development,University of Helsinki,23
3458,Christopher,Sanchez,Consumer Products & Services,University of Tartu,32
3459,Michael,Robinson,Security,University of Amsterdam,38
3460,Maya,Robinson,Financial Services,ETH Zurich,27
3461,Elisa,Williams,Software,Ludwig Maximilian University of Munich,22
3462,Alice,Novak,Business Products & Services,University of Helsinki,22
3463,Leo,Kowalski,Health,National and Kapodistrian University of Athens,27
3464,Noah,White,Software,The University of Edinburgh,22
3465,Marina,Novak,Business Products & Services,University of Porto,20
3466,Ivy,Robinson,Construction,National and Kapodistrian University of Athens,40
3467,Sara,Harris,Government Services,Aristotle University of Thessaloniki,23
3468,Leo,Lewis,Advertising & Marketing,Tel Aviv University,21
3469,Helen,King,Security,The University of Manchester,35
3470,Ivy,Hall,Health,Aristotle University of Thessaloniki,26
3471,Maria,Perez,Construction,Aristotle University of Thessaloniki,34
3472,Penelope,Horvath,Human Resources,National and Kapodistrian University of Athens,30
3473,Paula,Harris,Security,Pompeu Fabra University,32
3474,Alexandra,Martinez,Health,Aristotle University of Thessaloniki,37
3475,Max,Clark,IT Management,University of Groningen,34
3476,Sara,Dubois,Construction,Trinity College Dublin,30
3477,Zoe,Thompson,Software,University of Strasbourg,33
3478,Robert,Baker,Business Products & Services,University of Groningen,39
3479,Katerina,Hernandez,Financial Services,University of Lisbon,21
3480,Eva,Wright,Insurance,University of Warsaw,22
3481,Spyros,Lopez,IT Management,Utrecht University,22
3482,Bianca,White,Food & Beverage,Aristotle University of Thessaloniki,26
3483,Natalie,Miller,Manufacturing,University of Tartu,34
3484,Gregory,Young,Advertising & Marketing,Aalto University,30
3485,Chloe,Lombardi,Business Products & Services,University of Tartu,19
3486,Veronica,Miller,Business Products & Services,National and Kapodistrian University of Athens,30
3487,Jasmine,Lombardi,Consumer Products & Services,University of Helsinki,39
3488,Marina,Gonzalez,Energy,Technical University of Munich,38
3489,Oscar,King,Government Services,Aristotle University of Thessaloniki,40
3490,Angelina,Garcia,IT System Development,National and Kapodistrian University of Athens,36
3491,Alex,Johnson,Financial Services,National and Kapodistrian University of Athens,20
3492,Athena,Martinez,Software,Tel Aviv University,27
3493,Andreas,Muller,Health,University of Helsinki,19
3494,Victoria,Davis,Advertising & Marketing,Aristotle University of Thessaloniki,30
3495,Dimitris,Jackson,Software,KTH Royal Institute of Technology,36
3496,Julia,Jones,Telecommunications,Aalto University,34
3497,Laura,Thomas,Health,National and Kapodistrian University of Athens,38
3498,Harris,Lewis,Health,Technical University of Munich,31
3499,Georgia,Jones,Advertising & Marketing,University of Oxford,29
3500,Nicholas,Anderson,Education,Pompeu Fabra University,38
3501,Vasilis,Adams,Government Services,The University of Edinburgh,29
3502,Martin,Jackson,Manufacturing,Jagiellonian University,28
3503,Christopher,Nielsen,Business Products & Services,KU Leuven,24
3504,Diana,Miller,Retail,Ludwig Maximilian University of Munich,21
3505,Noah,Jones,Engineering,Aristotle University of Thessaloniki,36
3506,Eleni,Smith,Travel & Hospitality,University of Ljubljana,18
3507,Vasilis,Dubois,Business Products & Services,Aristotle University of Thessaloniki,20
3508,Andrew,Smith,Health,Sapienza University of Rome,30
3509,Eleni,Schmidt,IT Management,University of Bern,32
3510,Bianca,Harris,Consumer Products & Services,University of Zurich,19
3511,Bianca,Mitchell,Human Resources,ETH Zurich,28
3512,Laura,Jones,Advertising & Marketing,Aristotle University of Thessaloniki,21
3513,Richard,Anderson,Business Products & Services,University of Amsterdam,36
3514,William,Nelson,Software,The University of Edinburgh,34
3515,Dimitris,Rossi,Software,University of Patras,20
3516,Sara,Allen,Retail,The University of Edinburgh,35
3517,Helen,Rossi,Government Services,Jagiellonian University,25
3518,Alex,Harris,Financial Services,University of Copenhagen,39
3519,Peter,Lombardi,Software,Jagiellonian University,36
3520,Thomas,Davis,Advertising & Marketing,The University of Edinburgh,22
3521,Roxanne,Mitchell,Human Resources,Sciences Po,24
3522,Martin,Garcia,Software,National and Kapodistrian University of Athens,38
3523,Anna,Brown,Financial Services,National and Kapodistrian University of Athens,25
3524,Nadia,Horvath,Real Estate,National and Kapodistrian University of Athens,22
3525,Jasmine,Martinez,IT Management,University of Patras,34
3526,George,Hernandez,IT Management,University of Patras,22
3527,Richard,Schmidt,Business Products & Services,Imperial College London,21
3528,Roxanne,Miller,Consumer Products & Services,University of Amsterdam,39
3529,Angelina,Thomas,IT Management,Technion – Israel Institute of Technology,36
3530,Stella,Miller,Retail,Aristotle University of Thessaloniki,38
3531,Andreas,Horvath,IT Management,Pompeu Fabra University,19
3532,Leah,Miller,IT Management,National and Kapodistrian University of Athens,28
3533,Zoe,Smith,Real Estate,University College London,39
3534,Maria,Hall,Retail,National and Kapodistrian University of Athens,30
3535,Nikos,Kowalski,Consumer Products & Services,University of Patras,32
3536,Patricia,Martin,Human Resources,EPFL,29
3537,Jasmine,Moore,Health,University of Warsaw,39
3538,Oscar,Brown,Real Estate,University of Patras,38
3539,Laura,Horvath,Advertising & Marketing,University of Belgrade,39
3540,Adrian,Miller,Consumer Products & Services,University of Oslo,28
3541,Sofia,Robinson,Software,Aristotle University of Thessaloniki,24
3542,Olivia,Gonzalez,Government Services,National and Kapodistrian University of Athens,22
3543,Martin,Rossi,Business Products & Services,Aristotle University of Thessaloniki,34
3544,Roxanne,Scott,Health,Utrecht University,37
3545,Lydia,Hernandez,Logistics & Transportation,Eindhoven University of Technology,26
3546,Elisa,Sanchez,Human Resources,University of Lisbon,31
3547,Lucas,Hernandez,Software,Ludwig Maximilian University of Munich,29
3548,Nadia,Horvath,Telecommunications,Sciences Po,23
3549,Christina,Wright,Manufacturing,The University of Edinburgh,34
3550,Spyros,Carter,Advertising & Marketing,Aristotle University of Thessaloniki,36
3551,Eva,Horvath,Construction,National and Kapodistrian University of Athens,36
3552,Daniel,Thomas,Education,The University of Edinburgh,33
3553,Theodora,Sanchez,Advertising & Marketing,University College Dublin,29
3554,Leah,Lopez,Media,University of Patras,29
3555,Lucy,Dubois,Construction,Delft University of Technology,37
3556,Chloe,Kowalski,Consumer Products & Services,University of Strasbourg,23
3557,Laura,Nelson,Business Products & Services,Technion – Israel Institute of Technology,40
3558,Leo,Brown,Energy,Aristotle University of Thessaloniki,21
3559,Helen,Young,Software,National and Kapodistrian University of Athens,23
3560,Richard,Thomas,IT Management,National and Kapodistrian University of Athens,28
3561,Oscar,King,Human Resources,Lund University,18
3562,Arthur,Smith,Engineering,University College London,40
3563,Alexandra,Miller,Financial Services,Technical University of Munich,32
3564,Evelyn,Thomas,Logistics & Transportation,Sapienza University of Rome,28
3565,Mark,Hernandez,Health,Eindhoven University of Technology,36
3566,Oscar,Thompson,Government Services,Aristotle University of Thessaloniki,35
3567,Arthur,Anderson,IT Management,ETH Zurich,34
3568,Ivy,Green,Health,Aristotle University of Thessaloniki,36
3569,Julia,Adams,Health,National and Kapodistrian University of Athens,38
3570,Andreas,Hernandez,Retail,University of Porto,31
3571,George,Novak,Financial Services,University of Bern,35
3572,Christos,Garcia,Software,National and Kapodistrian University of Athens,36
3573,John,Novak,Human Resources,University of Patras,32
3574,Athena,Muller,Consumer Products & Services,Tel Aviv University,32
3575,Leah,Jones,Consumer Products & Services,University of Patras,21
3576,Nikos,Hernandez,Business Products & Services,University College Dublin,24
3577,William,Thomas,Food & Beverage,University of Patras,30
3578,Jack,Gonzalez,Manufacturing,Aristotle University of Thessaloniki,20
3579,Samuel,Muller,Real Estate,University of Groningen,33
3580,Ivy,Martin,Health,Jagiellonian University,26
3581,Rebecca,Taylor,Government Services,Charles University,25
3582,Alex,Walker,Government Services,Stockholm University,37
3583,Marta,Rossi,Business Products & Services,Chalmers University of Technology,30
3584,Adrian,Nelson,Health,University of Vienna,34
3585,Christina,Lopez,Business Products & Services,Aalto University,34
3586,Georgia,Carter,Business Products & Services,University of Patras,34
3587,Kostas,Perez,Telecommunications,University of Patras,18
3588,Dimitris,King,Business Products & Services,Jagiellonian University,25
3589,Leah,Rossi,Business Products & Services,Pompeu Fabra University,36
3590,Claire,Lopez,Construction,Aarhus University,23
3591,Eva,Moore,Financial Services,Aristotle University of Thessaloniki,20
3592,Leo,Hall,Advertising & Marketing,University of Lisbon,22
3593,Lucas,Thompson,Health,University of Copenhagen,30
3594,Alex,Clark,Insurance,University of Patras,32
3595,Richard,Schmidt,IT Management,Technion – Israel Institute of Technology,31
3596,Elisa,Jackson,Food & Beverage,KU Leuven,40
3597,James,Scott,Health,University of Patras,33
3598,Andrew,Smith,Software,University of Tartu,35
3599,Lydia,Bianchi,Business Products & Services,University College London,39
3600,Joseph,Kowalski,IT Services,University of Oslo,39
3601,Noah,Thompson,Health,University of Patras,28
3602,John,Lopez,Engineering,KTH Royal Institute of Technology,20
3603,Leo,Muller,Construction,Lund University,39
3604,Thomas,Taylor,Real Estate,University of Helsinki,27
3605,Maria,Jones,Software,The University of Edinburgh,27
3606,Natalie,Brown,Telecommunications,Leiden University,38
3607,Christopher,Jones,Advertising & Marketing,University of Oslo,33
3608,Nikos,Wright,Construction,Aarhus University,29
3609,Victor,Clark,Health,University of Zurich,19
3610,George,Dubois,Advertising & Marketing,Stockholm University,26
3611,Alice,Brown,Logistics & Transportation,Chalmers University of Technology,20
3612,Henry,Mitchell,Retail,University of Amsterdam,32
3613,Anna,Muller,Consumer Products & Services,Technion – Israel Institute of Technology,20
3614,Angelina,Hall,Government Services,University of Oslo,36
3615,Patricia,Miller,Manufacturing,Delft University of Technology,35
3616,Maria,Kowalski,IT Management,Ghent University,25
3617,Evelyn,Muller,Food & Beverage,Ludwig Maximilian University of Munich,34
3618,Christina,Horvath,Logistics & Transportation,Lund University,25
3619,Nikoleta,Young,IT Services,University of Patras,24
3620,Alice,Smith,Financial Services,National and Kapodistrian University of Athens,24
3621,Matthew,Schmidt,Real Estate,National and Kapodistrian University of Athens,20
3622,Eva,Kowalski,Manufacturing,University of Patras,18
3623,Christos,Miller,Health,KTH Royal Institute of Technology,21
3624,Maya,Gonzalez,IT Management,University of Oxford,22
3625,Victor,Nelson,Construction,University of Porto,18
3626,Stephen,Nielsen,Retail,Aristotle University of Thessaloniki,32
3627,Martin,Lewis,Education,ETH Zurich,22
3628,Jason,Novak,Consumer Products & Services,National and Kapodistrian University of Athens,30
3629,Catherine,Kowalski,Telecommunications,Pompeu Fabra University,25
3630,Marina,Carter,Retail,National and Kapodistrian University of Athens,25
3631,Leo,Kowalski,Insurance,Aristotle University of Thessaloniki,22
3632,Zoe,Jones,Financial Services,University of Patras,26
3633,Claire,Adams,Consumer Products & Services,Pompeu Fabra University,18
3634,Henry,Thompson,Consumer Products & Services,University of Patras,21
3635,Leo,Dubois,IT Management,University of Patras,20
3636,Athena,Gonzalez,IT Management,Uppsala University,19
3637,Alice,Young,Software,University of Barcelona,25
3638,Adrian,Clark,Advertising & Marketing,University of Belgrade,40
3639,Dimitris,Schmidt,Business Products & Services,Delft University of Technology,26
3640,Nikoleta,Sanchez,Advertising & Marketing,University of Ljubljana,19
3641,Paul,Lewis,Food & Beverage,University of Zurich,31
3642,Arthur,Wright,Software,University of Patras,31
3643,Andrew,Lee,Business Products & Services,National and Kapodistrian University of Athens,21
3644,Angelina,Muller,Business Products & Services,Aristotle University of Thessaloniki,23
3645,Mark,Wright,Manufacturing,University College London,28
3646,Andreas,Gonzalez,Financial Services,Aristotle University of Thessaloniki,20
3647,Thomas,Green,Construction,Ludwig Maximilian University of Munich,25
3648,Paul,Schmidt,Business Products & Services,Eindhoven University of Technology,20
3649,William,Hernandez,Financial Services,KU Leuven,31
3650,Jack,Martin,Education,Ludwig Maximilian University of Munich,30
3651,Georgia,Nelson,Health,Delft University of Technology,30
3652,Robert,Taylor,Logistics & Transportation,National and Kapodistrian University of Athens,19
3653,Nikos,Williams,Media,Trinity College Dublin,30
3654,Anthony,Novak,Business Products & Services,University of Ljubljana,36
3655,Irene,Clark,Business Products & Services,Sciences Po,23
3656,Thomas,Perez,IT Management,Lund University,33
3657,James,Allen,Environmental Services,University of Vienna,19
3658,Adrian,Allen,Telecommunications,University of Patras,25
3659,Laura,Gonzalez,Construction,Aristotle University of Thessaloniki,34
3660,Leah,Walker,IT Management,Jagiellonian University,40
3661,Bianca,Allen,Engineering,Delft University of Technology,19
3662,Alexandra,Allen,Real Estate,National and Kapodistrian University of Athens,27
3663,Georgia,Young,Government Services,Ludwig Maximilian University of Munich,33
3664,Vasilis,Anderson,Business Products & Services,Sciences Po,23
3665,Jasmine,Anderson,Food & Beverage,National and Kapodistrian University of Athens,19
3666,Penelope,Schmidt,Advertising & Marketing,National and Kapodistrian University of Athens,19
3667,Eva,Muller,Construction,Aalto University,30
3668,Jason,Robinson,Construction,Jagiellonian University,32
3669,Victor,Perez,IT System Development,Technical University of Munich,19
3670,Theodora,Johnson,Consumer Products & Services,Jagiellonian University,24
3671,Thomas,Martinez,Construction,University of Oxford,20
3672,Paul,Gonzalez,Health,University of Lisbon,25
3673,David,Robinson,Government Services,Ghent University,40
3674,Arthur,Rossi,Engineering,University of Oslo,31
3675,Jasmine,Anderson,Construction,Jagiellonian University,40
3676,Robert,Walker,Computer Hardware,University College Dublin,39
3677,Max,Lewis,Government Services,University of Warsaw,24
3678,Grace,Smith,Security,National and Kapodistrian University of Athens,38
3679,Roxanne,Hall,Human Resources,Politecnico di Milano,24
3680,Jasmine,Lombardi,Health,Eindhoven University of Technology,18
3681,Lucas,Thomas,Government Services,University of Patras,34
3682,Noah,Anderson,Advertising & Marketing,Ghent University,26
3683,Liam,Nelson,Business Products & Services,University of Vienna,38
3684,Victoria,Thomas,Software,University of Barcelona,30
3685,Liam,Moore,Advertising & Marketing,EPFL,38
3686,William,Davis,Education,University College London,36
3687,Stella,Johnson,Software,Trinity College Dublin,38
3688,Chloe,Walker,Consumer Products & Services,Imperial College London,36
3689,Georgia,Sanchez,Advertising & Marketing,University of Warsaw,39
3690,Ivy,Anderson,Real Estate,Aristotle University of Thessaloniki,34
3691,David,White,Real Estate,Leiden University,40
3692,Sofia,Harris,Health,University of Tartu,40
3693,Harris,Hernandez,Business Products & Services,Charles University,27
3694,Nikos,Johnson,Advertising & Marketing,National and Kapodistrian University of Athens,27
3695,Roman,Wright,Business Products & Services,University of Zurich,21
3696,Lucy,Walker,Logistics & Transportation,University of Belgrade,25
3697,Maya,Taylor,IT Management,National and Kapodistrian University of Athens,39
3698,Athena,Lee,Business Products & Services,University of Patras,37
3699,Ivy,Baker,Advertising & Marketing,Aristotle University of Thessaloniki,37
3700,Rebecca,White,Real Estate,Trinity College Dublin,35
3701,Philip,Martin,Retail,Utrecht University,31
3702,Nicole,Hernandez,Retail,University College Dublin,35
3703,Diana,Wright,Advertising & Marketing,Aristotle University of Thessaloniki,31
3704,Thomas,Carter,Advertising & Marketing,Aristotle University of Thessaloniki,37
3705,Elisa,Dubois,Logistics & Transportation,Ludwig Maximilian University of Munich,38
3706,Sofia,Wright,Software,University of Patras,32
3707,Richard,Hall,Business Products & Services,University of Zurich,39
3708,Evelyn,Hall,Consumer Products & Services,Aristotle University of Thessaloniki,21
3709,Peter,Taylor,Manufacturing,Tel Aviv University,30
3710,Alice,Wright,Retail,University College Dublin,40
3711,Nicole,Lombardi,Advertising & Marketing,National and Kapodistrian University of Athens,25
3712,Alexandra,Brown,Government Services,University of Barcelona,35
3713,Eva,Clark,Human Resources,EPFL,29
3714,Matthew,Davis,Advertising & Marketing,University of Patras,40
3715,Leah,Jones,Human Resources,Trinity College Dublin,31
3716,Matthew,Gonzalez,Real Estate,EPFL,19
3717,Veronica,Horvath,Advertising & Marketing,Sapienza University of Rome,35
3718,Roxanne,Sanchez,IT Services,University of Patras,19
3719,Penelope,Carter,Education,National and Kapodistrian University of Athens,28
3720,Peter,Lopez,Consumer Products & Services,University of Patras,26
3721,Jack,Anderson,Government Services,University of Patras,29
3722,Rebecca,Jackson,Telecommunications,University College London,34
3723,Nicholas,Scott,Business Products & Services,University of Patras,32
3724,Julia,Wright,IT System Development,National and Kapodistrian University of Athens,34
3725,Sofia,Moore,Consumer Products & Services,University of Cambridge,35
3726,Oscar,Perez,Real Estate,Sapienza University of Rome,39
3727,Matthew,Wright,Advertising & Marketing,University of Warsaw,23
3728,Diana,Smith,Software,Technion – Israel Institute of Technology,34
3729,Nicholas,Lee,Software,Leiden University,40
3730,Peter,Rossi,Real Estate,Trinity College Dublin,35
3731,Dimitris,Taylor,Business Products & Services,Aristotle University of Thessaloniki,25
3732,Alice,Harris,Business Products & Services,University College Dublin,26
3733,Timothy,Rossi,Food & Beverage,Aalto University,23
3734,Helen,Lee,Telecommunications,Politecnico di Milano,22
3735,Christos,Kowalski,IT Management,University of Vienna,29
3736,Christina,Mitchell,Advertising & Marketing,University of Belgrade,28
3737,Nikoleta,Hall,IT Management,National and Kapodistrian University of Athens,18
3738,Laura,Mitchell,IT Services,University of Patras,28
3739,Christos,Garcia,Retail,National and Kapodistrian University of Athens,36
3740,Theodora,Carter,Real Estate,Eindhoven University of Technology,26
3741,Jason,Martinez,Logistics & Transportation,Ludwig Maximilian University of Munich,19
3742,Jack,Scott,Advertising & Marketing,University of Bern,29
3743,Eva,Lopez,Advertising & Marketing,University of Patras,21
3744,Emily,Harris,Software,University of Patras,21
3745,Anna,Dubois,Health,University College Dublin,35
3746,Lucy,Lewis,Business Products & Services,Aristotle University of Thessaloniki,32
3747,Athena,Novak,IT System Development,Eindhoven University of Technology,36
3748,Marta,Martinez,IT Management,Chalmers University of Technology,30
3749,George,Lewis,Manufacturing,University of Cambridge,36
3750,Maria,Adams,Food & Beverage,University of Groningen,34
3751,Maya,Sanchez,Health,University of Patras,23
3752,Matthew,Jones,Education,Aalto University,33
3753,Christopher,Johnson,Business Products & Services,University of Patras,29
3754,Rebecca,Young,Health,Aristotle University of Thessaloniki,36
3755,Leah,Lewis,Education,Technical University of Munich,22
3756,Nicole,Perez,Advertising & Marketing,University of Warsaw,34
3757,Henry,Jackson,Construction,Jagiellonian University,40
3758,Oscar,Moore,Construction,University of Porto,18
3759,William,Gonzalez,Advertising & Marketing,Technion – Israel Institute of Technology,40
3760,Christina,Novak,Health,National and Kapodistrian University of Athens,27
3761,Gregory,Martin,Human Resources,Aristotle University of Thessaloniki,32
3762,Lucas,Gonzalez,Business Products & Services,Aristotle University of Thessaloniki,40
3763,Matthew,Rossi,Software,Aristotle University of Thessaloniki,38
3764,William,Sanchez,Health,University of Oxford,38
3765,Henry,White,IT Management,Charles University,28
3766,Alice,Baker,Construction,University of Cambridge,30
3767,Olivia,Harris,Logistics & Transportation,Sapienza University of Rome,22
3768,Vasilis,Adams,Business Products & Services,Uppsala University,18
3769,Zoe,Harris,IT Management,Trinity College Dublin,29
3770,Angelina,Novak,Health,Tel Aviv University,28
3771,Patricia,Hernandez,IT System Development,University College London,34
3772,Georgia,Martinez,Human Resources,EPFL,21
3773,Henry,Gonzalez,Government Services,University of Zurich,32
3774,David,Rossi,Government Services,ETH Zurich,26
3775,William,Adams,Consumer Products & Services,Aristotle University of Thessaloniki,38
3776,Athena,Martin,Computer Hardware,University of Amsterdam,37
3777,Theodora,Horvath,Engineering,Technion – Israel Institute of Technology,36
3778,Lucy,Nelson,Financial Services,University of Copenhagen,36
3779,Christos,Mitchell,Government Services,Technical University of Munich,29
3780,Sofia,Jackson,Financial Services,University of Patras,22
3781,Marina,Jackson,Health,Technion – Israel Institute of Technology,27
3782,Richard,Wright,Construction,University of Porto,34
3783,Liam,Adams,Health,National and Kapodistrian University of Athens,22
3784,Stephen,Sanchez,Advertising & Marketing,Eindhoven University of Technology,39
3785,Dimitris,Johnson,Consumer Products & Services,Aristotle University of Thessaloniki,33
3786,Anthony,Gonzalez,Human Resources,National and Kapodistrian University of Athens,24
3787,Christina,King,Human Resources,Aristotle University of Thessaloniki,26
3788,Christina,Davis,Business Products & Services,Aristotle University of Thessaloniki,20
3789,Diana,Robinson,Business Products & Services,University of Warsaw,32
3790,Penelope,Muller,Construction,Uppsala University,33
3791,Hugo,Anderson,Software,Lund University,35
3792,Alice,Mitchell,Business Products & Services,University of Geneva,31
3793,Stephen,Gonzalez,Business Products & Services,Charles University,20
3794,Victor,Miller,Advertising & Marketing,KTH Royal Institute of Technology,29
3795,Matthew,Scott,Business Products & Services,University of Strasbourg,26
3796,Penelope,Wright,Health,National and Kapodistrian University of Athens,24
3797,Robert,Allen,IT Management,National and Kapodistrian University of Athens,26
3798,Thomas,Carter,Human Resources,Lund University,30
3799,Arthur,Dubois,Financial Services,Aarhus University,35
3800,Emily,White,Engineering,University of Patras,22
3801,Andrew,Jones,Construction,KTH Royal Institute of Technology,30
3802,Andreas,Young,Real Estate,University of Ljubljana,21
3803,Jason,Robinson,IT Management,Aristotle University of Thessaloniki,19
3804,Laura,Nielsen,Business Products & Services,University of Patras,33
3805,Roxanne,Hernandez,IT Management,Imperial College London,26
3806,Nikos,Nielsen,Advertising & Marketing,University of Cambridge,26
3807,Sofia,White,IT Management,University of Amsterdam,23
3808,Diana,Horvath,Manufacturing,Sciences Po,28
3809,Daniel,Anderson,Software,Pompeu Fabra University,39
3810,Harris,Lewis,Consumer Products & Services,Trinity College Dublin,39
3811,Angelina,Nielsen,Food & Beverage,Aalto University,18
3812,Victor,Brown,IT Management,University of Patras,21
3813,Ivy,Sanchez,Business Products & Services,University of Warsaw,30
3814,Leo,Jackson,Construction,University of Amsterdam,40
3815,Paul,Martin,Advertising & Marketing,National and Kapodistrian University of Athens,30
3816,Olivia,Rossi,Engineering,University of Cambridge,30
3817,Robert,Smith,Environmental Services,University of Barcelona,19
3818,Joseph,Gonzalez,Health,University of Barcelona,26
3819,Michael,Clark,IT Management,Utrecht University,25
3820,Robert,Mitchell,Real Estate,University of Porto,24
3821,Martin,Sanchez,Health,Aristotle University of Thessaloniki,21
3822,Diana,Baker,Consumer Products & Services,University of Geneva,35
3823,James,Anderson,Food & Beverage,Aristotle University of Thessaloniki,20
3824,Noah,White,Telecommunications,Utrecht University,23
3825,Nikos,Gonzalez,Government Services,University College London,29
3826,Andrew,Wright,Engineering,University of Patras,29
3827,Stephen,Gonzalez,Health,University of Belgrade,38
3828,Spyros,Carter,Construction,National and Kapodistrian University of Athens,25
3829,Diana,Green,Advertising & Marketing,Tel Aviv University,39
3830,Thomas,Hernandez,Consumer Products & Services,Chalmers University of Technology,39
3831,Christina,Bianchi,Travel & Hospitality,National and Kapodistrian University of Athens,18
3832,Jack,Hernandez,Business Products & Services,University of Warsaw,21
3833,Maya,Carter,Health,National and Kapodistrian University of Athens,38
3834,Liam,Carter,Real Estate,Technion – Israel Institute of Technology,28
3835,Stephen,Garcia,Retail,Ghent University,20
3836,Stella,Lopez,Retail,University of Strasbourg,30
3837,Victoria,Dubois,Insurance,National and Kapodistrian University of Athens,34
3838,Roman,Brown,Human Resources,University of Tartu,39
3839,Laura,Schmidt,Logistics & Transportation,National and Kapodistrian University of Athens,39
3840,Michael,Hernandez,Health,Technical University of Munich,27
3841,Mark,Scott,Human Resources,National and Kapodistrian University of Athens,38
3842,Roman,King,Financial Services,Utrecht University,29
3843,Lucy,Lopez,Financial Services,Sciences Po,32
3844,Athena,Jackson,Logistics & Transportation,University of Copenhagen,38
3845,Olivia,Robinson,Advertising & Marketing,University of Patras,27
3846,Roxanne,Hall,Government Services,The University of Manchester,31
3847,Marta,Novak,Advertising & Marketing,National and Kapodistrian University of Athens,30
3848,Alice,Smith,Business Products & Services,University of Copenhagen,22
3849,James,Lee,Construction,Jagiellonian University,23
3850,Lucy,Thompson,Business Products & Services,Aristotle University of Thessaloniki,19
3851,Eleni,Moore,Real Estate,University of Porto,39
3852,Stephen,Anderson,Software,Aarhus University,34
3853,Stella,Lopez,Logistics & Transportation,University of Barcelona,21
3854,Anna,Johnson,Government Services,University of Copenhagen,31
3855,Joseph,Johnson,IT System Development,Charles University,27
3856,Angelina,Bianchi,Real Estate,The University of Edinburgh,20
3857,Noah,Bianchi,Media,University of Geneva,20
3858,Robert,Muller,Insurance,University of Strasbourg,32
3859,Hugo,Perez,Manufacturing,National and Kapodistrian University of Athens,23
3860,Penelope,Miller,Software,University College Dublin,34
3861,Hugo,Lewis,Advertising & Marketing,Aristotle University of Thessaloniki,29
3862,Michael,Allen,Real Estate,University College London,39
3863,John,Nielsen,Software,University of Patras,37
3864,Liam,Anderson,Food & Beverage,Aristotle University of Thessaloniki,28
3865,Eva,Young,Construction,National and Kapodistrian University of Athens,21
3866,Peter,Rossi,Insurance,Delft University of Technology,23
3867,Olivia,Robinson,Health,University College London,18
3868,Eleni,Baker,Food & Beverage,University College London,37
3869,Penelope,Taylor,Consumer Products & Services,University College London,40
3870,Helen,Carter,Real Estate,EPFL,33
3871,John,Young,Advertising & Marketing,National and Kapodistrian University of Athens,32
3872,Catherine,Muller,Advertising & Marketing,University of Strasbourg,34
3873,Gregory,Gonzalez,Advertising & Marketing,University of Patras,25
3874,Jack,Davis,Health,University of Patras,29
3875,Peter,White,Government Services,University of Patras,39
3876,Anthony,Allen,IT Services,Charles University,38
3877,Anthony,White,Energy,Ludwig Maximilian University of Munich,27
3878,Arthur,Hernandez,Food & Beverage,National and Kapodistrian University of Athens,32
3879,Olivia,Horvath,Business Products & Services,Trinity College Dublin,26
3880,Anthony,Carter,Advertising & Marketing,Jagiellonian University,19
3881,Richard,Allen,Government Services,KU Leuven,22
3882,Penelope,Lopez,Health,Uppsala University,23
3883,Laura,Taylor,Consumer Products & Services,Imperial College London,24
3884,Georgia,Nelson,Business Products & Services,University of Bern,38
3885,Alexandra,Martinez,Computer Hardware,University of Patras,18
3886,Rebecca,Gonzalez,Real Estate,National and Kapodistrian University of Athens,40
3887,Maya,Johnson,Software,National and Kapodistrian University of Athens,24
3888,Penelope,Garcia,Business Products & Services,University of Porto,37
3889,Alice,Brown,IT Management,University of Ljubljana,29
3890,Maria,Gonzalez,IT Management,Pompeu Fabra University,33
3891,Arthur,Baker,Human Resources,Aristotle University of Thessaloniki,33
3892,Olivia,Sanchez,Business Products & Services,Aristotle University of Thessaloniki,28
3893,Mark,Lewis,Education,Delft University of Technology,38
3894,Martin,Anderson,Advertising & Marketing,KU Leuven,21
3895,David,Gonzalez,Logistics & Transportation,University of Cambridge,30
3896,Olivia,Dubois,IT System Development,University of Copenhagen,24
3897,Evelyn,Robinson,IT Management,Aristotle University of Thessaloniki,21
3898,Peter,Baker,Government Services,University of Patras,32
3899,Angelina,Johnson,Financial Services,Aarhus University,36
3900,William,Rossi,Government Services,Aarhus University,26
3901,Peter,Hall,Financial Services,Aristotle University of Thessaloniki,28
3902,Maria,Bianchi,Software,University of Copenhagen,25
3903,Lucas,Gonzalez,IT Management,University of Barcelona,18
3904,Andreas,Walker,Advertising & Marketing,Uppsala University,40
3905,David,Thomas,IT Management,University of Cambridge,25
3906,Leah,Gonzalez,Advertising & Marketing,University of Strasbourg,30
3907,Philip,Mitchell,Health,Utrecht University,39
3908,Sofia,Muller,Real Estate,Sapienza University of Rome,21
3909,Leah,Williams,IT Management,University of Patras,25
3910,Andreas,Bianchi,Advertising & Marketing,University of Patras,20
3911,Max,Lopez,Real Estate,Tel Aviv University,26
3912,Sara,Gonzalez,Government Services,Aristotle University of Thessaloniki,19
3913,Leah,Adams,Software,Utrecht University,19
3914,Benjamin,Muller,Travel & Hospitality,Eindhoven University of Technology,30
3915,Arthur,Adams,Manufacturing,Aristotle University of Thessaloniki,32
3916,Hugo,Williams,Logistics & Transportation,Aristotle University of Thessaloniki,40
3917,Sofia,King,Construction,University of Warsaw,29
3918,David,Brown,Government Services,University of Patras,21
3919,Philip,Dubois,IT Management,National and Kapodistrian University of Athens,25
3920,Philip,Horvath,Human Resources,Aristotle University of Thessaloniki,26
3921,Ivy,Horvath,Energy,University of Vienna,40
3922,Paula,Martinez,Food & Beverage,National and Kapodistrian University of Athens,22
3923,Anthony,Wright,Government Services,Uppsala University,37
3924,Catherine,Jones,Financial Services,Uppsala University,35
3925,Arthur,Jones,Logistics & Transportation,University of Strasbourg,28
3926,Lucy,Martinez,Human Resources,National and Kapodistrian University of Athens,32
3927,Andreas,Anderson,Business Products & Services,University of Zurich,39
3928,Roman,Davis,Software,University of Zurich,26
3929,David,Scott,Health,National and Kapodistrian University of Athens,34
3930,Victoria,Taylor,IT Management,University of Cambridge,29
3931,Isabella,Horvath,Food & Beverage,University of Lisbon,24
3932,Thomas,Jackson,Business Products & Services,University of Helsinki,27
3933,Olivia,Miller,Software,University of Amsterdam,27
3934,Henry,Muller,Insurance,University of Tartu,30
3935,Vasilis,Lewis,Software,National and Kapodistrian University of Athens,36
3936,Paul,Clark,Consumer Products & Services,University of Belgrade,28
3937,Victor,Harris,Health,Stockholm University,30
3938,Richard,Miller,Consumer Products & Services,Uppsala University,38
3939,Robert,Perez,Health,University College Dublin,25
3940,Zoe,Harris,Advertising & Marketing,Ghent University,25
3941,Catherine,Muller,Business Products & Services,Aristotle University of Thessaloniki,21
3942,Philip,Jones,Construction,Delft University of Technology,32
3943,Leo,Wright,Energy,University of Amsterdam,28
3944,Sara,Walker,IT Services,Delft University of Technology,28
3945,Veronica,Green,Advertising & Marketing,Delft University of Technology,18
3946,Leah,Brown,Software,University of Oslo,34
3947,Christos,Scott,Computer Hardware,The University of Manchester,32
3948,Andrew,Perez,Human Resources,Delft University of Technology,37
3949,Paul,Bianchi,Software,National and Kapodistrian University of Athens,23
3950,David,Walker,Food & Beverage,University of Barcelona,39
3951,Jack,Novak,Education,Utrecht University,32
3952,Laura,Anderson,Human Resources,Trinity College Dublin,26
3953,Jasmine,Baker,IT Management,University College London,31
3954,Georgia,Miller,Software,National and Kapodistrian University of Athens,35
3955,Penelope,Moore,Consumer Products & Services,Politecnico di Milano,34
3956,Stella,Young,Software,Aristotle University of Thessaloniki,35
3957,Arthur,Taylor,Retail,University of Vienna,22
3958,Laura,Garcia,Construction,University of Patras,37
3959,Ivy,Muller,Business Products & Services,Aarhus University,37
3960,Veronica,Thompson,Advertising & Marketing,Pompeu Fabra University,26
3961,Marina,Martin,Consumer Products & Services,Ludwig Maximilian University of Munich,28
3962,Leah,Jackson,Financial Services,Utrecht University,39
3963,Peter,Brown,Software,Imperial College London,18
3964,David,Bianchi,Manufacturing,Stockholm University,35
3965,Lucas,Kowalski,Computer Hardware,University of Oxford,23
3966,Peter,Baker,Real Estate,The University of Edinburgh,19
3967,Spyros,Johnson,Manufacturing,Aristotle University of Thessaloniki,32
3968,Maria,Brown,Business Products & Services,Jagiellonian University,38
3969,Paula,Bianchi,IT Management,Technical University of Munich,31
3970,Alexandra,Novak,Telecommunications,University of Belgrade,22
3971,Roman,Martin,Construction,University of Barcelona,23
3972,Peter,Sanchez,Software,The University of Manchester,23
3973,Maya,Williams,IT Management,University of Patras,39
3974,Ivy,Williams,IT System Development,Aarhus University,35
3975,Noah,Martin,Advertising & Marketing,KTH Royal Institute of Technology,31
3976,William,Muller,Advertising & Marketing,Aristotle University of Thessaloniki,27
3977,Diana,Martin,Consumer Products & Services,University of Barcelona,31
3978,Olivia,Anderson,Manufacturing,University of Copenhagen,30
3979,Lucas,Martinez,Construction,Aristotle University of Thessaloniki,20
3980,Julia,King,Software,Ghent University,23
3981,Sara,Gonzalez,Financial Services,National and Kapodistrian University of Athens,25
3982,Lydia,Gonzalez,IT Management,University of Patras,29
3983,Vasilis,Robinson,Health,Technical University of Munich,30
3984,William,Muller,Logistics & Transportation,Charles University,28
3985,Leah,Rossi,IT Management,Lund University,29
3986,Maria,Lombardi,Business Products & Services,University of Oslo,18
3987,Bianca,Walker,Advertising & Marketing,Trinity College Dublin,34
3988,Elisa,Johnson,Advertising & Marketing,University of Ljubljana,33
3989,Catherine,King,Advertising & Marketing,Aarhus University,28
3990,Eva,Muller,Real Estate,University of Bern,30
3991,Georgia,Lopez,Financial Services,Sapienza University of Rome,35
3992,Nicole,Wright,IT System Development,University of Warsaw,28
3993,Elisa,Johnson,Health,University of Patras,29
3994,Noah,Lombardi,Education,Imperial College London,23
3995,Victor,Horvath,Software,University of Warsaw,26
3996,Sara,Novak,Energy,University of Patras,33
3997,Nadia,Perez,Health,Tel Aviv University,21
3998,Arthur,Baker,Health,Ghent University,20
3999,Philip,Jones,Health,Eindhoven University of Technology,33
4000,Elisa,Williams,Software,National and Kapodistrian University of Athens,29
4001,Nadia,Hernandez,Business Products & Services,Eindhoven University of Technology,28
4002,Roman,Nelson,Real Estate,National and Kapodistrian University of Athens,22
4003,Christopher,Williams,Software,University of Patras,35
4004,Diana,Moore,Business Products & Services,Aristotle University of Thessaloniki,36
4005,Roxanne,Martin,Business Products & Services,The University of Manchester,40
4006,Hugo,Nelson,Manufacturing,Uppsala University,40
4007,Olivia,Wright,Software,Uppsala University,23
4008,Joseph,Smith,Financial Services,The University of Edinburgh,39
4009,Angelina,Clark,Advertising & Marketing,Sciences Po,35
4010,Leo,Novak,Construction,University of Strasbourg,23
4011,Georgia,Miller,Human Resources,University College London,21
4012,Paula,Nelson,Insurance,Ludwig Maximilian University of Munich,29
4013,Alex,Lewis,Financial Services,Aristotle University of Thessaloniki,36
4014,Noah,King,IT Management,University of Copenhagen,19
4015,Samuel,Taylor,Government Services,University of Vienna,34
4016,Alice,Walker,Business Products & Services,University of Amsterdam,28
4017,Sofia,Moore,Human Resources,National and Kapodistrian University of Athens,28
4018,Helen,Anderson,Health,University of Copenhagen,38
4019,Noah,Green,Business Products & Services,EPFL,33
4020,James,Smith,Government Services,University of Tartu,19
4021,Richard,Rossi,Advertising & Marketing,KU Leuven,19
4022,Peter,Schmidt,Software,Politecnico di Milano,40
4023,Penelope,Mitchell,Retail,University of Geneva,25
4024,Nadia,Lopez,Financial Services,Tel Aviv University,30
4025,Penelope,White,IT Management,Ghent University,27
4026,Sofia,Baker,Advertising & Marketing,Delft University of Technology,25
4027,Joseph,Lewis,Business Products & Services,Politecnico di Milano,21
4028,Mark,King,IT Management,University of Oslo,32
4029,Athena,Robinson,Business Products & Services,National and Kapodistrian University of Athens,18
4030,Anna,Taylor,Consumer Products & Services,The University of Manchester,28
4031,Christina,Hernandez,Logistics & Transportation,Sapienza University of Rome,24
4032,Veronica,Muller,Energy,University of Porto,34
4033,Peter,Carter,Government Services,University College Dublin,37
4034,Eva,Thompson,Manufacturing,University of Amsterdam,35
4035,Theodora,Harris,Financial Services,Sapienza University of Rome,39
4036,Stella,Hernandez,IT Management,The University of Manchester,39
4037,Marta,Gonzalez,Education,University of Oxford,29
4038,Emily,Thompson,Retail,Technion – Israel Institute of Technology,26
4039,Jason,Walker,Health,Aristotle University of Thessaloniki,22
4040,Georgia,Garcia,Insurance,Stockholm University,27
4041,Matthew,Bianchi,Logistics & Transportation,University of Barcelona,21
4042,Adrian,Lopez,Financial Services,Jagiellonian University,22
4043,Dimitris,Young,Logistics & Transportation,Pompeu Fabra University,27
4044,Lucas,Johnson,Software,Aristotle University of Thessaloniki,28
4045,Sofia,Young,Logistics & Transportation,National and Kapodistrian University of Athens,38
4046,Evelyn,Carter,Business Products & Services,Sapienza University of Rome,27
4047,Arthur,Bianchi,IT Management,Eindhoven University of Technology,25
4048,Victoria,Lombardi,Computer Hardware,Aalto University,19
4049,Victoria,King,Financial Services,University of Amsterdam,40
4050,Philip,Nielsen,IT Management,National and Kapodistrian University of Athens,25
4051,Paula,Walker,Software,Aristotle University of Thessaloniki,33
4052,Anna,Moore,Education,National and Kapodistrian University of Athens,39
4053,Adrian,Thomas,Telecommunications,Tel Aviv University,22
4054,Dimitris,Garcia,Government Services,University of Ljubljana,20
4055,Isabella,Williams,Construction,Tel Aviv University,29
4056,Emily,Robinson,Business Products & Services,University College London,30
4057,Joseph,Davis,Advertising & Marketing,Ghent University,30
4058,Patricia,Schmidt,Human Resources,University College Dublin,27
4059,Nicole,Moore,Telecommunications,University of Cambridge,21
4060,Alice,Hernandez,Engineering,Lund University,26
4061,Angelina,Muller,Health,Ludwig Maximilian University of Munich,39
4062,Peter,Adams,Advertising & Marketing,The University of Edinburgh,40
4063,Georgia,Schmidt,Financial Services,Uppsala University,19
4064,Julia,Schmidt,Business Products & Services,Technion – Israel Institute of Technology,36
4065,Joseph,Lee,Construction,University of Zurich,18
4066,Claire,Novak,Manufacturing,Ludwig Maximilian University of Munich,24
4067,Victor,Kowalski,Consumer Products & Services,University of Barcelona,34
4068,Paul,Moore,Business Products & Services,University of Oxford,20
4069,Olivia,Nelson,Construction,University of Bern,37
4070,Mark,Lee,Logistics & Transportation,University of Ljubljana,37
4071,John,Lewis,Logistics & Transportation,National and Kapodistrian University of Athens,38
4072,Peter,Allen,Telecommunications,Sapienza University of Rome,20
4073,Victoria,Brown,Logistics & Transportation,University of Patras,20
4074,Theodora,Bianchi,Food & Beverage,University of Bern,34
4075,Alice,Rossi,Consumer Products & Services,National and Kapodistrian University of Athens,24
4076,Veronica,Martin,Human Resources,University of Patras,31
4077,Mark,Adams,Education,National and Kapodistrian University of Athens,34
4078,Harris,Thompson,Advertising & Marketing,University of Patras,35
4079,Timothy,Moore,Business Products & Services,University College London,30
4080,Angelina,King,Human Resources,University College Dublin,37
4081,Stella,Johnson,Construction,National and Kapodistrian University of Athens,37
4082,Jason,Lee,Advertising & Marketing,University of Patras,38
4083,Georgia,Smith,Human Resources,ETH Zurich,35
4084,Claire,Moore,IT Management,ETH Zurich,21
4085,Roxanne,Thomas,Real Estate,Leiden University,18
4086,Harris,Harris,Real Estate,University of Bern,35
4087,Mark,Moore,IT Management,Aristotle University of Thessaloniki,18
4088,Nadia,Wright,Human Resources,Aristotle University of Thessaloniki,30
4089,Athena,Dubois,Health,Technion – Israel Institute of Technology,37
4090,Jack,Robinson,Food & Beverage,University of Patras,37
4091,Jason,Dubois,Real Estate,Technical University of Munich,40
4092,Leo,Gonzalez,Food & Beverage,University of Zurich,27
4093,Leo,Allen,Financial Services,National and Kapodistrian University of Athens,28
4094,Marina,Walker,Construction,University of Patras,26
4095,Joseph,Carter,Government Services,University of Patras,26
4096,Natalie,Muller,IT Management,Aristotle University of Thessaloniki,22
4097,Nadia,Taylor,Business Products & Services,National and Kapodistrian University of Athens,18
4098,Natalie,Wright,Real Estate,University College Dublin,34
4099,Anthony,Sanchez,Construction,University of Patras,39
4100,Vasilis,Baker,Computer Hardware,Politecnico di Milano,19
4101,Lucy,Carter,Construction,University of Groningen,30
4102,James,Lopez,Health,University of Amsterdam,26
4103,Natalie,Lombardi,IT Management,University of Cambridge,21
4104,David,Jackson,Energy,Eindhoven University of Technology,22
4105,Zoe,Jones,Government Services,Leiden University,28
4106,Julia,Mitchell,IT Management,Trinity College Dublin,36
4107,Philip,Davis,Financial Services,University of Patras,38
4108,Jasmine,Smith,Human Resources,Aalto University,20
4109,Marina,Johnson,Manufacturing,Technion – Israel Institute of Technology,29
4110,Stephen,Mitchell,Software,Delft University of Technology,36
4111,Joseph,Brown,Human Resources,EPFL,36
4112,Peter,Smith,Consumer Products & Services,University College Dublin,30
4113,John,White,Consumer Products & Services,National and Kapodistrian University of Athens,24
4114,Nadia,Smith,IT System Development,University of Groningen,32
4115,George,Lee,Consumer Products & Services,University College London,40
4116,Arthur,Young,Financial Services,KTH Royal Institute of Technology,24
4117,William,Robinson,Real Estate,National and Kapodistrian University of Athens,25
4118,Arthur,Dubois,IT System Development,University of Bern,22
4119,Kostas,Adams,Advertising & Marketing,National and Kapodistrian University of Athens,38
4120,Nadia,Taylor,Software,Sapienza University of Rome,31
4121,Natalie,Davis,Health,Aristotle University of Thessaloniki,21
4122,Marina,Brown,Government Services,Ludwig Maximilian University of Munich,40
4123,Spyros,Lewis,Software,Tel Aviv University,27
4124,Laura,Moore,Manufacturing,Ghent University,37
4125,Peter,Bianchi,Construction,University of Patras,32
4126,Lucy,Hernandez,Retail,University of Belgrade,35
4127,Leah,Hall,Human Resources,Stockholm University,37
4128,Eva,Schmidt,Logistics & Transportation,Eindhoven University of Technology,30
4129,Lucas,Lewis,Consumer Products & Services,National and Kapodistrian University of Athens,25
4130,Claire,Jones,Consumer Products & Services,Sciences Po,26
4131,Isabella,White,Human Resources,University of Copenhagen,33
4132,Evelyn,Perez,Software,Pompeu Fabra University,36
4133,David,Bianchi,Advertising & Marketing,University of Cambridge,33
4134,Jason,Johnson,Retail,University of Bern,24
4135,Jason,Lee,Advertising & Marketing,University of Oxford,31
4136,Maya,Nielsen,Energy,University of Patras,31
4137,Irene,Williams,Advertising & Marketing,University of Lisbon,21
4138,Ivy,Garcia,Real Estate,Aristotle University of Thessaloniki,32
4139,Julia,Lee,Business Products & Services,Aarhus University,20
4140,Bianca,Anderson,IT Management,Stockholm University,22
4141,Ivy,Thompson,Software,Aristotle University of Thessaloniki,18
4142,Stephen,Allen,Construction,University of Patras,20
4143,Grace,Moore,Business Products & Services,University of Patras,32
4144,Laura,Garcia,Energy,University of Helsinki,25
4145,Marina,Rossi,Human Resources,Utrecht University,21
4146,Henry,Schmidt,Education,University of Groningen,19
4147,Lucy,Kowalski,Consumer Products & Services,Sciences Po,27
4148,Victor,Johnson,Software,University of Copenhagen,21
4149,Anthony,Sanchez,IT Services,ETH Zurich,20
4150,Maria,Thomas,Education,Aristotle University of Thessaloniki,19
4151,Jason,Smith,Business Products & Services,Sciences Po,34
4152,Olivia,Garcia,Manufacturing,University of Patras,40
4153,Elisa,Miller,Human Resources,Leiden University,38
4154,Alex,Dubois,Financial Services,University of Amsterdam,37
4155,Isabella,Jackson,Health,University of Zurich,40
4156,Lucy,Allen,Business Products & Services,Technical University of Munich,30
4157,David,Nelson,Real Estate,University of Patras,22
4158,Marta,Novak,Retail,Aristotle University of Thessaloniki,38
4159,Noah,Baker,Business Products & Services,University of Patras,26
4160,Evelyn,White,Real Estate,Eindhoven University of Technology,39
4161,Stella,White,Advertising & Marketing,University of Belgrade,23
4162,Patricia,Johnson,IT Management,KTH Royal Institute of Technology,22
4163,Nikoleta,Novak,Construction,Sciences Po,27
4164,Theodora,Adams,IT Management,National and Kapodistrian University of Athens,25
4165,Henry,Sanchez,Advertising & Marketing,University of Copenhagen,24
4166,Adrian,Jones,Manufacturing,University of Geneva,24
4167,Richard,Dubois,Business Products & Services,University of Lisbon,23
4168,Alice,Novak,Real Estate,Delft University of Technology,38
4169,Richard,Anderson,Consumer Products & Services,Technion – Israel Institute of Technology,37
4170,Victoria,Moore,Human Resources,National and Kapodistrian University of Athens,20
4171,Gregory,Jones,Education,University of Zurich,36
4172,Helen,Walker,IT Management,University of Amsterdam,39
4173,Claire,Kowalski,Software,University of Patras,32
4174,Veronica,Robinson,Advertising & Marketing,Ludwig Maximilian University of Munich,21
4175,Daniel,Johnson,IT Management,National and Kapodistrian University of Athens,29
4176,Noah,Williams,IT Management,University of Bern,23
4177,Christina,Wright,Energy,National and Kapodistrian University of Athens,36
4178,Gregory,Hall,Financial Services,Charles University,21
4179,Peter,Allen,Retail,Tel Aviv University,32
4180,Nicholas,Perez,Advertising & Marketing,Aristotle University of Thessaloniki,26
4181,William,Thomas,Energy,Aristotle University of Thessaloniki,22
4182,George,Smith,Telecommunications,University of Tartu,30
4183,Mark,Adams,Health,Aristotle University of Thessaloniki,40
4184,Evelyn,Williams,Computer Hardware,University of Patras,35
4185,Jason,Lombardi,Energy,National and Kapodistrian University of Athens,22
4186,Zoe,Jones,Retail,University of Tartu,33
4187,Andreas,Nielsen,Software,Charles University,36
4188,Arthur,White,Engineering,Aristotle University of Thessaloniki,31
4189,Claire,Horvath,Consumer Products & Services,Aristotle University of Thessaloniki,33
4190,Nicholas,Lopez,Business Products & Services,KU Leuven,32
4191,Max,Dubois,Travel & Hospitality,University College Dublin,39
4192,Jack,Sanchez,Advertising & Marketing,University of Zurich,21
4193,Anthony,Hernandez,Business Products & Services,University of Amsterdam,24
4194,Christos,White,Construction,Charles University,33
4195,Lucas,Johnson,Engineering,University of Amsterdam,39
4196,Eleni,Lombardi,Logistics & Transportation,Politecnico di Milano,38
4197,Michael,White,Insurance,University of Helsinki,39
4198,Vasilis,Hernandez,Advertising & Marketing,Stockholm University,38
4199,Diana,Jackson,Logistics & Transportation,Charles University,25
4200,Max,Novak,Human Resources,Charles University,34
4201,Andrew,Young,Food & Beverage,University of Patras,33
4202,Georgia,Smith,Consumer Products & Services,University of Porto,40
4203,Evelyn,Bianchi,Real Estate,University of Groningen,27
4204,Nikos,Williams,IT Management,University of Patras,27
4205,Lucas,Adams,Retail,The University of Manchester,19
4206,Alice,Hall,Software,National and Kapodistrian University of Athens,26
4207,Olivia,Baker,Manufacturing,Aristotle University of Thessaloniki,34
4208,Victoria,Novak,Consumer Products & Services,Delft University of Technology,28
4209,Eleni,Wright,Media,Aristotle University of Thessaloniki,27
4210,Anna,Martin,Software,University of Patras,39
4211,Helen,Horvath,Business Products & Services,Aristotle University of Thessaloniki,34
4212,Alexandra,Schmidt,IT Services,Technical University of Munich,21
4213,Maria,Brown,Software,University of Strasbourg,33
4214,Isabella,Lopez,Consumer Products & Services,National and Kapodistrian University of Athens,37
4215,Paula,Lewis,Software,University of Barcelona,32
4216,Isabella,Miller,Construction,National and Kapodistrian University of Athens,38
4217,Claire,Carter,Advertising & Marketing,Imperial College London,22
4218,Sofia,Lewis,Travel & Hospitality,University of Groningen,23
4219,Hugo,Allen,Health,University College London,34
4220,Jason,Sanchez,IT System Development,Delft University of Technology,18
4221,Irene,Green,Construction,KU Leuven,36
4222,Ivy,Taylor,Advertising & Marketing,Pompeu Fabra University,21
4223,Mark,Lewis,Manufacturing,National and Kapodistrian University of Athens,34
4224,Martin,Lombardi,Consumer Products & Services,University of Patras,26
4225,Vasilis,Lewis,Consumer Products & Services,Technical University of Munich,19
4226,Penelope,Dubois,Construction,ETH Zurich,25
4227,Peter,Baker,Business Products & Services,University of Groningen,32
4228,Claire,Green,Consumer Products & Services,University of Porto,24
4229,Philip,Anderson,Retail,University of Cambridge,23
4230,Natalie,Gonzalez,IT System Development,University of Patras,18
4231,Athena,Schmidt,Real Estate,University of Lisbon,32
4232,Patricia,Rossi,Business Products & Services,Delft University of Technology,40
4233,Peter,Clark,Software,Imperial College London,24
4234,Marina,Perez,Advertising & Marketing,University of Patras,34
4235,Noah,Thomas,Software,Chalmers University of Technology,19
4236,Sofia,Nelson,Construction,Aalto University,26
4237,Arthur,Walker,Software,Charles University,26
4238,Arthur,Lewis,Advertising & Marketing,University of Oxford,30
4239,Richard,Allen,Consumer Products & Services,Ludwig Maximilian University of Munich,23
4240,Nikos,Clark,Environmental Services,Trinity College Dublin,23
4241,Maria,Nielsen,Health,University of Patras,37
4242,Harris,Lopez,Advertising & Marketing,University of Helsinki,37
4243,Theodora,Anderson,Advertising & Marketing,University College London,38
4244,Rebecca,Kowalski,IT Management,University of Geneva,20
4245,Nadia,Muller,Logistics & Transportation,Imperial College London,34
4246,Christina,Wright,Consumer Products & Services,EPFL,34
4247,Patricia,Kowalski,Manufacturing,Aristotle University of Thessaloniki,29
4248,George,Green,Manufacturing,National and Kapodistrian University of Athens,33
4249,Penelope,Perez,Telecommunications,Utrecht University,32
4250,Chloe,Lewis,Construction,University of Bern,30
4251,Georgia,Hall,Logistics & Transportation,University of Zurich,40
4252,Alice,Miller,Advertising & Marketing,EPFL,18
4253,Elisa,Carter,Construction,National and Kapodistrian University of Athens,34
4254,Catherine,Thompson,Advertising & Marketing,Lund University,20
4255,Eleni,Martinez,Energy,University of Belgrade,32
4256,William,Harris,Software,University of Strasbourg,21
4257,Roxanne,Clark,Software,University of Zurich,21
4258,James,Bianchi,Business Products & Services,Aristotle University of Thessaloniki,35
4259,Matthew,Allen,Advertising & Marketing,University of Patras,34
4260,Katerina,Young,Human Resources,University of Porto,36
4261,Lucy,Muller,Real Estate,Trinity College Dublin,28
4262,William,Green,Advertising & Marketing,National and Kapodistrian University of Athens,37
4263,Jason,Kowalski,Advertising & Marketing,Tel Aviv University,20
4264,Nikos,Taylor,Retail,University College Dublin,25
4265,Elisa,Williams,Construction,University of Zurich,31
4266,Lucy,Harris,Business Products & Services,ETH Zurich,18
4267,Christopher,King,Health,University of Patras,31
4268,Michael,Rossi,Financial Services,Aarhus University,19
4269,Jason,Anderson,Manufacturing,Aristotle University of Thessaloniki,40
4270,Daniel,Carter,Retail,University of Patras,21
4271,Christos,Harris,Retail,University of Zurich,36
4272,Roxanne,Green,Consumer Products & Services,National and Kapodistrian University of Athens,23
4273,Bianca,Rossi,Business Products & Services,Pompeu Fabra University,18
4274,Maya,Schmidt,Advertising & Marketing,University of Porto,34
4275,Grace,Taylor,Human Resources,National and Kapodistrian University of Athens,25
4276,Philip,Adams,Security,University of Vienna,36
4277,Jason,Martinez,Consumer Products & Services,University of Warsaw,38
4278,George,Moore,Business Products & Services,University of Patras,18
4279,George,Novak,Business Products & Services,University of Vienna,22
4280,Philip,Walker,Consumer Products & Services,National and Kapodistrian University of Athens,33
4281,Roxanne,Miller,Software,Eindhoven University of Technology,23
4282,Lydia,Perez,Business Products & Services,University College Dublin,25
4283,James,Garcia,IT Management,Leiden University,30
4284,Katerina,King,Insurance,University of Belgrade,33
4285,Eva,Green,Financial Services,University of Warsaw,20
4286,Christopher,Williams,Construction,Jagiellonian University,36
4287,Roxanne,Scott,Consumer Products & Services,Aristotle University of Thessaloniki,29
4288,Patricia,Davis,Health,Aristotle University of Thessaloniki,33
4289,Max,Adams,Advertising & Marketing,Lund University,28
4290,Marina,Smith,Consumer Products & Services,Aristotle University of Thessaloniki,27
4291,Gregory,Thompson,Consumer Products & Services,University of Lisbon,37
4292,Claire,Baker,Human Resources,Aristotle University of Thessaloniki,21
4293,Anthony,Lombardi,Health,Chalmers University of Technology,29
4294,Arthur,Taylor,Security,Stockholm University,40
4295,Hugo,Schmidt,Health,Charles University,19
4296,Andrew,Martin,Software,Leiden University,39
4297,Jason,Kowalski,Environmental Services,Aristotle University of Thessaloniki,36
4298,Arthur,Horvath,Health,University of Patras,22
4299,Robert,Harris,Software,University College London,25
4300,Stephen,Wright,Construction,Aristotle University of Thessaloniki,24
4301,Anna,Garcia,Media,The University of Edinburgh,31
4302,Athena,Gonzalez,IT Management,Aristotle University of Thessaloniki,40
4303,Richard,Dubois,Consumer Products & Services,University of Patras,20
4304,Harris,Lewis,Manufacturing,ETH Zurich,35
4305,Victor,Baker,Financial Services,National and Kapodistrian University of Athens,33
4306,Oscar,Walker,IT Management,National and Kapodistrian University of Athens,40
4307,Kostas,Scott,Logistics & Transportation,University of Amsterdam,36
4308,Anthony,Lombardi,Financial Services,Aalto University,36
4309,Liam,Walker,Energy,Jagiellonian University,35
4310,Marta,Martin,Government Services,University of Oxford,37
4311,Thomas,Adams,IT Management,University of Porto,33
4312,Marta,Clark,Construction,University of Barcelona,25
4313,William,Schmidt,Telecommunications,KTH Royal Institute of Technology,18
4314,Helen,Perez,Construction,Eindhoven University of Technology,34
4315,James,Novak,Consumer Products & Services,University of Geneva,29
4316,Athena,Muller,Advertising & Marketing,The University of Manchester,38
4317,Jack,Davis,Business Products & Services,Pompeu Fabra University,28
4318,Anthony,Martin,Manufacturing,University of Ljubljana,22
4319,Catherine,Rossi,Human Resources,National and Kapodistrian University of Athens,29
4320,Christos,Bianchi,Retail,University of Barcelona,34
4321,Alexandra,Allen,Construction,University of Ljubljana,23
4322,Stella,Anderson,Education,University of Patras,18
4323,Peter,Novak,Insurance,University of Patras,22
4324,Kostas,Muller,Construction,Ludwig Maximilian University of Munich,31
4325,Isabella,Hernandez,Media,University of Vienna,22
4326,Leo,Horvath,Health,National and Kapodistrian University of Athens,39
4327,Roxanne,Smith,IT System Development,National and Kapodistrian University of Athens,18
4328,Emily,King,Business Products & Services,EPFL,35
4329,Elisa,Davis,Consumer Products & Services,The University of Edinburgh,33
4330,Max,Wright,Consumer Products & Services,Sciences Po,26
4331,Timothy,Anderson,Financial Services,Politecnico di Milano,36
4332,Katerina,Jones,Construction,University College London,39
4333,Nicholas,Novak,Financial Services,Lund University,22
4334,Matthew,Lee,Health,University of Patras,19
4335,Kostas,Jackson,Human Resources,EPFL,32
4336,Harris,Muller,Health,University of Vienna,24
4337,Olivia,Walker,IT Management,The University of Manchester,21
4338,Victor,Lee,Energy,National and Kapodistrian University of Athens,18
4339,Isabella,Moore,Business Products & Services,Sciences Po,30
4340,Spyros,Green,Financial Services,University of Belgrade,37
4341,Arthur,Rossi,Security,National and Kapodistrian University of Athens,39
4342,Marta,Davis,Telecommunications,Trinity College Dublin,24
4343,Irene,Hernandez,Construction,University of Ljubljana,32
4344,Jason,Johnson,Manufacturing,Aristotle University of Thessaloniki,40
4345,Nicole,Johnson,Consumer Products & Services,National and Kapodistrian University of Athens,31
4346,Claire,Johnson,Advertising & Marketing,University of Patras,40
4347,Jasmine,Lopez,Construction,Aristotle University of Thessaloniki,36
4348,Georgia,Garcia,IT Management,University of Amsterdam,39
4349,Nadia,Moore,Consumer Products & Services,Sapienza University of Rome,37
4350,Lydia,Thomas,Logistics & Transportation,University College London,35
4351,Peter,Nielsen,Retail,National and Kapodistrian University of Athens,27
4352,Joseph,Kowalski,Human Resources,National and Kapodistrian University of Athens,26
4353,Adrian,Jones,Consumer Products & Services,National and Kapodistrian University of Athens,25
4354,Harris,Jones,IT System Development,National and Kapodistrian University of Athens,27
4355,Grace,Thompson,Health,Technical University of Munich,34
4356,Victoria,Young,Logistics & Transportation,KU Leuven,19
4357,Victor,Garcia,Software,University College London,23
4358,Sofia,Hall,Manufacturing,Jagiellonian University,22
4359,Jason,Clark,Financial Services,University of Cambridge,26
4360,Vasilis,Lombardi,Logistics & Transportation,University College Dublin,22
4361,Peter,Walker,Advertising & Marketing,University College Dublin,35
4362,Grace,Smith,Human Resources,University of Porto,37
4363,Jason,Novak,Telecommunications,University of Bern,26
4364,Katerina,Carter,Business Products & Services,University of Ljubljana,34
4365,Thomas,Lee,Financial Services,Aristotle University of Thessaloniki,34
4366,Helen,Harris,Education,ETH Zurich,29
4367,Paula,Robinson,Advertising & Marketing,University of Patras,24
4368,Irene,Lewis,Government Services,University of Amsterdam,20
4369,Vasilis,Moore,Environmental Services,Charles University,27
4370,Nikoleta,Lee,Engineering,Leiden University,19
4371,Anna,Hall,Financial Services,University of Patras,20
4372,Georgia,Mitchell,Business Products & Services,Tel Aviv University,33
4373,Jasmine,Nelson,Travel & Hospitality,National and Kapodistrian University of Athens,19
4374,Grace,Sanchez,IT Management,University of Vienna,27
4375,Nikoleta,Rossi,Advertising & Marketing,Aristotle University of Thessaloniki,23
4376,Roman,Mitchell,Construction,University of Cambridge,39
4377,Anthony,Nelson,Advertising & Marketing,Aristotle University of Thessaloniki,28
4378,James,Williams,Health,Utrecht University,40
4379,Christos,Kowalski,Real Estate,KTH Royal Institute of Technology,24
4380,Max,Wright,Government Services,Aristotle University of Thessaloniki,32
4381,Lucas,Williams,IT Management,University of Lisbon,23
4382,Julia,Wright,Business Products & Services,University of Geneva,37
4383,Chloe,Gonzalez,Insurance,University of Patras,26
4384,Julia,Clark,IT Management,University of Cambridge,39
4385,Irene,Johnson,Software,National and Kapodistrian University of Athens,37
4386,Lucas,Thompson,Media,University of Patras,29
4387,Irene,Novak,Software,Aalto University,36
4388,Bianca,Sanchez,Government Services,University of Warsaw,37
4389,Samuel,Robinson,Construction,Sciences Po,20
4390,Elisa,Muller,Energy,University of Vienna,32
4391,Peter,Green,Health,University of Copenhagen,19
4392,Gregory,Nielsen,Advertising & Marketing,Eindhoven University of Technology,38
4393,Andreas,Davis,Retail,University of Patras,19
4394,Theodora,Hall,Software,University of Copenhagen,39
4395,Catherine,Novak,Construction,Delft University of Technology,20
4396,Angelina,Nelson,Software,University College London,23
4397,Rebecca,Mitchell,Business Products & Services,University of Patras,32
4398,Joseph,Clark,Health,Delft University of Technology,27
4399,Diana,Kowalski,Telecommunications,The University of Manchester,26
4400,Peter,Wright,Business Products & Services,Imperial College London,18
4401,Nikoleta,Johnson,Business Products & Services,National and Kapodistrian University of Athens,33
4402,Nadia,Robinson,Advertising & Marketing,Imperial College London,23
4403,Chloe,Williams,Construction,Aristotle University of Thessaloniki,26
4404,Nadia,Wright,Financial Services,KU Leuven,21
4405,Jason,Muller,Business Products & Services,ETH Zurich,19
4406,Leo,Miller,Business Products & Services,KU Leuven,21
4407,Athena,Sanchez,Retail,Aristotle University of Thessaloniki,18
4408,Anthony,Thompson,Advertising & Marketing,Aristotle University of Thessaloniki,36
4409,Julia,Green,Construction,Eindhoven University of Technology,27
4410,Jasmine,Miller,Logistics & Transportation,Technical University of Munich,38
4411,David,Miller,Consumer Products & Services,Technion – Israel Institute of Technology,32
4412,William,Jackson,Travel & Hospitality,Stockholm University,39
4413,Christopher,Dubois,Financial Services,National and Kapodistrian University of Athens,36
4414,Natalie,Horvath,IT Management,Imperial College London,33
4415,Oscar,Rossi,Manufacturing,University of Groningen,38
4416,Theodora,Davis,Health,University of Helsinki,39
4417,Jack,Allen,IT Management,The University of Manchester,21
4418,Andreas,Robinson,Energy,Aalto University,19
4419,Natalie,Schmidt,Construction,Technion – Israel Institute of Technology,30
4420,Dimitris,Harris,Energy,University of Ljubljana,18
4421,Spyros,Jackson,Health,Aalto University,34
4422,Eva,Carter,Retail,University College Dublin,30
4423,Penelope,Sanchez,Software,University of Warsaw,21
4424,Catherine,Williams,Logistics & Transportation,KU Leuven,24
4425,Hugo,Gonzalez,Advertising & Marketing,Aalto University,34
4426,Henry,Lee,Business Products & Services,University of Geneva,26
4427,James,Baker,Real Estate,University of Groningen,21
4428,Alice,Nielsen,Business Products & Services,University of Warsaw,36
4429,Diana,Horvath,IT Services,Sapienza University of Rome,18
4430,Gregory,Young,Software,University of Warsaw,27
4431,Catherine,Moore,Retail,University of Ljubljana,21
4432,Mark,Mitchell,Travel & Hospitality,The University of Manchester,26
4433,Oscar,Perez,Real Estate,University of Ljubljana,30
4434,Elisa,Davis,Financial Services,Politecnico di Milano,31
4435,Rebecca,Smith,Government Services,University College Dublin,27
4436,Henry,Kowalski,Business Products & Services,KU Leuven,23
4437,Anna,Martinez,Security,Chalmers University of Technology,33
4438,Noah,Nelson,Logistics & Transportation,University of Vienna,23
4439,Lydia,Kowalski,Consumer Products & Services,University of Strasbourg,34
4440,Anthony,Nielsen,Construction,Aalto University,27
4441,Liam,Johnson,Human Resources,Sapienza University of Rome,35
4442,John,King,Construction,National and Kapodistrian University of Athens,39
4443,Alice,Young,Engineering,University of Patras,35
4444,Harris,Jones,Logistics & Transportation,University of Belgrade,20
4445,Victoria,King,Government Services,University of Patras,37
4446,Theodora,Thomas,Consumer Products & Services,University of Zurich,38
4447,Anna,Allen,Financial Services,Aarhus University,32
4448,Peter,White,Business Products & Services,University of Warsaw,32
4449,Richard,Novak,Retail,Politecnico di Milano,21
4450,Jasmine,Adams,Government Services,University of Oxford,26
4451,Eleni,Robinson,Business Products & Services,University of Groningen,36
4452,Richard,Green,Government Services,Ghent University,34
4453,Victor,Bianchi,Logistics & Transportation,University of Patras,28
4454,Matthew,Dubois,Health,ETH Zurich,26
4455,Liam,Brown,Advertising & Marketing,Imperial College London,27
4456,Roxanne,Thompson,Logistics & Transportation,Uppsala University,35
4457,Spyros,Nelson,Retail,The University of Edinburgh,37
4458,Henry,Garcia,Telecommunications,Aristotle University of Thessaloniki,30
4459,Dimitris,Novak,IT Management,Chalmers University of Technology,25
4460,Laura,Scott,Real Estate,University College London,24
4461,Anthony,Wright,Real Estate,Lund University,34
4462,Sofia,Thomas,Advertising & Marketing,EPFL,38
4463,Julia,Young,Health,University of Cambridge,40
4464,Emily,Lopez,Software,University of Copenhagen,32
4465,Leah,Taylor,Government Services,National and Kapodistrian University of Athens,37
4466,Rebecca,Williams,Construction,University of Lisbon,32
4467,Laura,Lopez,Software,University of Vienna,18
4468,Hugo,Carter,Environmental Services,University of Patras,31
4469,Spyros,Harris,Advertising & Marketing,University of Helsinki,22
4470,Peter,Hall,Telecommunications,University of Patras,28
4471,Jack,Garcia,IT Management,University of Bern,33
4472,Alexandra,Kowalski,Financial Services,University of Oxford,19
4473,Eleni,Anderson,Consumer Products & Services,National and Kapodistrian University of Athens,25
4474,Patricia,Jones,Construction,University of Barcelona,28
4475,Theodora,Hernandez,Consumer Products & Services,University of Zurich,35
4476,Nikoleta,Sanchez,Advertising & Marketing,University of Patras,20
4477,Gregory,Wright,Manufacturing,Aristotle University of Thessaloniki,18
4478,Alex,Jackson,Consumer Products & Services,University of Groningen,28
4479,Sofia,Smith,Construction,University of Copenhagen,33
4480,Catherine,Robinson,Human Resources,KTH Royal Institute of Technology,35
4481,Eleni,Nielsen,IT System Development,National and Kapodistrian University of Athens,33
4482,Julia,Schmidt,Consumer Products & Services,Tel Aviv University,40
4483,Rebecca,Bianchi,Construction,Jagiellonian University,27
4484,Alice,Thomas,Construction,University of Barcelona,35
4485,Alexandra,Nielsen,Manufacturing,University of Patras,23
4486,Alex,Robinson,Retail,University of Warsaw,36
4487,Anna,Williams,Software,University of Vienna,21
4488,Peter,Lee,Manufacturing,University of Patras,30
4489,Nicholas,Thomas,Logistics & Transportation,Pompeu Fabra University,31
4490,Nikos,Martin,Food & Beverage,Aristotle University of Thessaloniki,20
4491,Christina,Harris,Manufacturing,University of Amsterdam,27
4492,Gregory,Kowalski,IT Management,Aristotle University of Thessaloniki,23
4493,Spyros,Nelson,Engineering,University of Patras,18
4494,Arthur,Wright,Retail,The University of Edinburgh,40
4495,Peter,Martin,Software,The University of Manchester,31
4496,Christopher,Horvath,Manufacturing,National and Kapodistrian University of Athens,25
4497,Roman,Young,Software,University of Ljubljana,36
4498,Vasilis,Novak,Construction,University of Warsaw,31
4499,Peter,Garcia,Business Products & Services,University of Belgrade,27
4500,Mark,Davis,Retail,University College Dublin,34
4501,Theodora,Taylor,IT System Development,KTH Royal Institute of Technology,26
4502,Stella,Martinez,Health,Lund University,23
4503,Elisa,Martinez,Health,University of Bern,28
4504,Evelyn,Schmidt,Logistics & Transportation,University of Groningen,24
4505,Marina,Carter,Advertising & Marketing,University of Oslo,34
4506,Kostas,Adams,Business Products & Services,University College London,18
4507,Liam,Johnson,Software,Eindhoven University of Technology,39
4508,Jason,Young,Construction,University of Belgrade,22
4509,Alexandra,Wright,Real Estate,Aristotle University of Thessaloniki,26
4510,Arthur,Lewis,Human Resources,University of Strasbourg,35
4511,Christopher,Novak,Government Services,Stockholm University,38
4512,Laura,Hall,Health,KU Leuven,19
4513,Nadia,Johnson,Real Estate,University of Tartu,28
4514,Philip,Horvath,Manufacturing,National and Kapodistrian University of Athens,23
4515,Liam,Scott,Advertising & Marketing,University of Lisbon,25
4516,Andreas,Novak,Retail,Stockholm University,21
4517,Nikos,Lewis,IT Services,University of Geneva,35
4518,James,Rossi,Business Products & Services,KU Leuven,28
4519,Victoria,Green,Business Products & Services,National and Kapodistrian University of Athens,22
4520,Richard,Davis,Software,Aristotle University of Thessaloniki,32
4521,Philip,Perez,Health,Technion – Israel Institute of Technology,35
4522,Martin,Sanchez,Travel & Hospitality,University of Ljubljana,19
4523,Peter,Williams,IT Management,Eindhoven University of Technology,39
4524,Elisa,White,Construction,National and Kapodistrian University of Athens,28
4525,Harris,Hall,Advertising & Marketing,Imperial College London,30
4526,Athena,Baker,Financial Services,EPFL,21
4527,Christina,Novak,IT System Development,Imperial College London,39
4528,Martin,Hall,Consumer Products & Services,University of Cambridge,24
4529,Timothy,Jones,Advertising & Marketing,Stockholm University,28
4530,Jason,Jones,Software,University of Amsterdam,39
4531,Eva,Miller,Retail,Aristotle University of Thessaloniki,21
4532,Rebecca,Thompson,Food & Beverage,University College Dublin,32
4533,Alice,Lombardi,Health,University of Lisbon,18
4534,Anna,Clark,Manufacturing,University College London,40
4535,Alex,Sanchez,Environmental Services,Sciences Po,20
4536,Nikoleta,Walker,Retail,University of Porto,31
4537,Oscar,King,IT Management,University of Belgrade,23
4538,Diana,Jackson,Logistics & Transportation,University of Patras,35
4539,James,Martinez,Health,University of Patras,18
4540,Leo,Garcia,Consumer Products & Services,Aristotle University of Thessaloniki,23
4541,Nadia,Johnson,IT Management,University of Oxford,23
4542,Alexandra,Taylor,Business Products & Services,University of Groningen,38
4543,Laura,Miller,Telecommunications,University of Patras,33
4544,Paula,Adams,Real Estate,Leiden University,22
4545,Christopher,Thomas,IT Management,Chalmers University of Technology,34
4546,Henry,Lombardi,Software,Leiden University,27
4547,Arthur,Hernandez,Government Services,University of Barcelona,38
4548,Julia,Young,Logistics & Transportation,University of Patras,35
4549,Joseph,Lombardi,Health,National and Kapodistrian University of Athens,24
4550,Benjamin,Green,Software,Technion – Israel Institute of Technology,20
4551,Thomas,Lewis,Energy,University of Strasbourg,30
4552,Diana,Baker,Consumer Products & Services,University of Patras,32
4553,Alice,Thompson,Real Estate,Aristotle University of Thessaloniki,37
4554,Robert,Sanchez,IT Management,Lund University,36
4555,Bianca,Jones,Real Estate,Sapienza University of Rome,20
4556,Alice,Lombardi,IT Management,Sciences Po,21
4557,George,Thomas,Food & Beverage,Aristotle University of Thessaloniki,22
4558,Leo,Nelson,IT Management,Uppsala University,18
4559,Irene,Perez,Software,National and Kapodistrian University of Athens,21
4560,Benjamin,Garcia,IT Management,University of Patras,29
4561,Sofia,Baker,IT Management,University of Patras,27
4562,Paula,Williams,Advertising & Marketing,Aristotle University of Thessaloniki,40
4563,Alexandra,Martin,Logistics & Transportation,University of Patras,38
4564,Mark,Hernandez,Government Services,University of Copenhagen,37
4565,Stella,Anderson,Health,University of Tartu,30
4566,Victor,Lee,Engineering,University of Oxford,40
4567,Patricia,Martinez,IT System Development,Imperial College London,31
4568,Nikos,Schmidt,Business Products & Services,The University of Edinburgh,40
4569,Laura,Novak,Logistics & Transportation,University of Oxford,22
4570,Natalie,Walker,Business Products & Services,University of Cambridge,21
4571,Anna,Smith,Construction,KTH Royal Institute of Technology,31
4572,Matthew,Lewis,Health,University of Zurich,27
4573,Samuel,Brown,Government Services,University of Warsaw,34
4574,Catherine,King,Advertising & Marketing,Aristotle University of Thessaloniki,27
4575,Peter,Smith,Food & Beverage,National and Kapodistrian University of Athens,24
4576,David,Garcia,Logistics & Transportation,KTH Royal Institute of Technology,33
4577,Peter,Scott,Security,EPFL,18
4578,Penelope,Lombardi,Financial Services,University of Groningen,34
4579,Daniel,White,Logistics & Transportation,University of Belgrade,38
4580,Eleni,Nelson,Advertising & Marketing,National and Kapodistrian University of Athens,26
4581,Katerina,Scott,Business Products & Services,Imperial College London,23
4582,Vasilis,Smith,Consumer Products & Services,Sapienza University of Rome,36
4583,Spyros,Lee,Health,Aristotle University of Thessaloniki,30
4584,Bianca,Martinez,Construction,University of Strasbourg,20
4585,Christos,Gonzalez,Advertising & Marketing,National and Kapodistrian University of Athens,24
4586,George,Jackson,Business Products & Services,Aristotle University of Thessaloniki,39
4587,James,Sanchez,IT Management,University of Copenhagen,26
4588,Oscar,Moore,IT Services,Jagiellonian University,39
4589,Katerina,Hernandez,Real Estate,Jagiellonian University,22
4590,Andreas,Lombardi,Food & Beverage,National and Kapodistrian University of Athens,27
4591,Liam,Sanchez,Financial Services,University of Patras,40
4592,Evelyn,Sanchez,Consumer Products & Services,Uppsala University,34
4593,Marina,Sanchez,Advertising & Marketing,Stockholm University,29
4594,Diana,Moore,Consumer Products & Services,Tel Aviv University,40
4595,Elisa,Davis,IT Management,Aristotle University of Thessaloniki,33
4596,Thomas,Thomas,Real Estate,University of Patras,20
4597,Evelyn,Robinson,Health,Politecnico di Milano,39
4598,Marina,Baker,Business Products & Services,National and Kapodistrian University of Athens,26
4599,Catherine,Rossi,Construction,KU Leuven,32
4600,Oscar,Rossi,Construction,Imperial College London,22
4601,Leo,Green,IT Management,Charles University,40
4602,Lucy,Jones,Financial Services,University of Patras,30
4603,George,Anderson,Retail,National and Kapodistrian University of Athens,31
4604,Ivy,Lombardi,Health,Delft University of Technology,37
4605,Victoria,Martinez,Construction,University of Patras,32
4606,Mark,King,Retail,National and Kapodistrian University of Athens,33
4607,Leo,Anderson,Business Products & Services,Politecnico di Milano,40
4608,Sofia,Muller,Government Services,KTH Royal Institute of Technology,30
4609,Robert,Jones,Advertising & Marketing,University of Oxford,34
4610,Noah,Sanchez,Software,National and Kapodistrian University of Athens,40
4611,Elisa,King,Media,University of Patras,25
4612,Andrew,Jones,Construction,EPFL,38
4613,Jasmine,Adams,Real Estate,National and Kapodistrian University of Athens,19
4614,Philip,Taylor,IT Management,Leiden University,22
4615,Maya,Jackson,Health,University of Oxford,23
4616,Paul,Rossi,Business Products & Services,University of Porto,29
4617,Angelina,Muller,Real Estate,The University of Manchester,35
4618,Martin,Perez,Health,Technical University of Munich,39
4619,Theodora,Rossi,Software,National and Kapodistrian University of Athens,39
4620,Angelina,Lewis,Construction,University of Oslo,18
4621,Eleni,Martin,Software,National and Kapodistrian University of Athens,34
4622,Nadia,Thompson,Security,University of Patras,28
4623,Leo,Perez,Insurance,National and Kapodistrian University of Athens,27
4624,Kostas,Brown,Financial Services,Tel Aviv University,36
4625,Henry,Muller,Advertising & Marketing,University of Patras,31
4626,Diana,Hall,Construction,University of Bern,27
4627,Marta,Williams,Health,Charles University,32
4628,Chloe,Gonzalez,Financial Services,Uppsala University,36
4629,Laura,Nielsen,Business Products & Services,University of Belgrade,21
4630,Peter,Walker,Government Services,University of Patras,19
4631,Peter,Johnson,IT Management,Delft University of Technology,26
4632,Andrew,Hernandez,Business Products & Services,University of Patras,27
4633,Andrew,Lombardi,Software,Aristotle University of Thessaloniki,28
4634,Georgia,Dubois,Logistics & Transportation,Sapienza University of Rome,31
4635,Paula,Lewis,Software,Chalmers University of Technology,24
4636,Bianca,Walker,Energy,Aristotle University of Thessaloniki,40
4637,Claire,Young,Government Services,University of Oslo,32
4638,Nicole,Carter,Business Products & Services,University of Patras,39
4639,Dimitris,Martin,Telecommunications,National and Kapodistrian University of Athens,36
4640,Jasmine,Schmidt,Software,Ghent University,39
4641,Daniel,Martinez,Advertising & Marketing,University of Ljubljana,32
4642,Laura,Sanchez,Media,Leiden University,25
4643,Robert,Mitchell,Business Products & Services,Aarhus University,28
4644,Henry,King,Insurance,Aristotle University of Thessaloniki,26
4645,Noah,Perez,Logistics & Transportation,The University of Manchester,32
4646,Harris,Bianchi,Energy,University of Cambridge,18
4647,Veronica,Muller,Manufacturing,Aristotle University of Thessaloniki,18
4648,Lucas,Rossi,Media,Aarhus University,36
4649,Benjamin,Taylor,Consumer Products & Services,Technion – Israel Institute of Technology,20
4650,Victoria,Jackson,Software,National and Kapodistrian University of Athens,27
4651,Sofia,Carter,Financial Services,Lund University,25
4652,Lucy,Scott,Business Products & Services,Lund University,32
4653,Hugo,Lopez,Business Products & Services,University of Tartu,27
4654,Oscar,Wright,Consumer Products & Services,Leiden University,18
4655,Thomas,Nielsen,Travel & Hospitality,University of Helsinki,35
4656,Spyros,Jones,Advertising & Marketing,National and Kapodistrian University of Athens,19
4657,Hugo,Hall,Business Products & Services,University of Patras,36
4658,David,Carter,Construction,University of Oxford,30
4659,Athena,Johnson,Media,EPFL,39
4660,Bianca,Perez,Food & Beverage,University College London,18
4661,Paul,Jones,Consumer Products & Services,University of Patras,19
4662,Hugo,Baker,Health,Aristotle University of Thessaloniki,33
4663,Matthew,Miller,Financial Services,Sapienza University of Rome,32
4664,Theodora,Horvath,Health,University of Tartu,30
4665,Lucy,Nielsen,Consumer Products & Services,Charles University,33
4666,Laura,Anderson,Consumer Products & Services,Technical University of Munich,34
4667,Alex,Nielsen,IT Services,National and Kapodistrian University of Athens,38
4668,Anna,Bianchi,Media,Pompeu Fabra University,24
4669,Gregory,Williams,Advertising & Marketing,University of Groningen,34
4670,Zoe,Lewis,Advertising & Marketing,University of Vienna,24
4671,Sara,White,IT Services,Jagiellonian University,30
4672,Dimitris,Walker,Software,University of Zurich,22
4673,Zoe,White,Advertising & Marketing,Trinity College Dublin,34
4674,William,Allen,Consumer Products & Services,ETH Zurich,20
4675,Emily,Bianchi,Energy,Technical University of Munich,24
4676,Claire,Harris,Business Products & Services,Aristotle University of Thessaloniki,34
4677,Nadia,Lee,IT System Development,National and Kapodistrian University of Athens,24
4678,Philip,Green,IT Management,KU Leuven,38
4679,Laura,Carter,Telecommunications,University of Patras,18
4680,Grace,Gonzalez,Manufacturing,University of Zurich,34
4681,John,Lee,Software,Jagiellonian University,34
4682,Andrew,Sanchez,Consumer Products & Services,National and Kapodistrian University of Athens,28
4683,Henry,King,Government Services,University of Belgrade,20
4684,Leo,Wright,Construction,Delft University of Technology,32
4685,Claire,Robinson,Advertising & Marketing,University of Patras,38
4686,Vasilis,Muller,Financial Services,University of Amsterdam,28
4687,Oscar,Novak,Software,University of Bern,33
4688,Natalie,Nelson,Security,Aristotle University of Thessaloniki,39
4689,Athena,Novak,Food & Beverage,Technical University of Munich,26
4690,Victor,Baker,Health,Aristotle University of Thessaloniki,18
4691,Athena,Kowalski,Engineering,Aristotle University of Thessaloniki,39
4692,Victoria,Carter,Advertising & Marketing,Pompeu Fabra University,33
4693,Vasilis,Carter,Advertising & Marketing,University of Bern,26
4694,Catherine,Lombardi,Insurance,National and Kapodistrian University of Athens,36
4695,William,Adams,Manufacturing,National and Kapodistrian University of Athens,29
4696,Paul,Martinez,Business Products & Services,University of Belgrade,36
4697,Nikoleta,Sanchez,Advertising & Marketing,Tel Aviv University,39
4698,Chloe,Harris,IT Management,National and Kapodistrian University of Athens,26
4699,Nadia,Miller,Manufacturing,University of Helsinki,24
4700,Angelina,Novak,IT Management,Aristotle University of Thessaloniki,31
4701,Grace,Wright,Software,University of Patras,36
4702,Paul,Harris,Real Estate,Eindhoven University of Technology,36
4703,Anthony,Green,Consumer Products & Services,National and Kapodistrian University of Athens,19
4704,Timothy,Scott,Construction,University of Copenhagen,26
4705,Peter,Mitchell,IT Management,National and Kapodistrian University of Athens,30
4706,Eva,Rossi,Health,Eindhoven University of Technology,32
4707,Max,Jones,Construction,University of Oslo,20
4708,Ivy,Thompson,IT Management,Lund University,28
4709,Eva,Rossi,IT System Development,National and Kapodistrian University of Athens,38
4710,Anna,White,Insurance,Technion – Israel Institute of Technology,31
4711,Harris,White,Logistics & Transportation,Ludwig Maximilian University of Munich,25
4712,Lydia,Lopez,Advertising & Marketing,University of Geneva,35
4713,Theodora,Carter,Business Products & Services,ETH Zurich,36
4714,Andrew,King,Construction,University of Oslo,33
4715,Maya,Martin,Education,National and Kapodistrian University of Athens,19
4716,Stephen,Gonzalez,Software,National and Kapodistrian University of Athens,25
4717,Alice,Gonzalez,Real Estate,National and Kapodistrian University of Athens,39
4718,Maria,Jackson,Construction,The University of Edinburgh,23
4719,Nadia,Adams,Advertising & Marketing,University of Ljubljana,29
4720,Chloe,Hernandez,Advertising & Marketing,Ludwig Maximilian University of Munich,32
4721,Daniel,Clark,Health,KTH Royal Institute of Technology,25
4722,Samuel,Lee,Advertising & Marketing,University of Lisbon,21
4723,Roxanne,Hernandez,Food & Beverage,National and Kapodistrian University of Athens,32
4724,Nicole,Harris,Business Products & Services,University of Zurich,37
4725,Angelina,Scott,Software,Pompeu Fabra University,34
4726,Roxanne,Kowalski,Engineering,National and Kapodistrian University of Athens,30
4727,Theodora,Perez,Food & Beverage,Aristotle University of Thessaloniki,35
4728,Alice,White,Retail,University of Oslo,19
4729,Bianca,Thompson,Business Products & Services,University of Barcelona,30
4730,Victoria,Carter,Business Products & Services,University of Amsterdam,30
4731,Alice,Hall,IT Management,University of Lisbon,39
4732,Stephen,Lombardi,Advertising & Marketing,Technion – Israel Institute of Technology,32
4733,Anthony,Lombardi,Telecommunications,University of Geneva,37
4734,Catherine,Hernandez,Business Products & Services,Leiden University,27
4735,Penelope,Nielsen,Health,University of Bern,20
4736,Kostas,Mitchell,Consumer Products & Services,University of Ljubljana,36
4737,Richard,Martinez,Health,Utrecht University,20
4738,Veronica,Nielsen,Software,Pompeu Fabra University,39
4739,Robert,Novak,Human Resources,National and Kapodistrian University of Athens,31
4740,Robert,Lopez,Energy,National and Kapodistrian University of Athens,25
4741,Max,Hernandez,Logistics & Transportation,Technical University of Munich,40
4742,Samuel,Kowalski,Consumer Products & Services,Delft University of Technology,21
4743,Paul,Kowalski,Manufacturing,Technical University of Munich,37
4744,Lydia,Lewis,Consumer Products & Services,Stockholm University,28
4745,Stephen,Horvath,Government Services,National and Kapodistrian University of Athens,28
4746,Adrian,Green,Business Products & Services,Aristotle University of Thessaloniki,28
4747,Thomas,Baker,Government Services,National and Kapodistrian University of Athens,19
4748,Christina,Gonzalez,Software,National and Kapodistrian University of Athens,34
4749,Henry,Moore,Business Products & Services,University of Bern,26
4750,Liam,Allen,Real Estate,University of Tartu,19
4751,Veronica,Nelson,Health,University College London,32
4752,Hugo,Scott,Human Resources,The University of Manchester,33
4753,Eleni,Thomas,Human Resources,University of Barcelona,21
4754,Vasilis,Garcia,Real Estate,University of Warsaw,25
4755,Christopher,Dubois,Software,Aristotle University of Thessaloniki,26
4756,Georgia,Dubois,Construction,Tel Aviv University,22
4757,Alex,Lopez,Advertising & Marketing,Utrecht University,33
4758,Noah,Rossi,Business Products & Services,Aristotle University of Thessaloniki,30
4759,Claire,Jackson,Telecommunications,Jagiellonian University,24
4760,Irene,Moore,Business Products & Services,National and Kapodistrian University of Athens,37
4761,Robert,Carter,Advertising & Marketing,University of Belgrade,34
4762,John,Rossi,Energy,University of Patras,20
4763,Sara,Harris,Manufacturing,National and Kapodistrian University of Athens,22
4764,Daniel,Thomas,Advertising & Marketing,University of Patras,36
4765,Sara,Bianchi,Construction,National and Kapodistrian University of Athens,29
4766,Roxanne,Wright,Retail,KU Leuven,24
4767,Max,Lewis,Travel & Hospitality,University of Groningen,26
4768,Martin,Jackson,Health,University College London,23
4769,Helen,Walker,Computer Hardware,Politecnico di Milano,34
4770,Rebecca,Sanchez,Software,Aristotle University of Thessaloniki,33
4771,Henry,Horvath,Manufacturing,University of Barcelona,40
4772,Maria,White,Engineering,Jagiellonian University,20
4773,Marina,Adams,Health,National and Kapodistrian University of Athens,38
4774,Elisa,Allen,Health,ETH Zurich,21
4775,William,Green,Construction,Charles University,27
4776,Eva,Harris,Advertising & Marketing,Politecnico di Milano,22
4777,Veronica,Anderson,Financial Services,University of Oxford,38
4778,Christos,Thompson,Real Estate,University of Vienna,39
4779,Stella,Carter,Advertising & Marketing,National and Kapodistrian University of Athens,27
4780,Timothy,Jones,Advertising & Marketing,University of Lisbon,29
4781,Jack,Thompson,Business Products & Services,Technion – Israel Institute of Technology,27
4782,Roxanne,Garcia,Retail,Tel Aviv University,30
4783,Laura,Robinson,Real Estate,Aristotle University of Thessaloniki,28
4784,Georgia,Baker,Logistics & Transportation,EPFL,39
4785,Paula,Walker,Financial Services,Uppsala University,33
4786,Katerina,Smith,Logistics & Transportation,Trinity College Dublin,25
4787,Stella,Jones,Advertising & Marketing,Politecnico di Milano,25
4788,Jason,Hernandez,Advertising & Marketing,Chalmers University of Technology,25
4789,Helen,Thompson,Health,University of Patras,30
4790,Laura,Wright,Real Estate,National and Kapodistrian University of Athens,19
4791,Paula,Allen,Retail,University of Geneva,29
4792,Paula,Baker,Construction,University of Patras,27
4793,Marina,Nelson,Retail,Trinity College Dublin,29
4794,Maya,White,Security,National and Kapodistrian University of Athens,28
4795,Dimitris,King,Education,University of Cambridge,32
4796,Jasmine,Adams,Software,University of Amsterdam,33
4797,Leo,Perez,Travel & Hospitality,University of Patras,34
4798,Zoe,Hernandez,Health,Pompeu Fabra University,19
4799,Stephen,White,Human Resources,Stockholm University,35
4800,Eleni,Brown,Consumer Products & Services,Pompeu Fabra University,29
4801,Henry,Hall,Construction,University of Vienna,36
4802,Thomas,Rossi,Food & Beverage,Aristotle University of Thessaloniki,40
4803,Stephen,Wright,Advertising & Marketing,University of Patras,35
4804,Irene,Carter,IT Management,The University of Edinburgh,34
4805,Diana,Davis,Business Products & Services,University of Copenhagen,23
4806,Richard,Sanchez,Advertising & Marketing,Ghent University,32
4807,William,Hall,Construction,Pompeu Fabra University,20
4808,Athena,Robinson,Business Products & Services,Tel Aviv University,23
4809,Eva,Gonzalez,Advertising & Marketing,Jagiellonian University,20
4810,Victor,Garcia,Business Products & Services,Sapienza University of Rome,18
4811,Nikoleta,Martinez,Construction,Chalmers University of Technology,30
4812,Irene,Thomas,Construction,National and Kapodistrian University of Athens,38
4813,Elisa,Garcia,Energy,University of Geneva,31
4814,Benjamin,Lewis,Business Products & Services,ETH Zurich,30
4815,George,Muller,Financial Services,The University of Edinburgh,21
4816,Eva,Brown,Advertising & Marketing,University of Ljubljana,24
4817,Marina,Williams,Construction,University of Patras,39
4818,Michael,Jones,Construction,University of Porto,27
4819,Catherine,White,Software,Imperial College London,24
4820,Andrew,Davis,Manufacturing,University of Ljubljana,38
4821,Roman,Baker,IT System Development,University of Copenhagen,32
4822,Penelope,Green,Manufacturing,University of Oslo,32
4823,Liam,White,Government Services,National and Kapodistrian University of Athens,21
4824,Stella,Martinez,Real Estate,Aristotle University of Thessaloniki,40
4825,Laura,Davis,IT Management,ETH Zurich,40
4826,Julia,Schmidt,Health,The University of Manchester,23
4827,Henry,Kowalski,Telecommunications,University of Belgrade,37
4828,Veronica,Hall,Health,Technion – Israel Institute of Technology,22
4829,Claire,Moore,Logistics & Transportation,University of Patras,37
4830,Andrew,Williams,IT System Development,Aristotle University of Thessaloniki,29
4831,Eleni,Lombardi,Consumer Products & Services,University of Geneva,18
4832,Oscar,Adams,Software,University of Vienna,25
4833,Claire,Brown,Energy,Politecnico di Milano,18
4834,Robert,Smith,Retail,Technical University of Munich,22
4835,Kostas,Garcia,Software,University of Patras,39
4836,Joseph,Harris,Software,University of Patras,23
4837,Paula,Mitchell,Engineering,Aristotle University of Thessaloniki,38
4838,Angelina,Dubois,Advertising & Marketing,University of Belgrade,20
4839,Joseph,White,Human Resources,The University of Manchester,32
4840,Victoria,Lopez,Advertising & Marketing,University of Patras,22
4841,Timothy,Hall,IT Services,University of Patras,31
4842,Nicholas,Jackson,Education,Sciences Po,35
4843,Jasmine,Martin,Construction,KTH Royal Institute of Technology,33
4844,Roxanne,Martin,Business Products & Services,University of Groningen,23
4845,Victor,Mitchell,Construction,Aalto University,31
4846,Timothy,Carter,IT Management,University of Oslo,25
4847,Victor,Adams,Government Services,University of Copenhagen,24
4848,Emily,Muller,Advertising & Marketing,University of Barcelona,25
4849,Kostas,White,Business Products & Services,Aristotle University of Thessaloniki,30
4850,George,Baker,Human Resources,Sciences Po,23
4851,Stephen,Clark,IT Management,ETH Zurich,35
4852,Katerina,Jackson,Business Products & Services,Aristotle University of Thessaloniki,19
4853,Laura,Anderson,Engineering,Technical University of Munich,25
4854,Penelope,Johnson,Telecommunications,University of Groningen,28
4855,Victoria,Baker,Software,National and Kapodistrian University of Athens,18
4856,Jasmine,Nelson,Government Services,University of Patras,39
4857,Hugo,Gonzalez,Environmental Services,Aalto University,23
4858,James,Muller,Health,University of Vienna,33
4859,Robert,Martin,Media,National and Kapodistrian University of Athens,37
4860,Veronica,Taylor,Consumer Products & Services,Lund University,29
4861,Natalie,Robinson,Advertising & Marketing,Pompeu Fabra University,28
4862,Richard,Moore,Food & Beverage,National and Kapodistrian University of Athens,27
4863,Diana,Green,Health,National and Kapodistrian University of Athens,20
4864,Nikoleta,Mitchell,Food & Beverage,University of Ljubljana,30
4865,Sara,Johnson,Consumer Products & Services,Sapienza University of Rome,20
4866,Nikos,Taylor,Business Products & Services,Aristotle University of Thessaloniki,32
4867,Kostas,Miller,Manufacturing,Aristotle University of Thessaloniki,33
4868,David,Adams,Software,University of Strasbourg,30
4869,Benjamin,Schmidt,Logistics & Transportation,University College Dublin,34
4870,Nicole,Mitchell,Consumer Products & Services,Aristotle University of Thessaloniki,20
4871,Roxanne,White,Advertising & Marketing,Technion – Israel Institute of Technology,37
4872,Diana,Wright,Financial Services,Politecnico di Milano,28
4873,Sara,Garcia,Consumer Products & Services,University of Geneva,38
4874,Richard,Davis,Engineering,Eindhoven University of Technology,36
4875,Roxanne,Jackson,Advertising & Marketing,Leiden University,39
4876,Irene,Perez,Business Products & Services,National and Kapodistrian University of Athens,28
4877,Timothy,Martin,Energy,Aristotle University of Thessaloniki,33
4878,Sofia,Jackson,Construction,University of Cambridge,38
4879,Mark,Allen,Engineering,Aristotle University of Thessaloniki,20
4880,Dimitris,Mitchell,Retail,University of Amsterdam,39
4881,Jasmine,Taylor,Government Services,Politecnico di Milano,23
4882,Julia,Thomas,Government Services,Pompeu Fabra University,31
4883,Hugo,Martin,Advertising & Marketing,University of Patras,35
4884,Zoe,White,Logistics & Transportation,KU Leuven,34
4885,Lucy,Davis,Software,The University of Edinburgh,21
4886,Chloe,Smith,Software,KU Leuven,40
4887,Benjamin,Jackson,Advertising & Marketing,University of Patras,32
4888,Alexandra,Lombardi,Business Products & Services,University of Oxford,28
4889,Andreas,Lee,Advertising & Marketing,University of Oslo,20
4890,Sara,Hall,Human Resources,University of Patras,20
4891,George,Nelson,Food & Beverage,University of Warsaw,33
4892,Roman,Carter,Software,University of Patras,22
4893,Roxanne,Robinson,Construction,University College London,38
4894,Spyros,Young,Financial Services,Trinity College Dublin,27
4895,Natalie,Moore,Real Estate,National and Kapodistrian University of Athens,36
4896,Leo,Martin,Travel & Hospitality,University of Vienna,21
4897,Julia,Davis,Logistics & Transportation,University of Belgrade,36
4898,Penelope,Miller,Travel & Hospitality,Ludwig Maximilian University of Munich,28
4899,Elisa,Perez,Consumer Products & Services,University of Vienna,19
4900,Lucas,Horvath,Telecommunications,University of Cambridge,27
4901,Michael,Young,Insurance,University of Patras,28
4902,Olivia,Young,Construction,Sciences Po,37
4903,Jack,Anderson,Computer Hardware,Sciences Po,33
4904,Martin,Schmidt,Consumer Products & Services,National and Kapodistrian University of Athens,36
4905,Paula,Robinson,Software,University of Ljubljana,40
4906,Joseph,Mitchell,Manufacturing,Aristotle University of Thessaloniki,28
4907,Maria,Muller,Real Estate,University of Patras,31
4908,Evelyn,Robinson,Food & Beverage,University of Bern,19
4909,Nadia,Johnson,Health,National and Kapodistrian University of Athens,40
4910,Marina,Green,IT Management,National and Kapodistrian University of Athens,22
4911,Leah,Muller,Education,National and Kapodistrian University of Athens,22
4912,Elisa,White,Health,Leiden University,36
4913,Christopher,Moore,Advertising & Marketing,The University of Manchester,38
4914,Spyros,Kowalski,Consumer Products & Services,Imperial College London,29
4915,Olivia,Wright,Real Estate,University College London,35
4916,Alice,Hall,IT Management,Aristotle University of Thessaloniki,21
4917,Oscar,Scott,Business Products & Services,National and Kapodistrian University of Athens,39
4918,Noah,Harris,Construction,National and Kapodistrian University of Athens,34
4919,Laura,Gonzalez,Business Products & Services,Aristotle University of Thessaloniki,27
4920,Angelina,Johnson,IT Management,Aalto University,37
4921,Nikoleta,Wright,Construction,Aristotle University of Thessaloniki,23
4922,Dimitris,King,Energy,Sciences Po,31
4923,Paul,Mitchell,Consumer Products & Services,University of Geneva,28
4924,Lucas,Robinson,Government Services,Trinity College Dublin,28
4925,Patricia,Young,Retail,University of Geneva,35
4926,Christopher,Carter,Software,University of Zurich,40
4927,Isabella,Moore,Construction,National and Kapodistrian University of Athens,39
4928,Evelyn,Lewis,Engineering,National and Kapodistrian University of Athens,35
4929,George,Anderson,Software,National and Kapodistrian University of Athens,40
4930,David,Horvath,Advertising & Marketing,National and Kapodistrian University of Athens,28
4931,Natalie,Jones,Consumer Products & Services,Ludwig Maximilian University of Munich,38
4932,Alexandra,Carter,Health,Politecnico di Milano,29
4933,Oscar,Novak,Financial Services,University of Vienna,22
4934,Peter,Kowalski,Government Services,Trinity College Dublin,40
4935,Philip,Robinson,Software,National and Kapodistrian University of Athens,26
4936,Nicole,Taylor,Government Services,Aristotle University of Thessaloniki,26
4937,Sofia,Walker,Manufacturing,University of Oslo,39
4938,Michael,Moore,Consumer Products & Services,National and Kapodistrian University of Athens,27
4939,Daniel,Moore,Government Services,University of Lisbon,39
4940,Nadia,Gonzalez,Advertising & Marketing,Pompeu Fabra University,36
4941,Victoria,Clark,Construction,Ghent University,18
4942,Georgia,Walker,Advertising & Marketing,National and Kapodistrian University of Athens,24
4943,Jack,White,Consumer Products & Services,University of Patras,21
4944,Harris,Jackson,Construction,Aristotle University of Thessaloniki,18
4945,Eva,Horvath,Business Products & Services,Trinity College Dublin,32
4946,Dimitris,Lopez,Advertising & Marketing,Aristotle University of Thessaloniki,25
4947,Jason,Martin,Health,University of Oxford,29
4948,Thomas,Robinson,Security,National and Kapodistrian University of Athens,39
4949,Oscar,Carter,Financial Services,University of Amsterdam,39
4950,Stella,Sanchez,Consumer Products & Services,University of Ljubljana,35
4951,Vasilis,Johnson,Energy,Aristotle University of Thessaloniki,32
4952,Sara,Kowalski,Advertising & Marketing,University of Patras,34
4953,Leo,Adams,Government Services,University of Belgrade,31
4954,Nicholas,Jackson,Software,ETH Zurich,31
4955,John,Bianchi,Engineering,Utrecht University,35
4956,Katerina,Novak,Manufacturing,National and Kapodistrian University of Athens,37
4957,Stella,Jones,Business Products & Services,The University of Edinburgh,35
4958,Gregory,Young,Consumer Products & Services,Aristotle University of Thessaloniki,33
4959,Daniel,Horvath,IT Services,National and Kapodistrian University of Athens,18
4960,Sara,Johnson,Financial Services,The University of Edinburgh,40
4961,Nikoleta,Robinson,Financial Services,Chalmers University of Technology,28
4962,Roman,Adams,Advertising & Marketing,National and Kapodistrian University of Athens,32
4963,John,Clark,Government Services,ETH Zurich,29
4964,Jasmine,Lewis,Advertising & Marketing,University of Bern,25
4965,Arthur,Robinson,Advertising & Marketing,Aristotle University of Thessaloniki,39
4966,Veronica,Johnson,Financial Services,University of Ljubljana,37
4967,Anna,Wright,Health,Pompeu Fabra University,23
4968,Thomas,Hall,Software,University of Tartu,20
4969,Sofia,Dubois,Consumer Products & Services,Jagiellonian University,30
4970,Nikos,Young,Financial Services,Sapienza University of Rome,30
4971,Elisa,Hall,Logistics & Transportation,Aristotle University of Thessaloniki,19
4972,Christos,Miller,Software,Uppsala University,22
4973,Benjamin,Hall,Business Products & Services,The University of Edinburgh,34
4974,David,Thompson,Consumer Products & Services,Jagiellonian University,23
4975,Catherine,Clark,Travel & Hospitality,National and Kapodistrian University of Athens,19
4976,Lucy,Martin,Manufacturing,Technion – Israel Institute of Technology,21
4977,David,White,Construction,University of Porto,39
4978,Vasilis,Lewis,Logistics & Transportation,Aristotle University of Thessaloniki,28
4979,Zoe,Thompson,Telecommunications,Aarhus University,25
4980,Spyros,Sanchez,Health,Aristotle University of Thessaloniki,29
4981,Daniel,Taylor,Insurance,Technion – Israel Institute of Technology,25
4982,Leah,Taylor,Business Products & Services,University of Warsaw,28
4983,Christopher,Martin,IT Services,University of Strasbourg,39
4984,Ivy,Nelson,Food & Beverage,University of Barcelona,37
4985,Adrian,Bianchi,Construction,University of Helsinki,25
4986,Timothy,Scott,Health,Aristotle University of Thessaloniki,25
4987,Stella,Carter,Advertising & Marketing,Ghent University,34
4988,Arthur,Scott,Business Products & Services,Chalmers University of Technology,37
4989,Samuel,Hernandez,Business Products & Services,KU Leuven,37
4990,Timothy,Williams,Logistics & Transportation,Charles University,40
4991,Laura,Robinson,Media,Pompeu Fabra University,33
4992,Marta,Lewis,Advertising & Marketing,The University of Edinburgh,31
4993,Paul,Brown,Telecommunications,University of Groningen,28
4994,Diana,Muller,Advertising & Marketing,University of Bern,24
4995,Marta,Martin,Software,Eindhoven University of Technology,33
4996,Christos,Miller,Construction,Trinity College Dublin,30
4997,Liam,Horvath,Construction,University of Helsinki,32
4998,Michael,Taylor,Consumer Products & Services,University of Strasbourg,33
4999,Mark,Miller,Business Products & Services,Trinity College Dublin,38
5000,Veronica,Mitchell,Advertising & Marketing,University of Patras,40
